turnover_penalty,expected_return,cvar_loss_signed,cvar_downside_magnitude,turnover,passes_turnover_gate
0.0,0.01432,-0.00212,0.0,0.9,False
0.0002,0.01432,-0.00212,0.0,0.9,False
0.001,0.01432,-0.00212,0.0,0.9,False
0.002,0.01432,-0.00212,0.0,0.9,False
0.005,0.01432,-0.00212,0.0,0.9,False
0.01,0.012840000000000002,-0.00199,0.0,0.7,False
0.02,0.012840000000000002,-0.00199,0.0,0.7,False
0.05,0.004573854166666668,-0.00382125,0.0,0.36375,True
0.1,-0.004368333333333333,0.023459999999999995,0.023459999999999995,0.0,True
