asset,avg_weight,max_weight,min_weight,latest_weight
GLD,0.1869591964143329,0.3366166562401839,0.014662305804412464,0.027838901324275613
CASH,0.15829103613873097,0.17768072379812622,0.15140839816415425,0.15249189951989855
TLT,0.14279920210602562,0.306608013244055,0.017565093425523377,0.017565093425523377
ETH-USD,0.11361490845375809,0.305220577929408,0.0,0.11104514566574328
VIX,0.10554471980606668,0.18778860701403613,0.03117394651300152,0.03193939754509096
BTC-USD,0.1036929289484483,0.2517833105645873,0.013228232097883678,0.14713756551830634
SPY,0.0663967029160699,0.19929373255467028,0.0018806578832695961,0.19929373255467028
DIA,0.06405644886652777,0.19213410251171856,0.004050773994484377,0.08679256433115273
QQQ,0.05864485635003984,0.22589570011533894,0.0007781060803840699,0.22589570011533894
