target_return,BTC-USD,DIA,ETH-USD,GLD,QQQ,SPY,TLT,VIX
-0.00013975779641766582,0.0,0.0,1.1723135805816237e-19,0.0,1.256251539369986e-19,5.764423941016861e-20,1.0,9.61907654822602e-22
-4.9275190526805086e-05,5.2858668691661644e-20,0.128501699995718,0.0,0.0,0.0,1.2685165418080402e-17,0.871498300004282,0.0
4.120741536405565e-05,1.2678389154502367e-17,0.21042502448063308,0.0,0.0,2.4801124695605914e-18,1.111307226797642e-17,0.7821775707219513,0.0073974047974157495
0.0001316900212549164,0.0,0.28516635270748625,2.1006417091906648e-19,0.0,0.0,5.13301966036106e-17,0.698898219698054,0.015935427594459605
0.00022217262714577712,0.0,0.3599076829554867,1.1752582143153417e-19,3.9048218868423246e-18,0.0,1.2180333781516839e-18,0.6156188669704337,0.024473450074079747
0.00031265523303663785,0.0010808941501784328,0.3460309596445588,2.8997114158066904e-18,3.2475243197729875e-18,0.0,0.07162352543814328,0.5491740376577462,0.03209058310937325
0.0004031378389274986,0.003615264690820351,0.3237370746184662,0.0,0.013401364415661051,0.0,0.13199653391722582,0.48933493429938274,0.03791482805844396
0.0004936204448183594,0.006100952070293633,0.3048470824423623,0.0,0.028171014389256954,0.0,0.18803654956971513,0.4292508476633878,0.04359355386498417
0.0005841030507092201,0.008474336766885086,0.27957104868449656,1.0552846000151406e-17,0.04252316708641941,9.464216757027518e-18,0.24992695114972616,0.3702236724163669,0.04928082389610593
0.0006745856566000808,0.010904276064803906,0.25752079170169423,0.0,0.05707819063970304,0.0,0.30887217757335467,0.3106598111858917,0.05496475283455248
0.0007650682624909416,0.013324312179703287,0.23540692922649026,3.2559946492455305e-18,0.07167970077549334,1.3857459017080354e-17,0.3678311442161136,0.251115967704851,0.06064194589734845
0.0008555508683818023,0.01441037102351862,0.3051614489899852,0.0,0.08535714964778678,0.10164386188671119,0.22826678667079983,0.1988432958841516,0.06631708589704684
0.000946033474272663,0.016103642877293337,0.29813864738443235,3.378311500784972e-18,0.09864918293387477,0.1354222471202924,0.23540737736387402,0.14426569130994826,0.07201321101028488
0.0010365160801635237,0.0177976077460831,0.2911715915204291,8.716678748212321e-18,0.11194975435839993,0.16910692084633994,0.24261022076590494,0.08965484602646763,0.07770905873637543
0.0011269986860543845,0.019492211144153854,0.28427449763242546,1.0602734917255704e-18,0.12525621926791836,0.20269285388745392,0.249873950117649,0.03500529530893769,0.08340497264146185
0.0012174812919452452,0.023347307600233354,0.2372405064064824,7.480920543894851e-18,0.1409805426260263,0.261521683289795,0.24775828132886382,0.0,0.08915167874859903
0.001307963897836106,0.030987016544330094,0.1195450739930424,6.579751934271405e-18,0.16096669064068805,0.36636545108117324,0.2271546653499319,0.0,0.09498110239083442
0.0013984465037269666,0.0360045395862528,0.11429177154755728,3.0316367973415477e-18,0.1782380413317266,0.5706157740824319,2.7755575615628914e-17,1.3360356556160486e-18,0.1008498734520314
0.0014889291096178273,0.04618372965110484,4.755242965885642e-18,0.0,0.20057520220632086,0.6449701652502616,0.0,8.422472111023135e-18,0.10827090289231278
0.001579411715508688,0.07568941145720792,0.0,0.0,0.24378851623301667,0.5531464432574973,2.7562452103654933e-18,3.587766866773199e-18,0.12737562905227812
0.0016698943213995488,0.1052103369006277,0.0,0.0,0.28699195675033745,0.4613171261580666,4.786752591523502e-17,2.3310346708438345e-18,0.14648058019096838
0.0017603769272904095,0.13472860377322093,5.632430286062196e-17,3.537209587733958e-17,0.3301957051664577,0.3694899938535919,0.0,2.935477382004503e-17,0.16558569720672983
0.0018508595331812705,0.16425130891133882,9.639065533164487e-17,7.00614831991922e-17,0.3734266520110816,0.27763552121839036,0.0,0.0,0.18468651785918896
0.0019413421390721312,0.19376509885461535,0.0,0.0,0.4166032617128913,0.18583571377000618,0.0,1.0030225348206523e-16,0.20379592566248758
0.002031824744962992,0.22328339755993518,4.092863201132779e-17,2.293087594806842e-17,0.4598070512364873,0.09400851708053833,4.025100565352435e-17,0.0,0.2229010341230392
0.002122307350853853,0.25280164672741406,0.0,0.0,0.5030107421328829,0.002181450156047279,0.0,0.0,0.24200616098365607
0.0022127899567447136,0.25322175693672205,0.0,0.0,0.4726999067389785,1.6402623616990075e-16,0.0,5.18028409881785e-17,0.27407833632429923
0.0023032725626355743,0.25293389279879913,9.693422785587508e-18,3.5654084992257874e-17,0.44060004531292835,0.0,4.9797980486669305e-17,2.3460941016792422e-17,0.3064660618882724
0.002393755168526435,0.2526460147383207,9.864884516902483e-17,0.0,0.4085001988864135,2.3809079707781677e-16,0.0,0.0,0.33885378637526564
0.0024842377744172957,0.2523580651271733,3.7278796148026816e-17,3.193653515466103e-17,0.3764004296420563,0.0,1.235159774299464e-16,4.643072053245835e-20,0.37124150523077043
0.0025747203803081565,0.252070150384334,9.237402509576498e-17,3.4287893704854078e-18,0.34430062273279893,0.0,1.802486111757151e-17,0.0,0.4036292268828672
0.002665202986199017,0.25178229349594466,4.218901703684219e-17,9.414432395552647e-17,0.3122007535769304,8.905365594252812e-17,5.2827750854356204e-17,0.0,0.43601695292712467
0.002755685592089878,0.2514944071330069,0.0,5.675798372961616e-17,0.2801009161692724,0.0,3.3589938556316534e-17,0.0,0.46840467669772096
0.0028461681979807386,0.25120642104168334,1.9599495366517256e-17,0.0,0.24800118617386074,0.0,0.0,4.7774775807510675e-18,0.5007923927844559
0.0029366508038715993,0.2509184748601964,0.0,0.0,0.21590141320747352,1.265128410019023e-16,0.0,1.1519648082658485e-18,0.5331801119323301
0.00302713340976246,0.2506306300461997,5.468444707473763e-18,3.061515884555943e-17,0.1838015310438322,0.0,8.693946170618139e-17,0.0,0.5655678389099682
0.003117616015653321,0.2503426837540568,1.6041624771635678e-19,0.0,0.1517017581241684,3.523104017960094e-17,0.0,0.0,0.5979555581217748
0.0032080986215441815,0.2500547597435502,0.0,0.0,0.11960196124719738,0.0,0.0,0.0,0.6303432790092526
0.0032985812274350422,0.24976686289170769,8.986244605531741e-19,0.0,0.08750213511949073,3.5900625824862483e-17,0.0,0.0,0.6627310019888014
0.003389063833325903,0.24947892985803677,0.0,9.054793140442193e-18,0.05540234796075105,4.705214389674672e-17,3.4344579875244454e-18,0.0,0.6951187221812121
0.0034795464392167637,0.24919100449551423,0.0,0.0,0.023302552539943996,0.0,1.1535326257193662e-18,0.0,0.7275064429645418
0.0035700290451076244,0.240735032692712,2.580465918077948e-18,1.6736030229670815e-18,3.337250690740131e-17,7.994800117228006e-17,1.3241153755283971e-19,1.0613129782589754e-18,0.759264967307288
0.003660511650998485,0.21064315360612287,0.0,6.532059763304803e-19,1.3499574607544855e-17,2.0764334995448248e-18,1.2256464577039379e-18,0.0,0.7893568463938772
0.003750994256889346,0.1805512745534358,0.0,2.1141942363467336e-18,1.0408340855860843e-17,6.6542908336297835e-18,0.0,1.5348237004247922e-18,0.8194487254465641
0.003841476862780207,0.15045939543294484,2.2867607042051603e-18,0.0,3.8905465085209307e-17,6.945859708167811e-19,2.436161672047484e-18,2.236798189836771e-18,0.8495406045670553
0.003931959468671067,0.1203675163463562,0.0,3.563145771217073e-18,3.1354556563504146e-17,1.5701935233649049e-18,3.711406212091051e-18,0.0,0.8796324836536439
0.004022442074561928,0.09027563725976662,0.0,3.2474983411318745e-18,5.5408183698134347e-17,0.0,1.736390962231789e-18,0.0,0.9097243627402334
0.004112924680452788,0.06018375817317814,3.6495871985916757e-19,0.0,0.0,9.848464621144258e-19,0.0,4.697192516979018e-18,0.939816241826822
0.0042034072863436495,0.030091879094755632,3.891269359686256e-18,1.0909784360635388e-18,5.204170427930421e-18,0.0,0.0,2.922263668027336e-20,0.9699081209052444
0.00429388989223451,8.009594608382724e-13,6.505213034913027e-19,7.31158840069912e-18,0.0,0.0,5.322755040546023e-18,0.0,0.999999999999199
