Date,regime,portfolio_beta_to_spy,rolling_beta_20,rolling_beta_60
2024-09-13,normal,0.2698308769767395,,
2024-09-16,normal,0.2698308769767395,,
2024-09-17,normal,0.2698308769767395,,
2024-09-18,normal,0.2698308769767395,,
2024-09-19,normal,0.2698308769767395,,
2024-09-20,bull,0.2357962538487114,,
2024-09-23,normal,0.2698308769767395,,
2024-09-24,bull,0.2357962538487114,,
2024-09-25,normal,0.2698308769767395,,
2024-09-26,bull,0.2357962538487114,,
2024-09-27,normal,0.2698308769767395,,
2024-09-30,bull,0.2357962538487114,,
2024-10-01,normal,0.2698308769767395,,
2024-10-02,bull,0.2357962538487114,,
2024-10-03,normal,0.2698308769767395,,
2024-10-04,bull,0.2357962538487114,,
2024-10-07,normal,0.2698308769767395,,
2024-10-08,bull,0.2357962538487114,,
2024-10-09,bull,0.2357962538487114,,
2024-10-10,normal,0.2698308769767395,0.2562170277255283,
2024-10-11,bull,0.2357962538487114,0.25451529656912686,
2024-10-14,bull,0.2357962538487114,0.2528135654127254,
2024-10-15,normal,0.2698308769767395,0.2528135654127254,
2024-10-16,bull,0.2357962538487114,0.25111183425632405,
2024-10-17,bull,0.2357962538487114,0.24941010309992265,
2024-10-18,bull,0.2357962538487114,0.24941010309992265,
2024-10-21,normal,0.2698308769767395,0.24941010309992265,
2024-10-22,bull,0.2357962538487114,0.24941010309992265,
2024-10-23,normal,0.2698308769767395,0.24941010309992265,
2024-10-24,normal,0.2698308769767395,0.251111834256324,
2024-10-25,normal,0.2698308769767395,0.25111183425632405,
2024-10-28,normal,0.2698308769767395,0.2528135654127254,
2024-10-29,bull,0.2357962538487114,0.251111834256324,
2024-10-30,normal,0.2698308769767395,0.2528135654127255,
2024-10-31,normal,0.2698308769767395,0.2528135654127254,
2024-11-01,normal,0.2698308769767395,0.25451529656912686,
2024-11-04,normal,0.2698308769767395,0.2545152965691269,
2024-11-05,normal,0.2698308769767395,0.2562170277255283,
2024-11-06,bull,0.2357962538487114,0.2562170277255283,
2024-11-07,bull,0.2357962538487114,0.25451529656912686,
2024-11-08,bull,0.2357962538487114,0.25451529656912686,
2024-11-11,normal,0.2698308769767395,0.2562170277255283,
2024-11-12,bull,0.2357962538487114,0.25451529656912686,
2024-11-13,bull,0.2357962538487114,0.25451529656912686,
2024-11-14,normal,0.2698308769767395,0.2562170277255283,
2024-11-15,normal,0.2698308769767395,0.25791875888192967,
2024-11-18,normal,0.2698308769767395,0.2579187588819297,
2024-11-19,normal,0.2698308769767395,0.2596204900383311,
2024-11-20,normal,0.2698308769767395,0.2596204900383311,
2024-11-21,bull,0.2357962538487114,0.2579187588819297,
2024-11-22,bull,0.2357962538487114,0.2562170277255283,
2024-11-25,bull,0.2357962538487114,0.25451529656912686,
2024-11-26,bull,0.2357962538487114,0.25451529656912686,
2024-11-27,normal,0.2698308769767395,0.25451529656912686,
2024-11-29,bull,0.2357962538487114,0.2528135654127255,
2024-12-02,bull,0.2357962538487114,0.25111183425632405,
2024-12-03,bull,0.2357962538487114,0.24941010309992268,
2024-12-04,normal,0.2698308769767395,0.24941010309992265,
2024-12-05,normal,0.2698308769767395,0.25111183425632405,
2024-12-06,bull,0.2357962538487114,0.25111183425632405,0.2539480528503264
2024-12-09,normal,0.2698308769767395,0.2528135654127254,0.2539480528503264
2024-12-10,normal,0.2698308769767395,0.2528135654127255,0.2539480528503264
2024-12-11,normal,0.2698308769767395,0.25451529656912686,0.2539480528503264
2024-12-12,normal,0.2698308769767395,0.2562170277255283,0.2539480528503264
2024-12-13,normal,0.2698308769767395,0.25621702772552823,0.2539480528503264
2024-12-16,normal,0.2698308769767395,0.2562170277255283,0.25451529656912686
2024-12-17,normal,0.2698308769767395,0.25621702772552823,0.25451529656912686
2024-12-18,normal,0.2698308769767395,0.2562170277255283,0.2550825402879273
2024-12-19,normal,0.2698308769767395,0.2562170277255283,0.2550825402879273
2024-12-20,normal,0.2698308769767395,0.25791875888192967,0.2556497840067278
2024-12-23,normal,0.2698308769767395,0.2596204900383311,0.2556497840067278
2024-12-24,normal,0.2698308769767395,0.2613222211947325,0.2562170277255283
2024-12-26,normal,0.2698308769767395,0.2630239523511339,0.2562170277255283
2024-12-27,normal,0.2698308769767395,0.26302395235113385,0.25678427144432875
2024-12-30,normal,0.2698308769767395,0.2647256835075353,0.2567842714443287
2024-12-31,normal,0.2698308769767395,0.2664274146639367,0.2573515151631292
2025-01-02,crisis,0.21695230318970155,0.26548521713098616,0.25647020560001194
2025-01-03,normal,0.2698308769767395,0.2654852171309862,0.2570374493188124
2025-01-06,normal,0.2698308769767395,0.26548521713098616,0.25760469303761285
2025-01-07,crisis,0.21695230318970155,0.2645430195980357,0.2567233834744955
2025-01-08,normal,0.2698308769767395,0.2645430195980357,0.257290627193296
2025-01-10,crisis,0.21695230318970155,0.2618990909086838,0.25697656134897917
2025-01-13,normal,0.2698308769767395,0.26189909090868385,0.25697656134897917
2025-01-14,normal,0.2698308769767395,0.2618990909086838,0.2575438050677797
2025-01-15,normal,0.2698308769767395,0.26189909090868385,0.25811104878658014
2025-01-16,crisis,0.21695230318970155,0.2592551622193319,0.2577969829422633
2025-01-17,normal,0.2698308769767395,0.2592551622193319,0.2577969829422633
2025-01-21,bull,0.2357962538487114,0.2575534310629305,0.2577969829422633
2025-01-22,normal,0.2698308769767395,0.2575534310629305,0.2577969829422633
2025-01-23,bull,0.2357962538487114,0.2558516999065291,0.2572297392234628
2025-01-24,bull,0.2357962538487114,0.2541499687501277,0.25666249550466236
2025-01-27,normal,0.2698308769767395,0.25414996875012774,0.25666249550466236
2025-01-28,normal,0.2698308769767395,0.25414996875012774,0.2572297392234628
2025-01-29,normal,0.2698308769767395,0.25414996875012774,0.2572297392234628
2025-01-30,bull,0.2357962538487114,0.2524482375937263,0.25666249550466236
2025-01-31,normal,0.2698308769767395,0.25244823759372625,0.25666249550466236
2025-02-03,normal,0.2698308769767395,0.2550921662830782,0.25666249550466236
2025-02-04,normal,0.2698308769767395,0.2550921662830782,0.25666249550466236
2025-02-05,normal,0.2698308769767395,0.2550921662830782,0.2572297392234628
2025-02-06,bull,0.2357962538487114,0.2560343638160287,0.2572297392234628
2025-02-07,normal,0.2698308769767395,0.2560343638160287,0.2577969829422633
2025-02-10,bull,0.2357962538487114,0.25697656134897917,0.2572297392234628
2025-02-11,normal,0.2698308769767395,0.25697656134897917,0.2577969829422633
2025-02-12,bull,0.2357962538487114,0.2552748301925778,0.2577969829422633
2025-02-13,bull,0.2357962538487114,0.25357309903617636,0.2572297392234628
2025-02-14,bull,0.2357962538487114,0.25451529656912686,0.25666249550466236
2025-02-18,normal,0.2698308769767395,0.25451529656912686,0.25666249550466236
2025-02-19,normal,0.2698308769767395,0.2562170277255283,0.25666249550466236
2025-02-20,normal,0.2698308769767395,0.25621702772552823,0.25666249550466236
2025-02-21,normal,0.2698308769767395,0.2579187588819297,0.2572297392234628
2025-02-24,normal,0.2698308769767395,0.2596204900383311,0.2577969829422633
2025-02-25,normal,0.2698308769767395,0.2596204900383311,0.25836422666106373
2025-02-26,normal,0.2698308769767395,0.2596204900383311,0.2589314703798642
2025-02-27,crisis,0.21695230318970155,0.25697656134897917,0.2580501608167469
2025-02-28,normal,0.2698308769767395,0.2586782925053806,0.2586174045355474
2025-03-03,crisis,0.21695230318970155,0.2560343638160287,0.25830333869123057
2025-03-04,crisis,0.21695230318970155,0.2533904351266768,0.2579892728469137
2025-03-05,normal,0.2698308769767395,0.2533904351266768,0.2579892728469137
2025-03-06,crisis,0.21695230318970155,0.2507465064373249,0.2571079632837964
2025-03-07,normal,0.2698308769767395,0.2524482375937263,0.25767520700259694
2025-03-10,crisis,0.21695230318970155,0.24980430890437438,0.25679389743947956
2025-03-11,normal,0.2698308769767395,0.25150604006077576,0.2567938974394796
2025-03-12,normal,0.2698308769767395,0.2515060400607758,0.2567938974394796
2025-03-13,normal,0.2698308769767395,0.2532077712171772,0.2567938974394796
2025-03-14,normal,0.2698308769767395,0.2549095023735786,0.25679389743947956
2025-03-17,normal,0.2698308769767395,0.25661123352998005,0.2567938974394796
2025-03-18,crisis,0.21695230318970155,0.2539673048406281,0.25591258787636234
2025-03-19,normal,0.2698308769767395,0.2539673048406281,0.25591258787636234
2025-03-20,normal,0.2698308769767395,0.2539673048406281,0.2559125878763623
2025-03-21,normal,0.2698308769767395,0.2539673048406281,0.2559125878763623
2025-03-24,normal,0.2698308769767395,0.2539673048406281,0.25591258787636234
2025-03-25,normal,0.2698308769767395,0.2539673048406281,0.2559125878763623
2025-03-26,crisis,0.21695230318970155,0.2513233761512762,0.255031278313245
2025-03-27,normal,0.2698308769767395,0.2539673048406281,0.255031278313245
2025-03-28,crisis,0.21695230318970155,0.2513233761512762,0.25414996875012774
2025-03-31,crisis,0.21695230318970155,0.2513233761512762,0.2532686591870104
2025-04-01,normal,0.2698308769767395,0.2539673048406281,0.2541499687501277
2025-04-02,normal,0.2698308769767395,0.2539673048406281,0.2541499687501277
2025-04-03,crisis,0.21695230318970155,0.2539673048406281,0.2532686591870104
2025-04-04,crisis,0.21695230318970155,0.2513233761512762,0.2532686591870104
2025-04-07,crisis,0.21695230318970155,0.2513233761512762,0.25238734962389314
2025-04-08,crisis,0.21695230318970155,0.24867944746192436,0.25238734962389314
2025-04-09,high_volatility,-0.14007050912344415,0.22818437815691514,0.24555565985555672
2025-04-10,crisis,0.21695230318970155,0.2255404494675633,0.2446743502924394
2025-04-11,high_volatility,-0.14007050912344415,0.20504538016255408,0.23784266052410302
2025-04-14,high_volatility,-0.14007050912344415,0.18455031085754486,0.23189228031888393
2025-04-15,high_volatility,-0.14007050912344415,0.1666991702418876,0.22506059055054753
2025-04-16,crisis,0.21695230318970155,0.16405524155253567,0.2247465247062307
2025-04-17,high_volatility,-0.14007050912344415,0.1435601722475265,0.21791483493789432
2025-04-21,crisis,0.21695230318970155,0.14091624355817461,0.21760076909357748
2025-04-22,high_volatility,-0.14007050912344415,0.12042117425316543,0.21133632304404154
2025-04-23,high_volatility,-0.14007050912344415,0.09992610494815625,0.20450463327570517
2025-04-24,high_volatility,-0.14007050912344415,0.08207496433249897,0.19767294350736878
2025-04-25,high_volatility,-0.14007050912344415,0.061579895027489784,0.19084125373903235
2025-04-28,high_volatility,-0.14007050912344415,0.04372875441183249,0.18457680768949644
2025-04-29,high_volatility,-0.14007050912344415,0.025877613796175203,0.17774511792116007
2025-04-30,high_volatility,-0.14007050912344415,0.005382544491166025,0.17091342815282362
2025-05-01,high_volatility,-0.14007050912344415,-0.015112524813843158,0.16408173838448725
2025-05-02,high_volatility,-0.14007050912344415,-0.032963665429500445,0.15725004861615086
2025-05-05,high_volatility,-0.14007050912344415,-0.050814806045157736,0.15098560256661492
2025-05-06,high_volatility,-0.14007050912344415,-0.06866594666081502,0.14415391279827855
2025-05-07,high_volatility,-0.14007050912344415,-0.08651708727647231,0.1378894667487426
2025-05-08,high_volatility,-0.14007050912344415,-0.08651708727647231,0.1310577769804062
2025-05-09,bull,0.2357962538487114,-0.08557488974352181,0.13105777698040622
2025-05-12,bull,0.2357962538487114,-0.06678155159491403,0.13105777698040622
2025-05-13,bull,0.2357962538487114,-0.04798821344630625,0.13105777698040622
2025-05-14,normal,0.2698308769767395,-0.027493144141297065,0.13105777698040622
2025-05-15,bull,0.2357962538487114,-0.026550946608346577,0.13049053326160573
2025-05-16,bull,0.2357962538487114,-0.007757608459738799,0.12992328954280527
2025-05-19,normal,0.2698308769767395,-0.0051136797703869,0.12992328954280527
2025-05-20,bull,0.2357962538487114,0.013679658378220877,0.1293560458240048
2025-05-21,normal,0.2698308769767395,0.03417472768323006,0.1293560458240048
2025-05-22,bull,0.2357962538487114,0.05296806583183784,0.12878880210520433
2025-05-23,normal,0.2698308769767395,0.07346313513684702,0.12967011166832165
2025-05-27,bull,0.2357962538487114,0.0922564732854548,0.12910286794952117
2025-05-28,normal,0.2698308769767395,0.11275154259046398,0.12998417751263847
2025-05-29,bull,0.2357962538487114,0.13154488073907175,0.1302982433569553
2025-05-30,bull,0.2357962538487114,0.15033821888767954,0.12973099963815485
2025-06-02,bull,0.2357962538487114,0.16913155703628732,0.1300450654824717
2025-06-03,bull,0.2357962538487114,0.18792489518489508,0.1294778217636712
2025-06-04,bull,0.2357962538487114,0.20671823333350287,0.12979188760798802
2025-06-05,normal,0.2698308769767395,0.22721330263851205,0.12979188760798804
2025-06-06,bull,0.2357962538487114,0.2460066407871198,0.12922464388918756
2025-06-09,normal,0.2698308769767395,0.24770837194352122,0.12922464388918756
2025-06-10,bull,0.2357962538487114,0.24770837194352122,0.1286574001703871
2025-06-11,normal,0.2698308769767395,0.24941010309992265,0.1286574001703871
2025-06-12,normal,0.2698308769767395,0.24941010309992265,0.1295387097335044
2025-06-13,normal,0.2698308769767395,0.25111183425632405,0.1295387097335044
2025-06-16,normal,0.2698308769767395,0.2528135654127254,0.1295387097335044
2025-06-17,normal,0.2698308769767395,0.2528135654127255,0.1295387097335044
2025-06-18,normal,0.2698308769767395,0.25451529656912686,0.1295387097335044
2025-06-20,normal,0.2698308769767395,0.25451529656912686,0.1295387097335044
2025-06-23,bull,0.2357962538487114,0.25451529656912686,0.1298527755778212
2025-06-24,bull,0.2357962538487114,0.2528135654127255,0.12928553185902075
2025-06-25,bull,0.2357962538487114,0.2528135654127254,0.1295995977033376
2025-06-26,bull,0.2357962538487114,0.251111834256324,0.1299136635476544
2025-06-27,bull,0.2357962538487114,0.25111183425632405,0.12934641982885395
2025-06-30,normal,0.2698308769767395,0.2528135654127255,0.12934641982885395
2025-07-01,normal,0.2698308769767395,0.25451529656912686,0.13022772939197125
2025-07-02,bull,0.2357962538487114,0.25451529656912686,0.1305417952362881
2025-07-03,bull,0.2357962538487114,0.25451529656912686,0.1308558610806049
2025-07-07,normal,0.2698308769767395,0.25451529656912686,0.1317371706437222
2025-07-08,bull,0.2357962538487114,0.2545152965691269,0.13800161669325814
2025-07-09,bull,0.2357962538487114,0.2528135654127254,0.13831568253757495
2025-07-10,bull,0.2357962538487114,0.2528135654127254,0.14458012858711092
2025-07-11,normal,0.2698308769767395,0.2528135654127255,0.1514118183554473
2025-07-14,normal,0.2698308769767395,0.2528135654127254,0.15824350812378365
2025-07-15,normal,0.2698308769767395,0.2528135654127254,0.15912481768690098
2025-07-16,bull,0.2357962538487114,0.25111183425632405,0.16538926373643692
2025-07-17,bull,0.2357962538487114,0.24941010309992265,0.16570332958075376
2025-07-18,bull,0.2357962538487114,0.24770837194352127,0.17196777563028967
2025-07-21,normal,0.2698308769767395,0.24770837194352122,0.17879946539862607
2025-07-22,bull,0.2357962538487114,0.24770837194352122,0.18506391144816198
2025-07-23,bull,0.2357962538487114,0.24770837194352122,0.19132835749769792
2025-07-24,normal,0.2698308769767395,0.24941010309992265,0.1981600472660343
2025-07-25,bull,0.2357962538487114,0.24941010309992265,0.20442449331557022
2025-07-28,normal,0.2698308769767395,0.25111183425632405,0.21125618308390662
2025-07-29,normal,0.2698308769767395,0.251111834256324,0.21808787285224301
2025-07-30,bull,0.2357962538487114,0.24941010309992265,0.22435231890177892
2025-07-31,normal,0.2698308769767395,0.25111183425632405,0.23118400867011532
2025-08-01,normal,0.2698308769767395,0.2528135654127254,0.23801569843845174
2025-08-04,normal,0.2698308769767395,0.2528135654127254,0.2448473882067881
2025-08-05,normal,0.2698308769767395,0.25451529656912686,0.2516790779751245
2025-08-06,normal,0.2698308769767395,0.2562170277255283,0.25224632169392497
2025-08-07,normal,0.2698308769767395,0.2579187588819297,0.2528135654127255
2025-08-08,bull,0.2357962538487114,0.2562170277255283,0.2528135654127255
2025-08-11,normal,0.2698308769767395,0.2562170277255283,0.2528135654127254
2025-08-12,bull,0.2357962538487114,0.25451529656912686,0.2528135654127254
2025-08-13,bull,0.2357962538487114,0.25451529656912686,0.2528135654127254
2025-08-14,normal,0.2698308769767395,0.25621702772552823,0.2528135654127254
2025-08-15,normal,0.2698308769767395,0.25791875888192967,0.25338080913152594
2025-08-18,bull,0.2357962538487114,0.2562170277255283,0.2528135654127255
2025-08-19,normal,0.2698308769767395,0.25791875888192967,0.25338080913152594
2025-08-20,normal,0.2698308769767395,0.2596204900383311,0.25338080913152594
2025-08-21,normal,0.2698308769767395,0.2596204900383311,0.2539480528503264
2025-08-22,normal,0.2698308769767395,0.2613222211947325,0.2539480528503264
2025-08-25,normal,0.2698308769767395,0.2613222211947325,0.25451529656912686
2025-08-26,normal,0.2698308769767395,0.2613222211947325,0.2550825402879273
2025-08-27,normal,0.2698308769767395,0.2630239523511339,0.25564978400672783
2025-08-28,bull,0.2357962538487114,0.2613222211947325,0.25564978400672783
2025-08-29,normal,0.2698308769767395,0.2613222211947325,0.2562170277255283
2025-09-02,normal,0.2698308769767395,0.2613222211947325,0.2562170277255283
2025-09-03,bull,0.2357962538487114,0.2596204900383311,0.2562170277255283
2025-09-04,bull,0.2357962538487114,0.2579187588819297,0.2556497840067278
2025-09-05,bull,0.2357962538487114,0.25621702772552823,0.2556497840067278
2025-09-08,normal,0.2698308769767395,0.25791875888192967,0.2556497840067278
2025-09-09,bull,0.2357962538487114,0.2562170277255283,0.2550825402879273
2025-09-10,normal,0.2698308769767395,0.25791875888192967,0.2550825402879273
2025-09-11,normal,0.2698308769767395,0.2596204900383311,0.2550825402879273
2025-09-12,normal,0.2698308769767395,0.2596204900383311,0.2550825402879273
2025-09-15,normal,0.2698308769767395,0.2596204900383311,0.2550825402879273
2025-09-16,normal,0.2698308769767395,0.2613222211947325,0.2550825402879273
2025-09-17,bull,0.2357962538487114,0.2596204900383311,0.2550825402879273
2025-09-18,bull,0.2357962538487114,0.25791875888192967,0.2550825402879273
2025-09-19,bull,0.2357962538487114,0.25621702772552823,0.2550825402879273
2025-09-22,normal,0.2698308769767395,0.2562170277255283,0.25564978400672783
2025-09-23,normal,0.2698308769767395,0.25621702772552823,0.2562170277255283
2025-09-24,bull,0.2357962538487114,0.25451529656912686,0.2556497840067278
2025-09-25,normal,0.2698308769767395,0.25451529656912686,0.2556497840067278
2025-09-26,bull,0.2357962538487114,0.25451529656912686,0.2556497840067278
2025-09-29,normal,0.2698308769767395,0.25451529656912686,0.25621702772552823
2025-09-30,normal,0.2698308769767395,0.25451529656912686,0.2562170277255283
2025-10-01,normal,0.2698308769767395,0.25621702772552823,0.25678427144432875
2025-10-02,normal,0.2698308769767395,0.25791875888192967,0.2573515151631292
2025-10-03,normal,0.2698308769767395,0.2596204900383311,0.25791875888192967
2025-10-06,bull,0.2357962538487114,0.25791875888192967,0.2573515151631292
2025-10-07,normal,0.2698308769767395,0.2596204900383311,0.2573515151631292
2025-10-08,bull,0.2357962538487114,0.2579187588819297,0.25678427144432875
2025-10-09,normal,0.2698308769767395,0.25791875888192967,0.2573515151631292
2025-10-10,normal,0.2698308769767395,0.25791875888192967,0.25791875888192967
2025-10-13,normal,0.2698308769767395,0.2579187588819297,0.2584860026007301
2025-10-14,normal,0.2698308769767395,0.25791875888192967,0.2584860026007301
2025-10-15,normal,0.2698308769767395,0.2596204900383311,0.2590532463195306
2025-10-16,normal,0.2698308769767395,0.2613222211947325,0.25962049003833104
2025-10-17,normal,0.2698308769767395,0.2630239523511339,0.2596204900383311
2025-10-20,normal,0.2698308769767395,0.26302395235113385,0.26018773375713156
2025-10-21,normal,0.2698308769767395,0.2630239523511339,0.26018773375713156
2025-10-22,normal,0.2698308769767395,0.26472568350753534,0.26018773375713156
2025-10-23,bull,0.2357962538487114,0.26302395235113385,0.26018773375713156
2025-10-24,bull,0.2357962538487114,0.26302395235113385,0.25962049003833104
2025-10-27,bull,0.2357962538487114,0.2613222211947325,0.2590532463195306
2025-10-28,normal,0.2698308769767395,0.2613222211947325,0.25905324631953064
2025-10-29,normal,0.2698308769767395,0.2613222211947325,0.2590532463195306
2025-10-30,normal,0.2698308769767395,0.2613222211947325,0.2590532463195306
2025-10-31,normal,0.2698308769767395,0.2613222211947325,0.2590532463195306
2025-11-03,normal,0.2698308769767395,0.2630239523511339,0.2596204900383311
2025-11-04,normal,0.2698308769767395,0.26302395235113385,0.2596204900383311
2025-11-05,normal,0.2698308769767395,0.2647256835075353,0.26018773375713156
2025-11-06,normal,0.2698308769767395,0.26472568350753534,0.260754977475932
2025-11-07,bull,0.2357962538487114,0.26302395235113385,0.26018773375713156
2025-11-10,bull,0.2357962538487114,0.2613222211947325,0.25962049003833104
2025-11-11,bull,0.2357962538487114,0.2596204900383311,0.25962049003833104
2025-11-12,normal,0.2698308769767395,0.2596204900383311,0.2596204900383311
2025-11-13,normal,0.2698308769767395,0.2596204900383311,0.2596204900383311
2025-11-14,normal,0.2698308769767395,0.2596204900383311,0.2596204900383311
2025-11-17,normal,0.2698308769767395,0.2596204900383311,0.25962049003833104
2025-11-18,normal,0.2698308769767395,0.2596204900383311,0.2596204900383311
2025-11-19,normal,0.2698308769767395,0.2596204900383311,0.2596204900383311
2025-11-20,crisis,0.21695230318970155,0.2586782925053806,0.25873918047521377
2025-11-21,normal,0.2698308769767395,0.26038002366178203,0.25930642419401423
2025-11-24,normal,0.2698308769767395,0.2620817548181834,0.25930642419401423
2025-11-25,normal,0.2698308769767395,0.2620817548181834,0.2593064241940143
2025-11-26,normal,0.2698308769767395,0.2620817548181834,0.25987366791281474
2025-11-28,normal,0.2698308769767395,0.2620817548181834,0.2604409116316152
2025-12-01,normal,0.2698308769767395,0.2620817548181834,0.26100815535041566
2025-12-02,normal,0.2698308769767395,0.2620817548181834,0.26100815535041566
2025-12-03,normal,0.2698308769767395,0.2620817548181834,0.2615753990692161
2025-12-04,normal,0.2698308769767395,0.2620817548181834,0.2615753990692161
2025-12-05,bull,0.2357962538487114,0.260380023661782,0.26100815535041566
2025-12-08,normal,0.2698308769767395,0.2620817548181834,0.26100815535041566
2025-12-09,normal,0.2698308769767395,0.2637834859745848,0.26100815535041566
2025-12-10,normal,0.2698308769767395,0.2654852171309862,0.26100815535041566
2025-12-11,normal,0.2698308769767395,0.2654852171309862,0.2615753990692161
2025-12-12,normal,0.2698308769767395,0.2654852171309862,0.26214264278801663
2025-12-15,normal,0.2698308769767395,0.2654852171309862,0.2627098865068171
2025-12-16,bull,0.2357962538487114,0.26378348597458484,0.2621426427880166
2025-12-17,normal,0.2698308769767395,0.2637834859745848,0.2621426427880166
2025-12-18,bull,0.2357962538487114,0.2620817548181834,0.2621426427880166
2025-12-19,bull,0.2357962538487114,0.2630239523511339,0.2615753990692161
2025-12-22,bull,0.2357962538487114,0.2613222211947325,0.2615753990692161
2025-12-23,bull,0.2357962538487114,0.2596204900383311,0.26100815535041566
2025-12-24,bull,0.2357962538487114,0.25791875888192967,0.2604409116316152
2025-12-26,normal,0.2698308769767395,0.25791875888192967,0.2604409116316152
2025-12-29,normal,0.2698308769767395,0.2579187588819297,0.2604409116316152
2025-12-30,normal,0.2698308769767395,0.25791875888192967,0.2604409116316152
2025-12-31,normal,0.2698308769767395,0.2579187588819297,0.26100815535041566
2026-01-02,normal,0.2698308769767395,0.25791875888192967,0.26100815535041566
2026-01-05,normal,0.2698308769767395,0.2579187588819297,0.2615753990692161
2026-01-06,normal,0.2698308769767395,0.2596204900383311,0.2615753990692161
2026-01-07,normal,0.2698308769767395,0.2596204900383311,0.2615753990692161
2026-01-08,normal,0.2698308769767395,0.2596204900383311,0.2615753990692161
2026-01-09,normal,0.2698308769767395,0.2596204900383311,0.2615753990692161
2026-01-12,normal,0.2698308769767395,0.2596204900383311,0.2615753990692161
2026-01-13,normal,0.2698308769767395,0.2596204900383311,0.2615753990692161
2026-01-14,normal,0.2698308769767395,0.2596204900383311,0.2615753990692161
2026-01-15,bull,0.2357962538487114,0.2596204900383311,0.26100815535041566
2026-01-16,normal,0.2698308769767395,0.2596204900383311,0.26100815535041566
2026-01-20,normal,0.2698308769767395,0.2613222211947325,0.26100815535041566
2026-01-21,normal,0.2698308769767395,0.26302395235113385,0.2615753990692161
2026-01-22,normal,0.2698308769767395,0.2647256835075353,0.26214264278801663
2026-01-23,normal,0.2698308769767395,0.26642741466393666,0.2627098865068171
2026-01-26,normal,0.2698308769767395,0.26812914582033814,0.26270988650681704
2026-01-27,normal,0.2698308769767395,0.26812914582033814,0.2627098865068171
2026-01-28,normal,0.2698308769767395,0.2681291458203381,0.2627098865068171
2026-01-29,normal,0.2698308769767395,0.26812914582033814,0.2627098865068171
2026-01-30,normal,0.2698308769767395,0.2681291458203381,0.26270988650681704
2026-02-02,normal,0.2698308769767395,0.26812914582033814,0.2627098865068171
2026-02-03,normal,0.2698308769767395,0.2681291458203381,0.2627098865068171
2026-02-04,normal,0.2698308769767395,0.26812914582033814,0.26270988650681704
2026-02-05,normal,0.2698308769767395,0.2681291458203381,0.26327713022561755
2026-02-06,normal,0.2698308769767395,0.26812914582033814,0.263844373944418
2026-02-09,normal,0.2698308769767395,0.26812914582033814,0.26441161766321847
2026-02-10,normal,0.2698308769767395,0.2681291458203381,0.26441161766321847
2026-02-11,normal,0.2698308769767395,0.26812914582033814,0.26441161766321847
2026-02-12,normal,0.2698308769767395,0.2681291458203381,0.26441161766321847
2026-02-13,normal,0.2698308769767395,0.2698308769767395,0.26441161766321847
2026-02-17,normal,0.2698308769767395,0.2698308769767395,0.26441161766321847
2026-02-18,normal,0.2698308769767395,0.2698308769767395,0.26441161766321847
2026-02-19,normal,0.2698308769767395,0.2698308769767395,0.26529292722633574
2026-02-20,normal,0.2698308769767395,0.2698308769767395,0.26529292722633574
2026-02-23,normal,0.2698308769767395,0.2698308769767395,0.2652929272263358
2026-02-24,normal,0.2698308769767395,0.2698308769767395,0.26529292722633574
2026-02-25,normal,0.2698308769767395,0.2698308769767395,0.26529292722633574
2026-02-26,normal,0.2698308769767395,0.2698308769767395,0.26529292722633574
2026-02-27,normal,0.2698308769767395,0.2698308769767395,0.26529292722633574
2026-03-02,normal,0.2698308769767395,0.2698308769767395,0.26529292722633574
2026-03-03,crisis,0.21695230318970155,0.2671869482873876,0.26441161766321847
2026-03-04,normal,0.2698308769767395,0.26718694828738765,0.26441161766321847
2026-03-05,normal,0.2698308769767395,0.2671869482873876,0.2649788613820189
2026-03-06,normal,0.2698308769767395,0.26718694828738765,0.2649788613820189
2026-03-09,normal,0.2698308769767395,0.2671869482873876,0.2649788613820189
2026-03-10,normal,0.2698308769767395,0.2671869482873876,0.2649788613820189
2026-03-11,normal,0.2698308769767395,0.26718694828738765,0.264978861382019
2026-03-12,crisis,0.21695230318970155,0.2645430195980357,0.2640975518189016
2026-03-13,normal,0.2698308769767395,0.2645430195980357,0.26409755181890165
2026-03-16,normal,0.2698308769767395,0.2645430195980357,0.2646647955377021
2026-03-17,normal,0.2698308769767395,0.2645430195980357,0.2646647955377021
2026-03-18,crisis,0.21695230318970155,0.26189909090868385,0.2643507296933853
2026-03-19,normal,0.2698308769767395,0.2618990909086838,0.26491797341218576
2026-03-20,crisis,0.21695230318970155,0.2592551622193319,0.2646039075678689
2026-03-23,normal,0.2698308769767395,0.25925516221933187,0.26517115128666935
2026-03-24,crisis,0.21695230318970155,0.25661123352998005,0.26485708544235254
2026-03-25,normal,0.2698308769767395,0.25661123352998005,0.2648570854423526
2026-03-26,crisis,0.21695230318970155,0.2539673048406281,0.2639757758792352
2026-03-27,crisis,0.21695230318970155,0.2513233761512762,0.26309446631611794
2026-03-30,normal,0.2698308769767395,0.2513233761512762,0.263094466316118
2026-03-31,normal,0.2698308769767395,0.2539673048406281,0.263094466316118
2026-04-01,normal,0.2698308769767395,0.2539673048406281,0.26309446631611794
2026-04-02,normal,0.2698308769767395,0.2539673048406281,0.26309446631611794
2026-04-06,normal,0.2698308769767395,0.2539673048406281,0.263094466316118
2026-04-07,crisis,0.21695230318970155,0.25132337615127626,0.26221315675300066
2026-04-08,normal,0.2698308769767395,0.2513233761512762,0.26221315675300066
2026-04-09,normal,0.2698308769767395,0.2513233761512762,0.26221315675300066
2026-04-10,bull,0.2357962538487114,0.25226557368422675,0.2616459130342002
2026-04-13,bull,0.2357962538487114,0.25056384252782526,0.2610786693153997
2026-04-14,bull,0.2357962538487114,0.24886211137142392,0.2610786693153997
2026-04-15,bull,0.2357962538487114,0.24716038021502248,0.26051142559659923
2026-04-16,bull,0.2357962538487114,0.24810257774797298,0.2599441818777988
2026-04-17,bull,0.2357962538487114,0.2464008465915716,0.2593769381589983
2026-04-20,normal,0.2698308769767395,0.2490447752809235,0.2593769381589983
2026-04-21,normal,0.2698308769767395,0.2490447752809235,0.2593769381589983
2026-04-22,bull,0.2357962538487114,0.249986972813874,0.25880969444019786
2026-04-23,normal,0.2698308769767395,0.249986972813874,0.2588096944401978
2026-04-24,bull,0.2357962538487114,0.2509291703468245,0.25824245072139734
2026-04-27,bull,0.2357962538487114,0.25187136787977493,0.2576752070025969
2026-04-28,bull,0.2357962538487114,0.25016963672337356,0.2571079632837964
2026-04-29,normal,0.2698308769767395,0.25016963672337356,0.2571079632837964
2026-04-30,bull,0.2357962538487114,0.24846790556697215,0.25654071956499597
2026-05-01,normal,0.2698308769767395,0.24846790556697215,0.25654071956499597
2026-05-04,normal,0.2698308769767395,0.24846790556697215,0.25654071956499597
2026-05-05,bull,0.2357962538487114,0.24941010309992265,0.2559734758461955
2026-05-06,normal,0.2698308769767395,0.24941010309992265,0.2559734758461955
2026-05-07,bull,0.2357962538487114,0.24770837194352122,0.25540623212739505
2026-05-08,normal,0.2698308769767395,0.24941010309992265,0.25540623212739505
2026-05-11,normal,0.2698308769767395,0.25111183425632405,0.25540623212739505
2026-05-12,bull,0.2357962538487114,0.25111183425632405,0.2548389884085946
2026-05-13,bull,0.2357962538487114,0.25111183425632405,0.25427174468979413
2026-05-14,bull,0.2357962538487114,0.25111183425632405,0.2537045009709936
2026-05-15,normal,0.2698308769767395,0.2528135654127254,0.2537045009709936
