Date,gross_return,turnover,transaction_cost,net_return,gross_equity_curve,net_equity_curve,gross_running_peak,net_running_peak,gross_drawdown,net_drawdown
2025-02-19,0.0024586757667807734,0.0,0.0,0.0024586757667807734,1.0024586757667808,1.0024586757667808,1.0024586757667808,1.0024586757667808,0.0,0.0
2025-02-20,-0.0008968654628308309,0.000550842421593218,5.50842421593218e-07,-0.0008974163052524241,1.0015596052025704,1.001559053005806,1.0024586757667808,1.0024586757667808,-0.0008968654628309647,-0.0008974163052523076
2025-02-21,-0.007780488345034419,0.0005212629074859056,5.212629074859056e-07,-0.0077810096079419045,0.9937669823674345,0.9937659123914466,1.0024586757667808,1.0024586757667808,-0.008670375756584692,-0.008671443108300814
2025-02-24,-0.007656093747888603,0.0011767736313608116,1.1767736313608115e-06,-0.007657270521519963,0.9861586091868731,0.9861563779652002,1.0024586757667808,1.0024586757667808,-0.01626008829485137,-0.01626231404412859
2025-02-25,-0.002551901872231968,0.0011145085863083007,1.1145085863083006e-06,-0.0025530163808182766,0.9836420291857715,0.9836387045782066,1.0024586757667808,1.0024586757667808,-0.01877049601732106,-0.01877381247080223
2025-02-26,-0.0048043754942784945,0.000833689270181702,8.33689270181702e-07,-0.004805209183548676,0.978916243525609,0.9789121148416735,1.0024586757667808,1.0024586757667808,-0.02348469100051853,-0.02348880955825594
2025-02-27,-0.010333417933057603,0.0008430384050055924,8.430384050055924e-07,-0.010334260971462608,0.9688006928598001,0.9687957815787732,1.0024586757667808,1.0024586757667808,-0.03357543180643907,-0.033580331041834555
2025-02-28,0.006815287273540941,0.0006899997080751074,6.899997080751074e-07,0.0068145972738328665,0.9754033478924452,0.9753977346708208,1.0024586757667808,1.0024586757667808,-0.026988970745992047,-0.026994570200373658
2025-03-03,-0.014980421735666619,0.0011215934003144055,1.1215934003144055e-06,-0.014981543329066933,0.9607913943786353,0.9607847712457761,1.0024586757667808,1.0024586757667808,-0.041565086317672195,-0.04157169320633425
2025-03-04,-0.004960330078011453,0.0013259569842087125,1.3259569842087124e-06,-0.004961656034995662,0.9560255519264044,0.9560176876871925,1.0024586757667808,1.0024586757667808,-0.04631923984782693,-0.04632708479884773
2025-03-05,0.007678937943257023,0.0013907293041473135,1.3907293041473135e-06,0.007677547213952876,0.9633668128118151,0.9633575586217851,1.0024586757667808,1.0024586757667808,-0.03899598447294028,-0.03900521596572282
2025-03-06,-0.009976676671626763,0.001480689267224571,1.4806892672245709e-06,-0.009978157360893988,0.9537556136042161,0.9537450253070502,1.0024586757667808,1.0024586757667808,-0.04858361081598872,-0.0485941731438152
2025-03-07,-0.0013585614717410996,0.0014869027833942818,1.4869027833942817e-06,-0.0013600483745244939,0.9524598779741167,0.9524478859356705,1.0024586757667808,1.0024586757667808,-0.04987616846591714,-0.04988813109214407
2025-03-10,-0.015876780083541167,0.0016483340002277306,1.6483340002277306e-06,-0.015878428417541394,0.9373378819531252,0.9373245103574024,1.0024586757667808,1.0024586757667808,-0.06496107559131525,-0.06497441439125384
2025-03-11,0.0002349243946905442,0.002898615911555375,2.898615911555375e-06,0.00023202577877898882,0.9375580854876636,0.9375419938068866,1.0024586757667808,1.0024586757667808,-0.06474141213798634,-0.06475746435157481
2025-03-12,0.0005965299171740625,0.002091872338680703,2.0918723386807033e-06,0.0005944380448353818,0.9381173669347453,0.9380993044366361,1.0024586757667808,1.0024586757667808,-0.06418350241003279,-0.06420152060723716
2025-03-13,-0.005425832991485019,0.001688254610113812,1.688254610113812e-06,-0.005427521246095133,0.9330272987753457,0.9330077505308593,1.0024586757667808,1.0024586757667808,-0.06926108643663242,-0.06928058673620485
2025-03-14,0.0108215752092158,0.0016260398333423232,1.6260398333423232e-06,0.010819949169382457,0.9431241238612946,0.9431028469662431,1.0024586757667808,1.0024586757667808,-0.05918902528336267,-0.05921024999373303
2025-03-17,0.007062441950322177,0.002026605994275064,2.026605994275064e-06,0.007060415344327902,0.9497848832380136,0.9497615447782429,1.0024586757667808,1.0024586757667808,-0.052544602388200246,-0.052567883607002375
2025-03-18,-0.0033876484222843334,0.0020159513388373768,2.015951338837377e-06,-0.0033896643736231707,0.9465673459768028,0.9465421719064708,1.0024586757667808,1.0024586757667808,-0.05575424817110464,-0.05577936049836618
2025-03-19,0.01160801350863819,0.0020191594948067645,2.0191594948067645e-06,0.011605994349143382,0.9575551125157374,0.9575277350048432,1.0024586757667808,1.0024586757667808,-0.044793430728400474,-0.044820741091965655
2025-03-20,-0.00456989183085557,0.0020206437479959732,2.0206437479959733e-06,-0.004571912474603566,0.9531791892294578,0.9531500020083957,1.0024586757667808,1.0024586757667808,-0.049158621426094395,-0.04918773706124979
2025-03-21,-0.0026946534987240455,0.0018913940238362292,1.8913940238362293e-06,-0.0026965448927478816,0.9506107015922897,0.9505797902384574,1.0024586757667808,1.0024586757667808,-0.05172080947360014,-0.051751645012839353
2025-03-24,0.007416703237774654,0.0018212159370059391,1.8212159370059391e-06,0.007414882021837648,0.9576610990606523,0.9576282272354187,1.0024586757667808,1.0024586757667808,-0.04468770413090872,-0.04472049533320788
2025-03-25,0.001606038794039283,0.0017032104476270293,1.7032104476270294e-06,0.001604335583591656,0.9591991399372861,0.9591645842762244,1.0024586757667808,1.0024586757667808,-0.04315343552332018,-0.04318790643159509
2025-03-26,-0.007307457137758262,0.0016511439742853788,1.6511439742853788e-06,-0.007309108281732548,0.9521898333356198,0.9521539464697465,1.0024586757667808,1.0024586757667808,-0.050145550780644754,-0.050181349628757754
2025-03-27,0.0002322602880563336,0.0016960374637816425,1.6960374637816426e-06,0.00023056425059255194,0.9524109892205945,0.9523734791308631,1.0024586757667808,1.0024586757667808,-0.04992493731265757,-0.049962355403435965
2025-03-28,-0.00835440183979876,0.0015466100361412952,1.5466100361412952e-06,-0.0083559484498349,0.9444541651000055,0.9444154954342557,1.0024586757667808,1.0024586757667808,-0.057862246164319675,-0.057900820987087376
2025-03-31,0.008688637744776505,0.002010988289820957,2.010988289820957e-06,0.008686626756486683,0.9526601852071048,0.9526192803461355,1.0024586757667808,1.0024586757667808,-0.049676352515563904,-0.04971715705140978
2025-04-01,0.006049643316557807,0.001679926406207219,1.6799264062072188e-06,0.0060479633901516,0.9584234395294937,0.9583806868784215,1.0024586757667808,1.0024586757667808,-0.04392723341299287,-0.04396988120696754
2025-04-02,-0.0007902069762747879,0.0014969471594436928,1.4969471594436929e-06,-0.0007917039234342316,0.9576660866413522,0.9576219331284763,1.0024586757667808,1.0024586757667808,-0.0446827287829763,-0.04472677400293723
2025-04-03,-0.01719528711687796,0.001501370299301804,1.501370299301804e-06,-0.01719678848717726,0.9411987433194572,0.941153911293784,1.0024586757667808,1.0024586757667808,-0.06110968354926538,-0.06115440561787222
2025-04-04,-0.023184327182925887,0.005610993297677211,5.610993297677211e-06,-0.023189938176223564,0.9193776837101802,0.9193286102765701,1.0024586757667808,1.0024586757667808,-0.08287722383474005,-0.0829261769086137
2025-04-07,-0.010778285286333268,0.00986506737295927,9.86506737295927e-06,-0.010788150353706227,0.9094683687492636,0.9094107550044427,1.0024586757667808,1.0024586757667808,-0.09276223475884315,-0.09281970719757182
2025-04-08,-0.012103824303378752,0.007668299242043125,7.668299242043125e-06,-0.012111492602620795,0.898460323404442,0.8983964333724626,1.0024586757667808,1.0024586757667808,-0.1037432812707122,-0.10380701460309183
2025-04-09,0.06250429351046219,0.006718149956408313,6.7181499564083136e-06,0.06249757536050578,0.9546179511660181,0.9545440321707676,1.0024586757667808,1.0024586757667808,-0.04772338826253297,-0.047797125960691966
2025-04-10,-0.021665078253647274,0.015769350980882186,1.5769350980882186e-05,-0.021680847604628156,0.9339360785516699,0.9338487084773658,1.0024586757667808,1.0024586757667808,-0.0683545355749432,-0.06844169136142719
2025-04-11,0.015973128939727306,0.01417577003482252,1.4175770034822521e-05,0.015958953169692484,0.9488539599558391,0.9487519562835338,1.0024586757667808,1.0024586757667808,-0.05347324244556961,-0.05357499593902637
2025-04-14,0.002943177308271592,0.012749790093475492,1.2749790093475492e-05,0.0029304275181781165,0.9516466053996447,0.9515322051241524,1.0024586757667808,1.0024586757667808,-0.050687446371063594,-0.05080156606323427
2025-04-15,-0.0014010451398824217,0.0114793106937526,1.14793106937526e-05,-0.0014125244505761743,0.950313305548264,0.9501881426189038,1.0024586757667808,1.0024586757667808,-0.05201747611055474,-0.0521423320596186
2025-04-16,-0.0018289742855127828,0.010351457359513042,1.0351457359513043e-05,-0.001839325742872296,0.9485752069492356,0.9484404371076129,1.0024586757667808,1.0024586757667808,-0.05375131176986403,-0.05388575106884019
2025-04-17,-0.0056583830342943,0.009169293715392254,9.169293715392255e-06,-0.0056675523280096925,0.9432078050914818,0.9430651013003052,1.0024586757667808,1.0024586757667808,-0.05910554929356859,-0.05924790308293304
2025-04-21,-0.005171208932011827,0.008317761291342905,8.317761291342905e-06,-0.00517952669330317,0.9383302804650495,0.9381804704345976,1.0024586757667808,1.0024586757667808,-0.06397111108114206,-0.06412055368069591
2025-04-22,0.018800030961348843,0.007229653824440567,7.229653824440567e-06,0.018792801307524403,0.9559709187897635,0.9558115096060749,1.0024586757667808,1.0024586757667808,-0.046373738988750635,-0.04653275719822125
2025-04-23,0.004561498829091855,0.006942079175216508,6.942079175216509e-06,0.004554556749916639,0.9603315790164688,0.9601648073687992,1.0024586757667808,1.0024586757667808,-0.042023773915756624,-0.04219013653169401
2025-04-24,0.012357980211642606,0.006042954899803207,6.042954899803208e-06,0.012351937256742803,0.97219933766657,0.9720247028255512,1.0024586757667808,1.0024586757667808,-0.030185122670583375,-0.030359329194244
2025-04-25,0.0019627252255908795,0.005837126902005968,5.837126902005968e-06,0.0019568880986888734,0.9741074978309109,0.9739268463981421,1.0024586757667808,1.0024586757667808,-0.02828164254669563,-0.028461850905539543
2025-04-28,0.006005474622603155,0.005201485272381758,5.201485272381759e-06,0.006000273137330773,0.979957475688822,0.9797706734923102,1.0024586757667808,1.0024586757667808,-0.022446012610692123,-0.022632356647635965
2025-04-29,0.001835125034237906,0.004602262856397275,4.602262856397275e-06,0.0018305227713815088,0.9817558201849471,0.9815641660208696,1.0024586757667808,1.0024586757667808,-0.02065207881611486,-0.02084326292046801
2025-04-30,-0.002561703598491759,0.004115653275020399,4.115653275020399e-06,-0.0025658192517667793,0.9792408527675391,0.9790456497868488,1.0024586757667808,1.0024586757667808,-0.023160877909987,-0.02335560212696386
2025-05-01,0.0008039933214920735,0.003733432602000028,3.733432602000028e-06,0.0008002598888900735,0.9800281558732964,0.9798291407497656,1.0024586757667808,1.0024586757667808,-0.022375505779654525,-0.022574032789636878
2025-05-02,0.0032512479352948386,0.003567792239838101,3.567792239838101e-06,0.0032476801430550003,0.9832144703916103,0.9830113123937653,1.0024586757667808,1.0024586757667808,-0.019197006161327024,-0.019399665884621387
2025-05-05,0.0040014718813401046,0.003188513902583283,3.188513902583283e-06,0.003998283367437521,0.987148775448209,0.9869416701741122,1.0024586757667808,1.0024586757667808,-0.01527235056034737,-0.01547894787862425
2025-05-06,0.004414756390600777,0.0031798224729356964,3.1798224729356964e-06,0.004411576568127841,0.9915067968130927,0.9912956389203612,1.0024586757667808,1.0024586757667808,-0.010925017876982301,-0.011135657874256966
2025-05-07,-0.0004438942583941699,0.0029849700878337056,2.9849700878337055e-06,-0.0004468792284820036,0.9910666726388285,0.9908526494900429,1.0024586757667808,1.0024586757667808,-0.011364062582668089,-0.011577560808539555
2025-05-08,0.011970803479725413,0.003017861320572378,3.017861320572378e-06,0.01196778561840484,1.0029305370122934,1.002710961578568,1.0029305370122934,1.002710961578568,0.0,0.0
2025-05-09,0.0033915211567192276,0.0028360516173436233,2.8360516173436235e-06,0.003388685105101884,1.0063319971472904,1.0061088332787917,1.0063319971472904,1.0061088332787917,0.0,0.0
2025-05-12,0.0029648986742952044,0.0025936933302241963,2.5936933302241965e-06,0.00296230498096498,1.0093156695515333,1.0090892344870064,1.0093156695515333,1.0090892344870064,0.0,0.0
2025-05-13,0.006022148537633582,0.0035520556558891886,3.5520556558891885e-06,0.006018596481977693,1.0153939184349337,1.0151625354036915,1.0153939184349337,1.0151625354036915,0.0,0.0
2025-05-14,-0.0063750538428127956,0.003377743085383786,3.3777430853837857e-06,-0.006378431585898179,1.0089207275332464,1.0086873906230522,1.0153939184349337,1.0151625354036915,-0.006375053842812783,-0.0063784315858980145
2025-05-15,0.00526854826213145,0.0033834328689531304,3.3834328689531305e-06,0.0052651648292624965,1.01423627507892,1.0139982959958813,1.0153939184349337,1.0151625354036915,-0.0011400928595258764,-0.00114685025028749
2025-05-16,0.00017360328704847032,0.003278262658622206,3.278262658622206e-06,0.0001703250243898481,1.0144123498301176,1.014171005280378,1.0153939184349337,1.0151625354036915,-0.0009666874963452088,-0.000976720563194533
2025-05-19,0.0035494211435710293,0.0033167245270717093,3.3167245270717095e-06,0.0035461044190439575,1.018012926472904,1.017767361563869,1.018012926472904,1.017767361563869,0.0,0.0
2025-05-20,0.0011326842558464136,0.0031441498819690904,3.1441498819690905e-06,0.0011295401059644445,1.019166013686968,1.0189169706172971,1.019166013686968,1.0189169706172971,0.0,0.0
2025-05-21,-0.004650331247199299,0.0029514032027326553,2.9514032027326553e-06,-0.004653282650402032,1.014426554127436,1.0141756619557236,1.019166013686968,1.0189169706172971,-0.004650331247199269,-0.00465328265040188
2025-05-22,0.0029746249066393365,0.0023380655278952417,2.338065527895242e-06,0.002972286841111441,1.0174440926212998,1.0171900829303302,1.019166013686968,1.0189169706172971,-0.0016895393317120089,-0.0016948267000801431
2025-05-23,-0.0023867509360195474,0.0019888987089746873,1.9888987089746873e-06,-0.002388739834728522,1.0150157069808883,1.0147602804597438,1.019166013686968,1.0189169706172971,-0.004072257758150122,-0.004079518034757146
2025-05-27,0.007894503935988664,0.0018843543743959773,1.8843543743959773e-06,0.007892619581614267,1.023028752474739,1.0227693973199448,1.023028752474739,1.0227693973199448,0.0,0.0
2025-05-28,-0.003932019284902952,0.0017034676905039042,1.7034676905039043e-06,-0.003933722752593456,1.019006183690998,1.018746106071051,1.023028752474739,1.0227693973199448,-0.003932019284903054,-0.003933722752593516
2025-05-29,0.0019423134249448482,0.0016227153497832061,1.622715349783206e-06,0.001940690709595065,1.020985413081683,1.0207231771745393,1.023028752474739,1.0227693973199448,-0.0019973430738023934,-0.0020006661821984073
2025-05-30,-0.004751834534016711,0.0012466820726466238,1.2466820726466237e-06,-0.0047530812160893575,1.0161338593370741,1.015871597014284,1.023028752474739,1.0227693973199448,-0.006739686564024683,-0.006744238069437469
2025-06-02,0.005983910861581115,0.0019744188508434048,1.9744188508434048e-06,0.005981936442730271,1.0222143137747817,1.0219484763415982,1.023028752474739,1.0227693973199448,-0.0007961053860775502,-0.0008026452301932441
2025-06-03,-0.000681118969140617,0.0018688868480840684,1.8688868480840684e-06,-0.0006829878559887011,1.0215180642151427,1.0212504979428108,1.023028752474739,1.0227693973199448,-0.0014766821127382146,-0.0014850848892371538
2025-06-04,0.00470770558967635,0.0019993129963181006,1.9993129963181005e-06,0.004705706276680032,1.0263270705160037,1.0260562028210427,1.0263270705160037,1.0260562028210427,0.0,0.0
2025-06-05,-0.007840838390760666,0.0015284017034699164,1.5284017034699165e-06,-0.007842366792464136,1.0182798058200249,1.018009493728837,1.0263270705160037,1.0260562028210427,-0.007840838390760663,-0.007842366792464195
2025-06-06,0.000533930105991911,0.0012547925808461188,1.2547925808461188e-06,0.0005326753134110648,1.0188234960646758,1.0185517622549647,1.0263270705160037,1.0260562028210427,-0.007311094744441804,-0.007313868914242017
2025-06-09,0.008617517786607236,0.0010984426686904032,1.0984426686904033e-06,0.008616419343938546,1.0276032256634264,1.0273280313620612,1.0276032256634264,1.0273280313620612,0.0,0.0
2025-06-10,0.005565693271773918,0.0010874606577703679,1.0874606577703679e-06,0.005564605811116148,1.0333225500225545,1.033044706895301,1.0333225500225545,1.033044706895301,0.0,0.0
2025-06-11,-0.0005870429494040312,0.0009495305150235001,9.495305150235001e-07,-0.0005879924799190547,1.0327159453051036,1.0324372843762264,1.0333225500225545,1.033044706895301,-0.0005870429494040375,-0.0005879924799190306
2025-06-12,0.002950317760398698,0.0008779326069760229,8.779326069760229e-07,0.002949439827791722,1.035762785499984,1.0354823960224626,1.035762785499984,1.0354823960224626,0.0,0.0
2025-06-13,-0.004427820605383666,0.0007615710815846825,7.615710815846826e-07,-0.004428582176465251,1.0311766136960576,1.030896677139394,1.035762785499984,1.0354823960224626,-0.004427820605383603,-0.004428582176465357
2025-06-16,-0.001410096966941594,0.0007101481680547098,7.101481680547098e-07,-0.0014108071151096488,1.0297225546807036,1.0294422807723427,1.035762785499984,1.0354823960224626,-0.005831673915919544,-0.005833141416330623
2025-06-17,-0.0003457865108409254,0.0008651488842192079,8.651488842192079e-07,-0.0003466516597251446,1.0293664905113864,1.0290854228971218,1.035762785499984,1.0354823960224626,-0.006175443912584622,-0.0061777710079022885
2025-06-18,-0.0014276923431756482,0.0006581443826355754,6.581443826355755e-07,-0.0014283504875582838,1.0278968718545618,1.0276155282315875,1.035762785499984,1.0354823960224626,-0.0075943196217704845,-0.0075972974732294585
2025-06-20,-0.004189886443506826,0.0006955077957290258,6.955077957290259e-07,-0.0041905819513025555,1.0235901006858552,1.0233092211461021,1.035762785499984,1.0354823960224626,-0.011752386728446473,-0.011756042326861893
2025-06-23,0.012858373045896753,0.0005936647168904574,5.936647168904574e-07,0.012857779381179862,1.0367518040465609,1.0364667053503258,1.0367518040465609,1.0364667053503258,0.0,0.0
2025-06-24,0.003022063503440768,0.0004942092793113369,4.942092793113369e-07,0.0030215692941614565,1.0398849338356964,1.0395984613216331,1.0398849338356964,1.0395984613216331,0.0,0.0
2025-06-25,0.0005532512607256669,0.0008684615163202548,8.684615163202549e-07,0.0005523827992093466,1.0404602514863506,1.0401727176297517,1.0404602514863506,1.0401727176297517,0.0,0.0
2025-06-26,0.004233269637553746,0.0010644428971131256,1.0644428971131257e-06,0.004232205194656633,1.0448648002780494,1.0445749420086445,1.0448648002780494,1.0445749420086445,0.0,0.0
2025-06-27,-0.002237806456318057,0.0009772621302330843,9.772621302330844e-07,-0.00223878371844829,1.0425265950820077,1.0422363646357764,1.0448648002780494,1.0445749420086445,-0.0022378064563179922,-0.002238783718448434
2025-06-30,0.006252632413020367,0.0010832992618188333,1.0832992618188334e-06,0.006251549113758548,1.0490451306618531,1.0487519564574421,1.0490451306618531,1.0487519564574421,0.0,0.0
2025-07-01,0.00017851032195875002,0.0009591088802552369,9.59108880255237e-07,0.00017755121307849478,1.0492323960458767,1.0489381636395294,1.0492323960458767,1.0489381636395294,0.0,0.0
2025-07-02,0.006456881663651194,0.0009735752747795472,9.735752747795473e-07,0.0064559080883764145,1.0560071654648142,1.0557100120143765,1.0560071654648142,1.0557100120143765,0.0,0.0
2025-07-03,0.0012161107586637857,0.0008619222727137901,8.619222727137902e-07,0.001215248836391072,1.0572913871399618,1.0569929623780434,1.0572913871399618,1.0569929623780434,0.0,0.0
2025-07-07,-0.0051851642355379415,0.0008024754317661337,8.024754317661336e-07,-0.005185966710969708,1.0518091576528215,1.0515114320614216,1.0572913871399618,1.0569929623780434,-0.005185164235537942,-0.005185966710969714
2025-07-08,-0.0019915365442617974,0.0006638949042091953,6.638949042091953e-07,-0.0019922004391660065,1.0497144412777666,1.0494166105246807,1.0572913871399618,1.0569929623780434,-0.007166374335736636,-0.007167835664976696
2025-07-09,0.009558762266298843,0.0006370099827051438,6.370099827051438e-07,0.009558125256316137,1.0597484120694416,1.0594470659341344,1.0597484120694416,1.0594470659341344,0.0,0.0
2025-07-10,0.008117698330677449,0.0006760983761400011,6.760983761400011e-07,0.008117022232301308,1.0683511299850357,1.0680466213222681,1.0683511299850357,1.0680466213222681,0.0,0.0
2025-07-11,-0.0015894093981635045,0.0006258489434174258,6.258489434174259e-07,-0.001590035247106922,1.0666530826584988,1.0663483895488124,1.0683511299850357,1.0680466213222681,-0.0015894093981635438,-0.0015900352471067691
2025-07-14,0.002091767230044661,0.0008768400638095898,8.768400638095898e-07,0.002090890389980851,1.06888427262263,1.0685780071488915,1.06888427262263,1.0685780071488915,0.0,0.0
2025-07-15,-0.003772439208896672,0.0008281517983160895,8.281517983160895e-07,-0.003773267360694988,1.0648519716828153,1.06454597663216,1.06888427262263,1.0685780071488915,-0.003772439208896694,-0.003773267360694943
2025-07-16,0.006710519597459869,0.0008322759550927934,8.322759550927934e-07,0.006709687321504776,1.0719976817071868,1.0716887472747276,1.0719976817071868,1.0716887472747276,0.0,0.0
2025-07-17,0.003562802977706097,0.0007177592952080959,7.17759295208096e-07,0.0035620852184108888,1.0758169982396673,1.0755061939201322,1.0758169982396673,1.0755061939201322,0.0,0.0
2025-07-18,-6.946048291216471e-05,0.0006555736556789066,6.555736556789066e-07,-7.011605656784362e-05,1.0757422714714444,1.0754307836670003,1.0758169982396673,1.0755061939201322,-6.946048291212037e-05,-7.011605656781494e-05
2025-07-21,0.006320012486897495,0.0005783098050478885,5.783098050478885e-07,0.006319434177092447,1.0825409760598272,1.082226897716403,1.0825409760598272,1.082226897716403,0.0,0.0
2025-07-22,0.004627487763405943,0.0005630790297730046,5.630790297730046e-07,0.0046269246843761705,1.0875504211799298,1.0872342800635428,1.0875504211799298,1.0872342800635428,0.0,0.0
2025-07-23,-0.0038167409907850797,0.0007013512541086259,7.013512541086259e-07,-0.0038174423420391885,1.0833995229078668,1.0830838258871118,1.0875504211799298,1.0872342800635428,-0.0038167409907851058,-0.003817442342039179
2025-07-24,-0.001540309568289903,0.0007010918760616061,7.010918760616061e-07,-0.0015410106601659646,1.0817307522564512,1.0814147821655664,1.0875504211799298,1.0872342800635428,-0.005351171596407078,-0.005352570282861513
2025-07-25,0.0005828367132735943,0.0007163897446634572,7.163897446634572e-07,0.0005821203235289308,1.0823612246527434,1.0820442956884297,1.0875504211799298,1.0872342800635428,-0.004771453742398846,-0.004773565799277235
2025-07-28,-0.004728071001427922,0.0006292507266201092,6.292507266201092e-07,-0.004728700252154543,1.0772437439333928,1.0769276325545656,1.0875504211799298,1.0872342800635428,-0.009476964971752655,-0.00947969328963294
2025-07-29,0.004869304154208014,0.0005897824186002418,5.897824186002418e-07,0.004868714371789414,1.0824891713708225,1.082170885596561,1.0875504211799298,1.0872342800635428,-0.004653807042450664,-0.004657132836803024
2025-07-30,-0.00550134026725646,0.0008745913792056574,8.745913792056574e-07,-0.005502214858635666,1.0765340301034911,1.0762165488702486,1.0875504211799298,1.0872342800635428,-0.010129545133628404,-0.010133723149945428
2025-07-31,-0.0023395483423521435,0.0009949936333893059,9.94993633389306e-07,-0.002340543335985533,1.0740154266978768,1.073697617398713,1.0875504211799298,1.0872342800635428,-0.012445394915454489,-0.012450548067743705
2025-08-01,0.0005272541080431096,0.000892809200074722,8.92809200074722e-07,0.0005263612988430349,1.074581705743705,1.0742627702711716,1.0875504211799298,1.0872342800635428,-0.011924702693006606,-0.011930740255552963
2025-08-04,0.008985651839310216,0.0008987768767047995,8.987768767047994e-07,0.008984753062433511,1.0842375228244099,1.0839147559862237,1.0875504211799298,1.0872342800635428,-0.003046202080383198,-0.003053181948167727
2025-08-05,-0.0025687116313298456,0.0007031361036659231,7.031361036659231e-07,-0.0025694147674335116,1.0814524292884065,1.0811297294055535,1.0875504211799298,1.0872342800635428,-0.005607088896997903,-0.005614751824816078
2025-08-06,0.0014054517331933032,0.0007070188440227443,7.070188440227443e-07,0.0014047447143492806,1.0829723584795161,1.0826484406784618,1.0875504211799298,1.0872342800635428,-0.004209517656612927,-0.0042178944034151344
2025-08-07,0.005189693569408154,0.0007188860876240592,7.188860876240592e-07,0.00518897468332053,1.088592653164164,1.0882662760280788,1.088592653164164,1.0882662760280788,0.0,0.0
2025-08-08,0.0006215876637708031,0.000743644454539942,7.436444545399421e-07,0.0006208440193162632,1.0892693089282424,1.0889419196369745,1.0892693089282424,1.0889419196369745,0.0,0.0
2025-08-11,-0.002701823615013297,0.0006241653519751776,6.241653519751776e-07,-0.002702447780365272,1.086326295386271,1.0859991109633047,1.0892693089282424,1.0889419196369745,-0.0027018236150132546,-0.0027024477803654356
2025-08-12,0.006560419201582907,0.0006880173134419139,6.880173134419139e-07,0.006559731184269465,1.0934530512737075,1.0931229731975798,1.0934530512737075,1.0931229731975798,0.0,0.0
2025-08-13,0.008600913981459145,0.0006017794739711195,6.017794739711195e-07,0.008600312201985174,1.1028577469104768,1.1025241720422412,1.1028577469104768,1.1025241720422412,0.0,0.0
2025-08-14,-0.008309769761552087,0.0005241148012719854,5.241148012719855e-07,-0.00831029387635336,1.0936932529539067,1.093361872166787,1.1028577469104768,1.1025241720422412,-0.008309769761551955,-0.008310293876353292
2025-08-15,-0.0037670369823292324,0.0005751845581250005,5.751845581250005e-07,-0.0037676121668873573,1.0895732700227054,1.0892425086744006,1.1028577469104768,1.1025241720422412,-0.01204550353387479,-0.012046596078921779
2025-08-18,-0.004040150072289335,0.0008005324740109829,8.005324740109829e-07,-0.004040950604763346,1.0851712304970587,1.084840933500239,1.1028577469104768,1.1025241720422412,-0.016036987964190952,-0.01603886698397461
2025-08-19,-0.006234649783610078,0.0007111007216437024,7.111007216437024e-07,-0.006235360884331721,1.0784055679196602,1.0780765587777696,1.1028577469104768,1.1025241720422412,-0.02217165274426036,-0.022174219744485413
2025-08-20,0.005659676973818997,0.0009365378501770549,9.365378501770549e-07,0.005658740435968821,1.0845089950808535,1.0841771141939955,1.1028577469104768,1.1025241720422412,-0.016637460162949425,-0.01664095746242078
2025-08-21,-0.004861355579957528,0.0008301162117337925,8.301162117337925e-07,-0.004862185696169262,1.079236811226103,1.0789056437372475,1.1028577469104768,1.1025241720422412,-0.021417935133107524,-0.021422231733245645
2025-08-22,0.018144162329405314,0.0007034543737268854,7.034543737268854e-07,0.018143458875031587,1.0988186591208593,1.0984807239144336,1.1028577469104768,1.1025241720422412,-0.0036623832955179347,-0.003667446238677652
2025-08-25,-0.009168098660262664,0.0009437905964967096,9.437905964967096e-07,-0.00916904245085916,1.0887445812443017,1.0884087075254116,1.1028577469104768,1.1025241720422412,-0.012796904864395553,-0.012802861719288239
2025-08-26,0.006256017030062081,0.0007882781792662719,7.882781792662719e-07,0.006255228751882815,1.095555785885954,1.0952169529665243,1.1028577469104768,1.1025241720422412,-0.006620945489097196,-0.006627717796138133
2025-08-27,-1.0156624602474928e-05,0.0012603575773681326,1.2603575773681326e-06,-1.141698217984306e-05,1.0955446587371056,1.0952044488940893,1.1028577469104768,1.1025241720422412,-0.006631034867241814,-0.0066390591097820195
2025-08-28,0.0049069532943870125,0.0013801813650653055,1.3801813650653056e-06,0.004905573113021948,1.1009204452094439,1.100577054391846,1.1028577469104768,1.1025241720422412,-0.0017566197512417503,-0.0017660543866248046
2025-08-29,-0.005952779854738212,0.001084210638582446,1.084210638582446e-06,-0.005953864065376794,1.0943669081615317,1.0940243682165243,1.1028577469104768,1.1025241720422412,-0.00769894283531225,-0.007709403604251541
2025-09-02,0.0035638836868446605,0.0010204868411558335,1.0204868411558336e-06,0.0035628632000035045,1.098267104532951,1.09792222737795,1.1028577469104768,1.1025241720422412,-0.0041624972852445374,-0.0041740079546435105
2025-09-03,0.006405279180363634,0.0013398386984338588,1.3398386984338588e-06,0.0064039393416652,1.1053018119520943,1.1049532547239445,1.1053018119520943,1.1049532547239445,0.0,0.0
2025-09-04,0.0009468412609624313,0.0011412619203439132,1.1412619203439133e-06,0.0009456999990420874,1.106348357313467,1.1059982090158784,1.106348357313467,1.1059982090158784,0.0,0.0
2025-09-05,0.005038363326512489,0.0011030273908170067,1.1030273908170068e-06,0.005037260299121672,1.1119225423033026,1.111569409885054,1.1119225423033026,1.111569409885054,0.0,0.0
2025-09-08,0.007317884203675889,0.0010373327602139007,1.0373327602139006e-06,0.007316846870915675,1.120059462711335,1.119702593043577,1.120059462711335,1.119702593043577,0.0,0.0
2025-09-09,-0.001048692609779028,0.0013013110133025876,1.3013110133025877e-06,-0.0010499939207923306,1.1188848646302765,1.1185269121277859,1.120059462711335,1.119702593043577,-0.0010486926097790228,-0.0010499939207924136
2025-09-10,0.004609166672872396,0.001645113680515474,1.645113680515474e-06,0.004607521559191881,1.1240419914591118,1.1236805489899508,1.1240419914591118,1.1236805489899508,0.0,0.0
2025-09-11,0.0069526230176460615,0.0016191111110430978,1.6191111110430977e-06,0.006951003906535019,1.1318570316817311,1.1314912568756774,1.1318570316817311,1.1314912568756774,0.0,0.0
2025-09-12,0.0020503504449436265,0.0014898496274290199,1.48984962742902e-06,0.0020488605953161974,1.1341777352502522,1.1338095247258348,1.1341777352502522,1.1338095247258348,0.0,0.0
2025-09-15,0.004911064900166738,0.0013852822856106131,1.3852822856106132e-06,0.0049096796178811275,1.1397477557163902,1.1393761662399409,1.1397477557163902,1.1393761662399409,0.0,0.0
2025-09-16,0.001928605609979762,0.001501984852288231,1.501984852288231e-06,0.0019271036251274738,1.1419458796320268,1.1415718621802855,1.1419458796320268,1.1415718621802855,0.0,0.0
2025-09-17,-0.0016828421275467775,0.0013453016667391016,1.3453016667391016e-06,-0.0016841874292135167,1.1400241649984035,1.1396492412004575,1.1419458796320268,1.1415718621802855,-0.0016828421275467687,-0.0016841874292136128
2025-09-18,-0.0005599464978323883,0.001350812949400794,1.3508129494007939e-06,-0.0005612973107817892,1.1393858124597684,1.139009559146137,1.1419458796320268,1.1415718621802855,-0.0022418463238234043,-0.002244539410120594
2025-09-19,0.000645804935614424,0.0015609827127049149,1.560982712704915e-06,0.0006442439529017191,1.140121633441024,1.1397433591669144,1.1419458796320268,1.1415718621802855,-0.0015974891836297855,-0.001601741488160724
2025-09-22,-0.0001859776135502381,0.0015338125310693056,1.5338125310693056e-06,-0.0001875114260813074,1.1399095963404797,1.1395296442642704,1.1419458796320268,1.1415718621802855,-0.001783169699953957,-0.0017889525694113617
2025-09-23,0.0002784943443446482,0.0013694873432383015,1.3694873432383014e-06,0.0002771248570014099,1.1402270547161246,1.139845436253986,1.1419458796320268,1.1415718621802855,-0.0015051719582858114,-0.0015123234756349024
2025-09-24,-0.0035823998553746565,0.0013021850545610995,1.3021850545610996e-06,-0.0035837020404292175,1.1361423054802153,1.1357605698383086,1.1419458796320268,1.1415718621802855,-0.005082179685854782,-0.005090605799338732
2025-09-25,-0.007123777376780908,0.001224205214827894,1.2242052148278942e-06,-0.007125001581995736,1.1280486806276315,1.1276682739814423,1.1419458796320268,1.1415718621802855,-0.01216975274596499,-0.012179336806960817
2025-09-26,0.0037724643399839933,0.0010454836936727024,1.0454836936727024e-06,0.0037714188562903207,1.1323042040490652,1.1319211833735763,1.1419458796320268,1.1415718621802855,-0.008443198364241566,-0.008453851331161388
2025-09-29,0.009988279361255419,0.0008801185877710949,8.801185877710949e-07,0.009987399242667647,1.1436139747610312,1.143226132143161,1.1436139747610312,1.143226132143161,0.0,0.0
2025-09-30,0.0009344991810201298,0.001104359839069629,1.104359839069629e-06,0.0009333948211810602,1.1446826810838484,1.1442932134943424,1.1446826810838484,1.1442932134943424,0.0,0.0
2025-10-01,0.00835571728964329,0.0008518577433151361,8.518577433151361e-07,0.008354865431899975,1.1542473259533361,1.153853629307724,1.1542473259533361,1.153853629307724,0.0,0.0
2025-10-02,0.00467708521297488,0.0007163340048986465,7.163340048986465e-07,0.004676368878969981,1.1596458390536684,1.1592494745107051,1.1596458390536684,1.1592494745107051,0.0,0.0
2025-10-03,0.0027666488308161824,0.0006473166745281783,6.473166745281784e-07,0.0027660015141416543,1.162854171858447,1.1624559603124698,1.162854171858447,1.1624559603124698,0.0,0.0
2025-10-06,0.004705774598059724,0.0027071001556135954,2.7071001556135955e-06,0.004703067497904111,1.1683263014816263,1.1679230691571603,1.1683263014816263,1.1679230691571603,0.0,0.0
2025-10-07,-0.002914123969247025,0.006598044487628081,6.598044487628081e-06,-0.002920722013734653,1.1649216538025768,1.1645118905387244,1.1683263014816263,1.1679230691571603,-0.002914123969247173,-0.0029207220137346113
2025-10-08,0.006213020257350055,0.004624826547149595,4.624826547149595e-06,0.006208395430802906,1.172159335635878,1.1717416408390608,1.172159335635878,1.1717416408390608,0.0,0.0
2025-10-09,-0.007328244017000732,0.003974547092300596,3.974547092300596e-06,-0.007332218564093032,1.1635694659975329,1.1631501750277797,1.172159335635878,1.1717416408390608,-0.007328244017000607,-0.0073322185640931625
2025-10-10,-0.010532694661841842,0.0179027352661378,1.79027352661378e-05,-0.01055059739710798,1.1513139440943385,1.150878245818686,1.172159335635878,1.1717416408390608,-0.017783752522203877,-0.017805456675103803
2025-10-13,0.008993400068368218,0.017279517832428384,1.7279517832428384e-05,0.00897612055053579,1.1616681709978698,1.1612086676921436,1.172159335635878,1.1717416408390608,-0.008950288854984723,-0.008989160050141054
2025-10-14,0.0007724407985700294,0.015541824948884161,1.5541824948884163e-05,0.0007568989736211453,1.162565490887549,1.1620875853408796,1.172159335635878,1.1717416408390608,-0.008184761624685177,-0.00823906496253568
2025-10-15,0.0002902674224482823,0.013982372852499373,1.3982372852499373e-05,0.0002762850495957829,1.1629029457760163,1.1624086527670303,1.172159335635878,1.1717416408390608,-0.00789686997189698,-0.007965056243411595
2025-10-16,0.004535032757943442,0.012729109838259877,1.2729109838259877e-05,0.0045223036481051825,1.1681767487294195,1.1676654176580277,1.172159335635878,1.1717416408390608,-0.003397649777961309,-0.0034787729982134197
2025-10-17,-0.006436191661533464,0.012882544930284602,1.2882544930284603e-05,-0.006449074206463749,1.16065813928005,1.1601350567312294,1.172159335635878,1.1717416408390608,-0.009811973514325056,-0.009905412339464403
2025-10-20,0.010323719741134796,0.01186292851968718,1.1862928519687181e-05,0.010311856812615108,1.1726404486252442,1.1720982033195368,1.1726404486252442,1.1720982033195368,0.0,0.0
2025-10-21,-0.01028958114081783,0.012001516804486512,1.2001516804486513e-05,-0.010301582657622316,1.1605744695801097,1.16002373679519,1.1726404486252442,1.1720982033195368,-0.010289581140817905,-0.010301582657622377
2025-10-22,-0.0038248421962795206,0.013479503692851096,1.3479503692851096e-05,-0.0038383216999723717,1.156135455376935,1.155571192513766,1.1726404486252442,1.1720982033195368,-0.014075067312967926,-0.014100363569335972
2025-10-23,0.002645194566231391,0.012149687584822731,1.2149687584822732e-05,0.002633044878646568,1.1591936586013254,1.1586138633241256,1.1726404486252442,1.1720982033195368,-0.011467104038312192,-0.011504445580772793
2025-10-24,0.004914050555285834,0.011933346462379174,1.1933346462379174e-05,0.004902117208823455,1.164889994843059,1.1642935242819084,1.1726404486252442,1.1720982033195368,-0.006609403411993342,-0.006658724512608738
2025-10-27,0.0017099122180335878,0.010492275133193691,1.049227513319369e-05,0.001699419942900394,1.1668818544779063,1.1662721479164628,1.1726404486252442,1.1720982033195368,-0.004910792693607835,-0.004970620538939374
2025-10-28,0.0007674720426635342,0.009243478177281987,9.243478177281987e-06,0.0007582285644862522,1.1677774036783095,1.1671564487729778,1.1726404486252442,1.1720982033195368,-0.004147089547043903,-0.0042161608409290174
2025-10-29,-0.0043417859540466446,0.008266822150114934,8.266822150114935e-06,-0.00435005277619676,1.1627071641495659,1.162079256622737,1.1726404486252442,1.1720982033195368,-0.00847086972594513,-0.00854787309495475
2025-10-30,-0.005866137462447458,0.0075553757802589855,7.555375780258986e-06,-0.005873692838227717,1.155886564096092,1.155253560015659,1.1726404486252442,1.1720982033195368,-0.014287315902153708,-0.01437135835220249
2025-10-31,0.0022671983027889153,0.006408864916661386,6.408864916661386e-06,0.0022607894378722537,1.1585071881524271,1.157865345062207,1.1726404486252442,1.1720982033195368,-0.012052509777729647,-0.012143059529500677
2025-11-03,-0.00616759874711307,0.006117564045153921,6.1175640451539216e-06,-0.006173716311158224,1.1513619806702569,1.1507170128952715,1.1726404486252442,1.1720982033195368,-0.01814577348063795,-0.018241808035974305
2025-11-04,-0.012449788557861378,0.0054723138617549655,5.472313861754966e-06,-0.012455260871723134,1.1370277674573517,1.136384532310131,1.1726404486252442,1.1720982033195368,-0.03036965099544653,-0.030469862429837402
2025-11-05,0.00370171809345117,0.004755753845213335,4.755753845213335e-06,0.003696962339605957,1.1412367237169048,1.1405857031293922,1.1726404486252442,1.1720982033195368,-0.026780352788577155,-0.026885546024127516
2025-11-06,-0.006054433681719603,0.004526900522771597,4.526900522771598e-06,-0.0060589605822423745,1.1343271816580178,1.133674939313462,1.1726404486252442,1.1720982033195368,-0.032672646600365285,-0.03278160814277775
2025-11-07,0.0026298507763216163,0.002814780973376705,2.8147809733767052e-06,0.00262703599534824,1.1373102928773038,1.1366531441860626,1.1726404486252442,1.1720982033195368,-0.030128720009070187,-0.03024069061200607
2025-11-10,0.010386940351198033,0.002628695502461937,2.628695502461937e-06,0.010384311655695571,1.149123467050224,1.148456504679717,1.1726404486252442,1.1720982033195368,-0.020054724875464225,-0.020170407712308935
2025-11-11,-0.00023915738098121857,0.00487672424384529,4.87672424384529e-06,-0.00024403410522506387,1.1488486456914202,1.1481762421242077,1.1726404486252442,1.1720982033195368,-0.020289086020967906,-0.020409519550135813
2025-11-12,0.00287430059537735,0.004455089250877137,4.455089250877138e-06,0.002869845506126473,1.1521507820377295,1.151471330552909,1.1726404486252442,1.1720982033195368,-0.01747310235762034,-0.01759824621197259
2025-11-13,-0.01272749797448098,0.003780316422139624,3.780316422139624e-06,-0.01273127829090312,1.1374867852930475,1.1368116285996432,1.1726404486252442,1.1720982033195368,-0.029978211457236892,-0.03010547633291938
2025-11-14,-0.009906355878799077,0.00228880185201992,2.28880185201992e-06,-0.009908644680651097,1.1262184363905035,1.125547366103017,1.1726404486252442,1.1720982033195368,-0.03958759250473065,-0.03971581654564582
2025-11-17,-0.006072776572948668,0.0024460230593600085,2.4460230593600088e-06,-0.006075222596008028,1.1193791634539683,1.1187094153115906,1.1726404486252442,1.1720982033195368,-0.04541996247333724,-0.04554975671555683
2025-11-18,-0.001037069376662177,0.0018549476507459528,1.8549476507459528e-06,-0.001038924324312923,1.1182182896026764,1.1175471608881855,1.1726404486252442,1.1720982033195368,-0.04640992819782919,-0.04654135828965145
2025-11-19,-0.001462727296874149,0.0011178349966601032,1.1178349966601032e-06,-0.001463845131870809,1.1165826411866107,1.1159112449170834,1.1726404486252442,1.1720982033195368,-0.04780477042588238,-0.04793707408075931
2025-11-20,-0.011197301467392519,0.001907801176787391,1.907801176787391e-06,-0.011199209268569306,1.1040799287399867,1.1034139213601073,1.1726404486252442,1.1720982033195368,-0.05846678746723688,-0.058599426024975254
2025-11-21,0.0014484832424844847,0.002023505830376738,2.023505830376738e-06,0.001446459736654108,1.1056791700151303,1.1050099651702183,1.1726404486252442,1.1720982033195368,-0.057102992386640405,-0.05723772799865723
2025-11-24,0.011296752666721395,0.0014117105415322705,1.4117105415322704e-06,0.011295340956179864,1.118169754127537,1.1174914294867924,1.1726404486252442,1.1720982033195368,-0.04645131810144054,-0.04658890669577931
2025-11-25,0.0036457172609715444,0.0022036927979035142,2.203692797903514e-06,0.003643513568173641,1.1222462849008563,1.1215630246724453,1.1726404486252442,1.1720982033195368,-0.04297494921266609,-0.043115140441278066
2025-11-26,0.00786780107892858,0.0018001761004805203,1.8001761004805204e-06,0.007866000902828098,1.1310758954320228,1.1303852404370975,1.1726404486252442,1.1720982033195368,-0.03544526648551993,-0.03558828327208652
2025-11-28,0.0028978852174883244,0.0018074395608097954,1.8074395608097955e-06,0.0028960777779275144,1.1343536235492526,1.1336589240124246,1.1726404486252442,1.1720982033195368,-0.03265009758180992,-0.032795271930497916
2025-12-01,-0.009457974814439407,0.0015538379229971915,1.5538379229971915e-06,-0.009459528652362405,1.1236249355470558,1.1229350449387228,1.1726404486252442,1.1720982033195368,-0.041799268595631545,-0.04194457276837171
2025-12-02,0.007546974356601361,0.0014489455371312042,1.4489455371312043e-06,0.0075455254110642295,1.1321049041220674,1.1314081798552824,1.1726404486252442,1.1720982033195368,-0.03456775224724595,-0.0347155411969875
2025-12-03,0.006600623719269599,0.0017191537493298041,1.7191537493298042e-06,0.006598904565520269,1.1395775026049169,1.1388742344587965,1.1726404486252442,1.1720982033195368,-0.028195297253381435,-0.028345721174766414
2025-12-04,-0.0032079099955510987,0.002012488910583421,2.012488910583421e-06,-0.003209922484461682,1.1359218405436053,1.1352185364466332,1.1726404486252442,1.1720982033195368,-0.03131275927304589,-0.03146465609149096
2025-12-05,-0.0034922824997272012,0.0016604960919720767,1.6604960919720767e-06,-0.003493942995819173,1.1319548805788169,1.1312521475924913,1.1726404486252442,1.1720982033195368,-0.03469568877154583,-0.03484866337254344
2025-12-08,-0.00022464444920103485,0.0017717244975993113,1.7717244975993113e-06,-0.00022641617369863415,1.1317005931981488,1.130996013809745,1.1726404486252442,1.1720982033195368,-0.03491253902685321,-0.035067189245222785
2025-12-09,0.0040899739627789315,0.0014371192050836139,1.4371192050836139e-06,0.004088536843573848,1.1363292191579906,1.1356201326821413,1.1726404486252442,1.1720982033195368,-0.03096535643966869,-0.031122025896878625
2025-12-10,0.003574841456511951,0.0014245624485904294,1.4245624485904294e-06,0.0035734168940633605,1.1403914159588824,1.1396781768495061,1.1726404486252442,1.1720982033195368,-0.02750121122307292,-0.02765982097593267
2025-12-11,0.00195699099609995,0.0013907907317568455,1.3907907317568456e-06,0.001955600205368193,1.1426231516919436,1.1419069317262067,1.1726404486252442,1.1720982033195368,-0.025598039849718313,-0.025758312322145427
2025-12-12,-0.009578244985790981,0.0017933266587770204,1.7933266587770204e-06,-0.009580038312449758,1.1316788272186016,1.1309674195710178,1.1726404486252442,1.1720982033195368,-0.034931100538672655,-0.03509158501568488
2025-12-15,-0.002385642796541304,0.00131880294223077,1.31880294223077e-06,-0.002386961599483535,1.1289790457764493,1.128267843770235,1.1726404486252442,1.1720982033195368,-0.03723341020683857,-0.037394784349270904
2025-12-16,0.0007279898682867774,0.0013995959870105289,1.399595987010529e-06,0.0007265902722997669,1.1298009310832826,1.129087632210067,1.1726404486252442,1.1720982033195368,-0.03653252588394407,-0.03669536476351409
2025-12-17,-0.00658649965709507,0.0015022913535492899,1.50229135354929e-06,-0.00658800194844862,1.1223594976381168,1.1216492006890977,1.1726404486252442,1.1720982033195368,-0.042878404071831855,-0.04304161757740177
2025-12-18,0.003425685029300956,0.0017189405353438374,1.7189405353438375e-06,0.003423966088765612,1.1262043477666694,1.1254896895157482,1.1726404486252442,1.1720982033195368,-0.03959960694944009,-0.03976502452762676
2025-12-19,0.005395951344220707,0.0016096059940499952,1.6096059940499952e-06,0.005394341738226657,1.1322812916308682,1.1315609655238468,1.1726404486252442,1.1720982033195368,-0.034417333157568786,-0.0345851889209311
2025-12-22,0.003973900889966743,0.0014344831320171995,1.4344831320171996e-06,0.0039724664068347265,1.1367808652633729,1.1360560534466757,1.1726404486252442,1.1720982033195368,-0.030580203338467227,-0.03075011101525882
2025-12-23,0.0024070572603577286,0.0013379857827096088,1.3379857827096089e-06,0.002405719274575019,1.139517161898541,1.13878908539145,1.1726404486252442,1.1720982033195368,-0.028246754378578376,-0.02841836787544849
2025-12-24,0.002369068055375214,0.0012685070527860207,1.2685070527860207e-06,0.002367799548322428,1.1422167556053466,1.1414855096734744,1.1726404486252442,1.1720982033195368,-0.02594460480666949,-0.026117857325745675
2025-12-26,0.0010769009308825813,0.001128795992500941,1.128795992500941e-06,0.0010757721348900805,1.1434468098927277,1.142713487977162,1.1726404486252442,1.1720982033195368,-0.024895643644854526,-0.025070182053989476
2025-12-29,-0.006408900859775834,0.0011313781762049523,1.1313781762049522e-06,-0.0064100322379520396,1.1361185726496983,1.135388657680486,1.1726404486252442,1.1720982033195368,-0.03114499079267019,-0.031319513616764105
2025-12-30,0.00011870391142025741,0.001771998441259321,1.7719984412593211e-06,0.00011693191297899809,1.136253434368109,1.1355214208482032,1.1726404486252442,1.1720982033195368,-0.03102998391347822,-0.03120624395442584
2025-12-31,-0.0063526105831197815,0.001678869786157073,1.678869786157073e-06,-0.006354289452905938,1.1290352587758359,1.1283059890601586,1.1726404486252442,1.1720982033195368,-0.03718547309239528,-0.037362239900507466
2026-01-02,0.003317617016149637,0.0014596677322339033,1.4596677322339033e-06,0.003316157348417403,1.1327809653621836,1.1320476292570438,1.1726404486252442,1.1720982033195368,-0.03399122323453041,-0.03416998161848939
2026-01-05,0.012286032449843066,0.0013291249140403444,1.3291249140403445e-06,0.012284703324929026,1.146698349061188,1.1459544985321557,1.1726404486252442,1.1720982033195368,-0.02212280805635669,-0.022305046380361904
2026-01-06,0.005645619947854524,0.0014583567266195745,1.4583567266195746e-06,0.005644161591127904,1.1531721721348196,1.152422450897951,1.1726404486252442,1.1720982033195368,-0.016602085074967743,-0.01678677807530249
2026-01-07,-0.00433809097345218,0.0012341086554435166,1.2341086554435165e-06,-0.004339325082107623,1.1481696063440454,1.1474217152515855,1.1726404486252442,1.1720982033195368,-0.020868154693015617,-0.021053259870260188
2026-01-08,-0.0010930968352287802,0.0014562449420295089,1.4562449420295088e-06,-0.0010945530801708097,1.146914545781045,1.146165801278902,1.1726404486252442,1.1720982033195368,-0.021938440614392207,-0.022124769039992387
2026-01-09,0.0043087718825939305,0.0013388347977648027,1.3388347977648027e-06,0.004307433047796166,1.1518563389276442,1.1511028337295846,1.1726404486252442,1.1720982033195368,-0.017724196467865716,-0.017912636953533956
2026-01-12,0.0029773447595893123,0.0017858122636567018,1.785812263656702e-06,0.0029755589473256555,1.15528581236215,1.1545280080657805,1.1726404486252442,1.1720982033195368,-0.014799622751747954,-0.014990378113365677
2026-01-13,0.004558218996200613,0.0016279942023390698,1.6279942023390699e-06,0.0045565910019982735,1.1605518580981002,1.1597887199988879,1.1726404486252442,1.1720982033195368,-0.010308863677111035,-0.010502092133395369
2026-01-14,0.0020990587139685705,0.0015651224303534148,1.5651224303534149e-06,0.002097493591538217,1.1629879245888535,1.162221369406624,1.1726404486252442,1.1720982033195368,-0.008231443873275013,-0.008426626612804688
2026-01-15,-0.0008002182561650951,0.0014412053094526797,1.4412053094526798e-06,-0.0008016594614745477,1.1620572804198979,1.1612896636495111,1.1726404486252442,1.1720982033195368,-0.009025075177778175,-0.009221530789326748
2026-01-16,-0.0027079334223959997,0.0012777340932786964,1.2777340932786965e-06,-0.0027092111564892786,1.1589105066715102,1.1581434847368361,1.1726404486252442,1.1720982033195368,-0.01170856929746067,-0.011905758871721739
2026-01-20,-0.010120509393642422,0.00108041821775429,1.08041821775429e-06,-0.010121589811860177,1.1471817420023502,1.1464212314410516,1.1726404486252442,1.1720982033195368,-0.02171058200554199,-0.021906843475883453
2026-01-21,0.008318298065972408,0.0014988273861068942,1.4988273861068943e-06,0.008316799238586301,1.1567243416681672,1.1559557866657995,1.1726404486252442,1.1720982033195368,-0.013572879031877538,-0.013772239056437319
2026-01-22,0.004587839907339146,0.0016353305421380158,1.6353305421380158e-06,0.004586204576797009,1.162031207764663,1.1612572363851812,1.1726404486252442,1.1720982033195368,-0.009047309320618258,-0.009249196785433678
2026-01-23,0.0021285748445419046,0.0014145413018525031,1.414541301852503e-06,0.002127160303240052,1.1645046781620836,1.16372741668027,1.1726404486252442,1.1720982033195368,-0.006937992351107036,-0.007141711006432461
2026-01-26,0.008288162353126498,0.0012836945710632333,1.2836945710632333e-06,0.008286878658555435,1.1741562819956664,1.1733710845739336,1.1741562819956664,1.1733710845739336,0.0,0.0
2026-01-27,0.0036262098878153165,0.0011656896252545956,1.1656896252545957e-06,0.003625044198190062,1.1784140191152794,1.1776246066163922,1.1784140191152794,1.1776246066163922,0.0,0.0
2026-01-28,0.003982974371649977,0.00121623296229258,1.21623296229258e-06,0.003981758138687684,1.1831076119526087,1.182313622978106,1.1831076119526087,1.182313622978106,0.0,0.0
2026-01-29,-0.005803902233327183,0.0023276495244994,2.3276495244994e-06,-0.005806229882851682,1.1762409710413306,1.1754488382894677,1.1831076119526087,1.182313622978106,-0.005803902233327163,-0.005806229882851843
2026-01-30,-0.016149695270244305,0.002209009524651629,2.209009524651629e-06,-0.016151904279768956,1.1572450377946368,1.1564631011676505,1.1831076119526087,1.182313622978106,-0.021859866251125015,-0.021864352493326633
2026-02-02,0.000625200353598097,0.004114170813896693,4.114170813896694e-06,0.0006210861827842003,1.1579685478014656,1.1571813644206854,1.1831076119526087,1.182313622978106,-0.021248332693636685,-0.021256845957771664
2026-02-03,0.0001137600545912255,0.004505927733396805,4.505927733396805e-06,0.00010925412685782869,1.1581002783666785,1.1573077912602714,1.1831076119526087,1.182313622978106,-0.021136989850532695,-0.021149914229058653
2026-02-04,-0.006030868954370432,0.004986681813741609,4.986681813741609e-06,-0.006035855636184174,1.1511159273518292,1.1503224485055932,1.1831076119526087,1.182313622978106,-0.027040384389024563,-0.027058112036238646
2026-02-05,-0.018070736415005322,0.004634598037239701,4.634598037239701e-06,-0.018075371013042563,1.13031441484554,1.129529943464223,1.1831076119526087,1.182313622978106,-0.04462248114517542,-0.04464439763531369
2026-02-06,0.026319093921915993,0.005426876347842044,5.426876347842044e-06,0.026313667045568152,1.1600632660911552,1.15925201831454,1.1831076119526087,1.182313622978106,-0.019477810495548198,-0.019505488404571114
2026-02-09,0.0018377276746103202,0.00543098025194539,5.43098025194539e-06,0.0018322966943583748,1.1621951464595497,1.161376111955626,1.1831076119526087,1.182313622978106,-0.017675877732326484,-0.017708931552138263
2026-02-10,-0.0010805120308434906,0.0050033224514879175,5.0033224514879175e-06,-0.0010855153532949786,1.1609393806216122,1.1601154203551483,1.1831076119526087,1.182313622978106,-0.018737290764624492,-0.018775223588342937
2026-02-11,-0.0032343279931075376,0.0043800154550260526,4.3800154550260524e-06,-0.0032387080085625637,1.1571845218845669,1.1563581452523872,1.1831076119526087,1.182313622978106,-0.021911016213696954,-0.021953124129907242
2026-02-12,-0.005788433041597381,0.003998608924062709,3.998608924062709e-06,-0.005792431650521444,1.1504862367628652,1.149660019732489,1.1831076119526087,1.182313622978106,-0.027572618805067894,-0.027618393809390684
2026-02-13,0.008224482516235084,0.0034305239289824027,3.4305239289824028e-06,0.008221051992306102,1.1599483907022903,1.1591114345281854,1.1831076119526087,1.182313622978106,-0.019574906810122084,-0.019624394068535667
2026-02-17,-0.0034457468694925088,0.0032017183432287155,3.2017183432287158e-06,-0.0034489485878357374,1.155951502166255,1.1551137187829252,1.1831076119526087,1.182313622978106,-0.022953203505753028,-0.023005659130161615
2026-02-18,0.00139246455629926,0.0031308900404910904,3.1308900404910905e-06,0.001389333666258769,1.1575611236618224,1.1567185571607876,1.1831076119526087,1.182313622978106,-0.021592700471789072,-0.021648288000646887
2026-02-19,-0.00072905178545595,0.0028559677348968977,2.8559677348968977e-06,-0.000731907753190847,1.1567172016578424,1.155871945880542,1.1831076119526087,1.182313622978106,-0.022306010060413217,-0.022364351204006705
2026-02-20,0.004990330202505431,0.002585505671667581,2.585505671667581e-06,0.004987744696833763,1.162489602445033,1.1616371400488266,1.1831076119526087,1.182313622978106,-0.017426994213609603,-0.017488154181288906
2026-02-23,-0.006374222373587006,0.0023460518563969135,2.3460518563969134e-06,-0.006376568425443403,1.1550796352120658,1.154229881339769,1.1831076119526087,1.182313622978106,-0.02369013305077583,-0.023753208194960518
2026-02-24,0.002081322367664634,0.002531830927353474,2.531830927353474e-06,0.0020787905367372806,1.1574837282932664,1.1566292834943173,1.1831076119526087,1.182313622978106,-0.021658117486922812,-0.021723795602636264
2026-02-25,0.010492313698135866,0.002140685538974913,2.1406855389749133e-06,0.01049017301259689,1.1696284106710073,1.1687625247896085,1.1831076119526087,1.182313622978106,-0.011393047551570779,-0.011461508964401346
2026-02-26,-0.0012883291209869197,0.0021539484831719184,2.1539484831719185e-06,-0.0012904830694700916,1.1681215443288062,1.1672542565391364,1.1831076119526087,1.182313622978106,-0.012666698677620158,-0.012737201150602284
2026-02-27,-0.002642053673837984,0.002029229795525403,2.029229795525403e-06,-0.002644082903633509,1.165035304511123,1.1641679395152278,1.1831076119526087,1.182313622978106,-0.015275286253681575,-0.01534760583843342
2026-03-02,0.004227653235541277,0.0016749139378421062,1.6749139378421063e-06,0.004225978321603435,1.1699606697857592,1.169087687990325,1.1831076119526087,1.182313622978106,-0.011112211631494562,-0.01118648616639173
2026-03-03,-0.008283233936290086,0.001455578879185914,1.455578879185914e-06,-0.008284689515169271,1.160269611861665,1.159402159479318,1.1831076119526087,1.182313622978106,-0.019303400519291358,-0.01937849911690659
2026-03-04,0.008536737995073118,0.0015875515633674703,1.5875515633674702e-06,0.008535150443509752,1.1701745295417734,1.1692978313350042,1.1831076119526087,1.182313622978106,-0.0109314505968654,-0.011008747078729009
2026-03-05,-0.006846758457160032,0.0016625945742926515,1.6625945742926516e-06,-0.006848421051734325,1.16216262718528,1.1612899874511422,1.1831076119526087,1.182313622978106,-0.017703364052202186,-0.01778177559521621
2026-03-06,-0.005561828175961973,0.0021817242144069916,2.181724214406992e-06,-0.00556400990017638,1.155698878340351,1.1548285584639884,1.1831076119526087,1.182313622978106,-0.023166729159169397,-0.023246847519938107
2026-03-09,0.007396484152394366,0.0021532347909459133,2.1532347909459132e-06,0.0073943309176034205,1.1642469867789353,1.16336774297837,1.1831076119526087,1.182313622978106,-0.015941597351863623,-0.016024411485688228
2026-03-10,-0.0007426128750484869,0.0028400112736818167,2.8400112736818167e-06,-0.0007454528863221687,1.1633824019768169,1.1625005071365127,1.1831076119526087,1.182313622978106,-0.016672371791469742,-0.016757918928216764
2026-03-11,-0.005224352249796952,0.002841746407081479,2.8417464070814788e-06,-0.005227193996204033,1.157304482507675,1.1564238914650244,1.1831076119526087,1.182313622978106,-0.021809621698188564,-0.021897516031210373
2026-03-12,-0.007807402073487838,0.001888837941309545,1.8888379413095451e-06,-0.007809290911429147,1.1482689410912879,1.147393040879647,1.1831076119526087,1.182313622978106,-0.029446747286007935,-0.029535802869714134
2026-03-13,-0.004173064756654518,0.0023894702509427435,2.3894702509427435e-06,-0.004175454226905461,1.143477140442059,1.1426021537571842,1.1831076119526087,1.182313622978106,-0.03349692885936506,-0.03358793170368224
2026-03-16,0.00918247857400336,0.0021144561465683102,2.11445614656831e-06,0.009180364117856792,1.1539770947840307,1.1530916575705226,1.1831076119526087,1.182313622978106,-0.02462203511690786,-0.024715917028830914
2026-03-17,-2.023844961867769e-05,0.0018188978114238065,1.8188978114238064e-06,-2.2057347430101496e-05,1.1539537400767368,1.1530662234272129,1.1831076119526087,1.182313622978106,-0.02464177525470923,-0.02473742920869204
2026-03-18,-0.013573467946889906,0.0015920020691035618,1.5920020691035618e-06,-0.013575059948959009,1.1382905859736114,1.1374132803190686,1.1831076119526087,1.182313622978106,-0.03788076885502489,-0.03797667707315999
2026-03-19,-0.006160798893972021,0.001838498197662821,1.838498197662821e-06,-0.006162637392169683,1.1312778065905265,1.130403814707424,1.1831076119526087,1.182313622978106,-0.04380819195013208,-0.04390527797516819
2026-03-20,-0.012168687305689402,0.0015783589253385646,1.5783589253385648e-06,-0.01217026566461474,1.1175116407062602,1.1166464999741408,1.1831076119526087,1.182313622978106,-0.05544379106655273,-0.055541204742746264
2026-03-23,0.010128174867646531,0.0007065926683270177,7.065926683270177e-07,0.010127468274978204,1.1288299940199638,1.1279553019769943,1.1831076119526087,1.182313622978106,-0.045877160610153456,-0.04597622825675429
2026-03-24,-0.0028503674834082183,0.0007868003309056786,7.868003309056786e-07,-0.002851154283739124,1.1256124137107135,1.1247393273858963,1.1831076119526087,1.182313622978106,-0.0485967613267273,-0.04869629722034907
2026-03-25,0.007957242444333597,0.0006667046831817618,6.667046831817618e-07,0.007956575739650416,1.134569184584961,1.1336884010316057,1.1831076119526087,1.182313622978106,-0.04102621509427995,-0.04112717725777282
2026-03-26,-0.01640423510202427,0.0005602090637636739,5.602090637636739e-07,-0.016404795311088034,1.1159574449415173,1.1150904748661274,1.1831076119526087,1.182313622978106,-0.056757446518551524,-0.05685728964422443
2026-03-27,-0.009159241615917052,0.0007606421577374713,7.606421577374713e-07,-0.00916000225807479,1.1057361210702163,1.104876243598396,1.1831076119526087,1.182313622978106,-0.06539683296830279,-0.06549647900077005
2026-03-30,0.0031615224940180517,0.0012684309650505925,1.2684309650505924e-06,0.003160254063053001,1.109231930689428,1.1083679332363987,1.1831076119526087,1.182313622978106,-0.062442064032751654,-0.06254321045159483
2026-03-31,0.017745659666379407,0.0007211389308521207,7.211389308521207e-07,0.017744938527448555,1.1289159830225235,1.128035854077474,1.1831076119526087,1.182313622978106,-0.04580447998356374,-0.045908097348918986
2026-04-01,0.005318165223182987,0.0023900794319330065,2.3900794319330066e-06,0.0053157751437510545,1.1349197447433295,1.1340322390318391,1.1831076119526087,1.182313622978106,-0.04072991055289521,-0.04083635932795204
2026-04-02,-0.0024783105818437586,0.0022855564179727304,2.2855564179727305e-06,-0.0024805961382617313,1.1321070611303887,1.1312191630390325,1.1831076119526087,1.182313622978106,-0.04310727976641815,-0.04321565695096419
2026-04-06,0.0019147399266064566,0.001995125089293802,1.995125089293802e-06,0.0019127448015171628,1.1342747517215281,1.1333828966125121,1.1831076119526087,1.182313622978106,-0.04127507906950789,-0.041385572672623994
2026-04-07,0.006431103656433463,0.0018818598377740511,1.8818598377740511e-06,0.0064292217965956884,1.1415693902247246,1.1406696666353022,1.1831076119526087,1.182313622978106,-0.035109419724997926,-0.03522242790191965
2026-04-08,0.011492073470194111,0.0015671003359453844,1.5671003359453845e-06,0.011490506369858166,1.1546883895285118,1.1537765387056793,1.1831076119526087,1.182313622978106,-0.024020826285779395,-0.02413664506423019
2026-04-09,0.002236274429196136,0.0033482218484319898,3.34822184843199e-06,0.002232926207347704,1.1572705896477042,1.1563528365763782,1.1831076119526087,1.182313622978106,-0.02183826901617414,-0.021957614204203835
2026-04-10,-0.00018624576153807157,0.0031752670647710105,3.1752670647710103e-06,-0.0001894210286028426,1.1570550529054298,1.1561337990326461,1.1831076119526087,1.182313622978106,-0.022020447492668627,-0.022142875998938383
2026-04-13,0.010950813624057377,0.002805349635980718,2.8053496359807183e-06,0.010948008274421396,1.169725747142571,1.1687911614307938,1.1831076119526087,1.182313622978106,-0.011310775685021701,-0.011437288114172883
2026-04-14,0.007805833132622553,0.0024992120061949237,2.4992120061949237e-06,0.007803333920616358,1.1788564311356982,1.1779116291469032,1.1831076119526087,1.182313622978106,-0.0035932325799969966,-0.003723203171857814
2026-04-15,0.0020872526275628337,0.0022792229876036282,2.2792229876036285e-06,0.00208497340457523,1.1813170023191055,1.1803675435666143,1.1831076119526087,1.182313622978106,-0.0015134799365781326,-0.0016459925468756964
2026-04-16,-0.0004566186086982888,0.001624082258482467,1.624082258482467e-06,-0.00045824269095677127,1.1807775909930749,1.1798266487671323,1.1831076119526087,1.182313622978106,-0.0019694074621735558,-0.0021034809737785487
2026-04-17,0.013467032518092385,0.0013512277621075854,1.3512277621075855e-06,0.013465681290330277,1.1966791612076133,1.1957138183972689,1.1966791612076133,1.1957138183972689,0.0,0.0
2026-04-20,0.002321301070672692,0.0013772649743138028,1.3772649743138028e-06,0.0023199238056983785,1.199457013825776,1.1984877833493712,1.199457013825776,1.1984877833493712,0.0,0.0
2026-04-21,-0.005494766799322071,0.001324083315172895,1.324083315172895e-06,-0.005496090882637244,1.1928662772489922,1.1919007855703527,1.199457013825776,1.1984877833493712,-0.005494766799322037,-0.005496090882637139
2026-04-22,0.008813215203583392,0.0012256510153326843,1.2256510153326843e-06,0.00881198955256806,1.203379264459485,1.2024038028404962,1.203379264459485,1.2024038028404962,0.0,0.0
2026-04-23,-0.003895848073881503,0.0011361566543815656,1.1361566543815656e-06,-0.0038969842305358843,1.1986910816698915,1.1977180541820904,1.203379264459485,1.2024038028404962,-0.003895848073881547,-0.0038969842305358604
2026-04-24,0.003409352801893054,0.0014689467434304097,1.4689467434304097e-06,0.003407883855149624,1.2027778424677869,1.201799738201959,1.203379264459485,1.2024038028404962,-0.0004997775925350556,-0.0005023808450290712
2026-04-27,-0.004445231414048685,0.0013673911086929322,1.3673911086929322e-06,-0.004446598805157378,1.1974312166183272,1.1964558169220316,1.203379264459485,1.2024038028404962,-0.0049427873795294675,-0.004946745764121352
2026-04-28,-0.004828783294892361,0.0012515132433480597,1.2515132433480597e-06,-0.004830034808135709,1.191649080762738,1.1906768936799017,1.203379264459485,1.2024038028404962,-0.009747703025293264,-0.009752887618029393
2026-04-29,-0.0031755415047859826,0.0009750800514374755,9.750800514374755e-07,-0.00317651658483742,1.187864949647636,1.1868946887799448,1.203379264459485,1.2024038028404962,-0.012892290294546083,-0.012898423993598085
2026-04-30,0.005690790167884829,0.0006208822570774319,6.208822570774319e-07,0.005690169285627752,1.1946248398238657,1.193648320483315,1.203379264459485,1.2024038028404962,-0.00727486744551098,-0.00728164892401173
2026-05-01,0.004311211205687122,0.0008409509390490608,8.409509390490608e-07,0.004310370254748073,1.1997751198199065,1.1987933866985563,1.203379264459485,1.2024038028404962,-0.002995019729874926,-0.003002665272191285
2026-05-04,-0.003948875830455853,0.0011006922173821022,1.1006922173821022e-06,-0.0039499765226732346,1.1950373568472674,1.194058180965561,1.203379264459485,1.2024038028404962,-0.006932068599307617,-0.006940781337533952
2026-05-05,0.0069469489837715856,0.0009126510413667958,9.126510413667959e-07,0.006946036332730218,1.2033392203989868,1.2023521524739416,1.203379264459485,1.2024038028404962,-3.327634244731925e-05,-4.295592415182181e-05
2026-05-06,0.01269331025415838,0.0008019723473267973,8.019723473267973e-07,0.012692508281811052,1.2186135784645082,1.2176130171268704,1.2186135784645082,1.2176130171268704,0.0,0.0
2026-05-07,-0.005545693895927178,0.0009612412325602192,9.612412325602192e-07,-0.005546655137159738,1.2118555205809236,1.2108593376303511,1.2186135784645082,1.2176130171268704,-0.005545693895927184,-0.005546655137159684
2026-05-08,0.007340744216504381,0.000980348541007918,9.80348541007918e-07,0.007339763867963373,1.2207514419848668,1.2197467592458764,1.2207514419848668,1.2197467592458764,0.0,0.0
2026-05-11,0.0003168929728434788,0.0011728054851665101,1.17280548516651e-06,0.0003157201673583123,1.2211382895384204,1.22013185789684,1.2211382895384204,1.22013185789684,0.0,0.0
2026-05-12,-0.005764469377377625,0.0008915634767784064,8.915634767784065e-07,-0.005765360940854404,1.214099075262833,1.2130973573406294,1.2211382895384204,1.22013185789684,-0.0057644693773776234,-0.005765360940854558
2026-05-13,-2.296729839520683e-05,0.0007378805495547834,7.378805495547834e-07,-2.3705178944761614e-05,1.21407119068709,1.213068600650696,1.2211382895384204,1.22013185789684,-0.005787304281484551,-0.005788929450886604
2026-05-14,0.004660464455719121,0.0007547896781601518,7.547896781601518e-07,0.004659709666040961,1.2197293263179998,1.218721148134719,1.2211382895384204,1.22013185789684,-0.0011538113516637027,-0.001156194515363862
2026-05-15,-0.013394398968833031,0.00047451951600751066,4.745195160075107e-07,-0.013394873488349038,1.2033917850873106,1.2023965325378791,1.2211382895384204,1.22013185789684,-0.014532755710917722,-0.014535580924451508
