Date,rolling_min_variance,dynamic_allocation,regime_aware,black_litterman,bayesian_robust,meta_return,equity_curve,running_peak,drawdown
2025-02-19,0.0015146483593441,0.0015153871037989,0.0016142751144482,0.0005529443014032,0.0022397424817241,0.0012953239541966918,1.0012953239541966,1.0012953239541966,0.0
2025-02-20,-0.0029081151361087,-0.0011430416098176,-0.0009985412053259,0.0006875368785064,-0.0014347510518797,-0.0011728906875680416,1.0001209139932252,1.0012953239541966,-0.0011728906875680956
2025-02-21,-0.0049320295414447,0.0004562297815549,-0.0003974603498917,0.0091228733335715,-0.0126144807419111,-0.0010956500827291236,0.9990251314310694,1.0012953239541966,-0.0022672556925183995
2025-02-24,0.0008146705480848,0.0005112459102431,0.0002602891386997,0.0034824575047282,-0.0061357595111532,0.000242417455397243,0.9992673125613089,1.0012953239541966,-0.0020253878594768127
2025-02-25,-0.0013470513705555,0.0019709791262726,0.0025749716295322,-0.000947934530444,-0.0072804400165953,-0.0001499274131359007,0.9991174949981053,1.0012953239541966,-0.002175011611450395
2025-02-26,-0.0007714758924729,-0.0002488239246793,0.0006496655997133,-0.0019617063993652,-0.0043060251764259,-0.0007578366110815307,0.9983603271816237,1.0012953239541966,-0.002931199919103178
2025-02-27,-0.007367172525842,-0.0047115978237384,-0.001176297751424,0.0039708167127786,-0.0110503049651251,-0.0034940772199801243,0.9948719791050865,1.0012953239541966,-0.006415035300218697
2025-02-28,0.0079243006451415,0.0085473024058555,0.0099007448672867,-0.0058962872542001,0.0064454925580721,0.005569860623764006,1.00041327736719,1.0012953239541966,-0.0008809055289734635
2025-03-03,-0.0028942423561414,-0.0001993341204212,0.0013178752555061,0.0225742998068402,-0.0131006039118335,0.0012972218076013709,1.0017110352872047,1.0017110352872047,0.0
2025-03-04,-0.0076104758151484,-0.0083269645678409,-0.0049054152081945,0.0029879715180456,-0.0030741891930281,-0.004500376264777524,0.9972029587198324,1.0017110352872047,-0.004500376264777506
2025-03-05,0.0049442552302425,0.0020666824871101,0.0020091112478669,-0.009120909686893,0.0093841388752332,0.0016867410469418418,0.9988849818824371,1.0017110352872047,-0.002821226187208148
2025-03-06,-0.0066633605149413,-0.0034211574197707,-0.0009641800001103,0.0166032485107453,-0.0109303089138246,-0.0013354551450645122,0.9975510157940546,1.0017110352872047,-0.004152913711245487
2025-03-07,0.0013963363031515,-0.000641272637947,-3.553707486344355e-05,-0.0107979571885633,0.000678258672638,-0.0011781323265350476,0.9963757686949797,1.0017110352872047,-0.005326153355888041
2025-03-10,-0.0105073433748636,-0.0026403663414588,-0.0040829528507714,0.0296059201591845,-0.0180507262410615,-0.0016432694515337873,0.9947384548320347,1.0017110352872047,-0.006960670502317967
2025-03-11,-0.0042076195692114,-0.0089747953060505,-0.0092052794923528,-0.004179810072606,0.0026505048066137,-0.005139659301172263,0.9896258380804236,1.0017110352872047,-0.01206455432860054
2025-03-12,-0.0030694294800254,-0.0043609683460511,-0.0034108253542199,-0.01749443838485,0.0037611416295862,-0.004315416360850596,0.9853551905476507,1.0017110352872047,-0.0163279071143152
2025-03-13,-0.000226743939029,-0.0059696270188594,-0.0056309324211973,0.008557338095543,-0.0040840009757197,-0.0017796397917779145,0.9836016132415173,1.0017110352872047,-0.018078489112876017
2025-03-14,0.0044076010466265,0.0056808740085309,0.0064846049038004,-0.0189858995461982,0.0124258686384016,0.002264170263402673,0.9858286547652537,1.0017110352872047,-0.0158552516269298
2025-03-17,0.0046077631738144,0.0032398377066055,0.003784450920929,-0.0055813349828184,0.0070287766985811,0.0024756998047090464,0.9882692705733327,1.0017110352872047,-0.0134188046655771
2025-03-18,0.0011180564948952,-0.0023186105969443,-0.0019134839512946,0.0121178754127907,-0.0026634641774543,0.0006961023714436377,0.9889572071562036,1.0017110352872047,-0.012732043155883166
2025-03-19,0.0046557686265074,0.0037327060475357,0.0044776229384693,-0.0079994922406034,0.010616562589424,0.002752947382898544,0.9916797543114428,1.0017110352872047,-0.010014146417869685
2025-03-20,-0.0018069201864323,-0.0021187564383035,-0.0019194121354293,-0.0025940512601147,-0.0041486921225305,-0.00200331352661202,0.9896931088455635,1.0017110352872047,-0.011997398469505205
2025-03-21,-0.0039619549908639,-0.0027609911063195,-0.0026941472791406,-0.0084250898383111,-0.002262471225616,-0.0033914751507919476,0.9863365892600037,1.0017110352872047,-0.015348184741513782
2025-03-24,0.0021524464896837,0.0040764646241852,0.0045415513731416,-0.0163701029056267,0.0077996450310801,0.000904708564188693,0.9872289364194798,1.0017110352872047,-0.014457361811505476
2025-03-25,0.0011410974263628,0.0004694860540824,0.0006049670844217,-0.001390671970616,0.002433842922461,0.0005348273893466776,0.9877569334942325,1.0017110352872047,-0.013930266615233333
2025-03-26,-0.0029215675590544,-0.0042404550644188,-0.0007784254596442,0.0067416376012279,-0.0051827477402513,-0.0013723796902371393,0.9864013559398142,1.0017110352872047,-0.015283528690488102
2025-03-27,0.0022931850423719,-0.0009225503355285,-0.0013603499631863,0.0063765376325553,0.0031076870588765,0.0011730978166868836,0.9875585012168441,1.0017110352872047,-0.014128359947939373
2025-03-28,0.0001526479448704,0.0006745584696692,-0.0010297511333943,0.0255721166970536,-0.0091486310529291,0.002477899010128996,0.9900055714494539,1.0017110352872047,-0.011685469586940056
2025-03-31,0.0111098722046879,0.0093435637775344,0.0093572367130733,0.0120917807447258,0.0085998973445744,0.008930027666678116,0.9988463485926631,1.0017110352872047,-0.002859793486971296
2025-04-01,0.0010661990510303,0.0020849554441236,0.0026500685545343,0.0009806162458523,0.0020049389469242,0.001562860083070623,1.0004074056799994,1.0017110352872047,-0.001301402860987344
2025-04-02,0.002413735065096,0.0033825188786075,0.0035404404414488,-0.0040308254638253,0.0018110445973124,0.001669174191787381,1.0020772599028334,1.0020772599028334,0.0
2025-04-03,-0.008021978017055,-0.0041127248219458,0.0018206981671263,0.057246266426903,-0.0225568671447558,0.003010789475338597,1.005094303570425,1.005094303570425,0.0
2025-04-04,-0.0133356593718445,-0.0025755758603817,0.0015436979102723,0.0740806948223133,-0.0324995349559507,0.0033491477658658926,1.0084605129117123,1.0084605129117123,0.0
2025-04-07,-0.012241484789794,-0.0082373035416024,-0.0026129483212995,-0.0075596203855086,-0.0098772419787297,-0.00709887321936099,1.0013015795838203,1.0084605129117123,-0.00709887321936109
2025-04-08,-0.002357256564127,-0.0068261681682721,0.0010967427072036,0.0127694075671913,-0.0068680798951647,-0.0008000651076024054,1.000500473127808,1.0084605129117123,-0.007893258766197508
2025-04-09,0.045797187334845,0.0125988308042107,0.0035699355968297,-0.0439055529286333,0.0507856510566755,0.013078719459794155,1.0135857381352378,1.0135857381352378,0.0
2025-04-10,-0.0089235102410677,-0.018591002765069,-0.0041820787924109,0.033717303719045,-0.0072121869679148,-0.003290779925908673,1.010250250534995,1.0135857381352378,-0.003290779925908649
2025-04-11,0.0095343879188897,0.0041148376616214,0.002956902417454,-0.0043023814642629,0.0167020431708661,0.004706317275466297,1.015004808741632,1.015004808741632,0.0
2025-04-14,-0.008797092056553,-0.0073722211510442,-0.0066516458240061,-0.0316411953504516,0.0008199778194761,-0.009095037761601877,1.0057733016779191,1.015004808741632,-0.009095037761602032
2025-04-15,-0.0022116148196848,-0.0014140298511109,-0.0006956083075276,-0.0030042039830974,-0.0006884739818205,-0.001424632140383987,1.0043404447064086,1.015004808741632,-0.010506712818872832
2025-04-16,-0.0011184054907831,-0.0061163581725299,-0.0067111893591916,0.0258870208416599,0.008689729766961,0.0012164697193041843,1.0055621944452664,1.015004808741632,-0.009303024197562348
2025-04-17,-0.0082905019549059,-0.0129715382275839,-0.0125244888393973,-0.0196868710619508,-0.0026344113266499,-0.010168529286412924,0.9953371058217401,1.015004808741632,-0.019376955409970087
2025-04-21,0.0008122115875565,-0.0099540407440881,-0.003838488033864,0.0308711784897384,0.011221620043007,0.002284655362608904,0.9976111080781592,1.015004808741632,-0.0171365697124497
2025-04-22,0.0074972825012338,0.0064481929683213,0.0048719031259095,-0.0155972319438583,0.0154926672869544,0.00354981454830152,1.0011524425031622,1.015004808741632,-0.013647586808621548
2025-04-23,0.0014166015195903,0.0038380718249093,0.003905690236575,-0.0175492696917109,-0.0051426577791505,-0.000802276515466872,1.0003492414101396,1.015004808741632,-0.014438914185699092
2025-04-24,0.0117624119798783,0.0065638611537882,0.0057716291033571,-0.0054536786082393,0.0081625070070941,0.005395501464640193,1.0057466272073199,1.015004808741632,-0.009121317903695414
2025-04-25,-0.001175694349103,0.0005061137020285,0.0014157089021556,-0.0118608076810396,-0.0011075265791468,-0.0015286349279046048,1.0042092077843485,1.015004808741632,-0.010636009666463941
2025-04-28,0.0046338525202101,0.0054059970948062,0.0058116340524087,0.0093690497790641,0.0094117936874064,0.005554496898557429,1.0097870847144896,1.015004808741632,-0.0051405904506117706
2025-04-29,-0.0002273263253526,0.0028854069180164,0.0033335776382957,-0.0081278481740395,-0.0037158605208788,-0.0001438261308940238,1.0096418509450684,1.015004808741632,-0.005283677230270789
2025-04-30,-0.0002796785230637,-0.0025277672269043,-0.0039099227891113,-0.0007161542130799,-0.0036916941549617,-0.0018570657777121466,1.0077668796159325,1.015004808741632,-0.007130930871818042
2025-05-01,0.0007444571847649,-0.0009614585459035,-0.0021312479971092,-0.0035484068997544,-0.0025724578824258,-0.0011779903355606611,1.0065797399712468,1.015004808741632,-0.008300521039728004
2025-05-02,0.0019944171195526,-0.0069264133100597,-0.009904484552401,-0.0127516322289509,2.598418764223509e-05,-0.004758250807857455,1.0017901811103558,1.015004808741632,-0.013019275886642534
2025-05-05,0.0047666878713897,0.0005838892817603,-0.0001121839882328,0.0132021192451401,0.0105526131412477,0.003918380818655675,1.005715576540336,1.015004808741632,-0.009151909548894
2025-05-06,0.0043657142678479,0.0039279285418693,0.0051555705940907,0.0168201470909013,0.0150691781558745,0.006531898987128157,1.0122848090960788,1.015004808741632,-0.0026797899104786804
2025-05-07,-0.0017326456501521,-0.0008706356828048,-0.0008240592903375,-0.0094261486703923,-0.0039530699668287,-0.002363475876791891,1.0098922983693372,1.015004808741632,-0.005036932168462349
2025-05-08,-0.004046463193802,-0.0016220465174676,-0.0023766081681415,0.0155886712720562,0.0089913664664527,0.0010959642818843653,1.0109991042569002,1.015004808741632,-0.003946488184324748
2025-05-09,-0.0013356450493568,-0.0023191318570335,-0.0028475591862863,0.0037882164705206,0.0021665254387648,-0.0007057837607920975,1.0102855575069403,1.015004808741632,-0.004649486577844253
2025-05-12,-0.0055890099095294,0.008736403855698,0.0058730067449529,-0.0273045476039569,-0.0137168228092388,-0.0030106002193739344,1.0072439915858795,1.015004808741632,-0.007646089051907001
2025-05-13,-0.0018912083177946,0.0018828489079373,0.0016360628576609,0.0117665578642459,0.0047075511002468,0.002290831149565477,1.0095514174970173,1.015004808741632,-0.005372773801313846
2025-05-14,-0.0050059998163719,-0.0001596949394225,-0.0002900132015599,-0.0055873399852197,-0.0102453098823875,-0.0029353125823629008,1.0065880685186959,1.015004808741632,-0.008292315613135703
2025-05-15,0.0054008406183417,0.003132853597452,0.0023814718029857,-0.0049099988943405,0.0076381201158102,0.002494548224041611,1.0090990509973607,1.015004808741632,-0.0058184529702799415
2025-05-16,-0.0004117431313612,0.0024543419749601,0.0015638750497296,-0.0054543431515026,-0.0043256096444117,-0.0003484603719434917,1.0087474199667223,1.015004808741632,-0.0061648858419373065
2025-05-19,0.0058113147338687,0.0040631406463361,0.0030494236356068,0.0081831349958509,0.0019887566655133,0.004123634813917589,1.0129071259461466,1.015004808741632,-0.002066672765901334
2025-05-20,0.000375747692859,-0.003088953497101,-0.0021838136554437,0.002581258977126,0.0082262749207014,5.8404906795055025e-05,1.0129662846924297,1.015004808741632,-0.002008388562936503
2025-05-21,-0.0006573753098714,-0.0056089290186093,-0.0080598719815827,0.0227597702829415,0.0067637909079436,0.0005729963704150863,1.0135467106969114,1.015004808741632,-0.0014365429918782313
2025-05-22,-0.0009680530997413,-0.0007788642880701,-0.0016409169325624,0.0081434051515791,0.0032248509317544,0.0006352224517794817,1.0141905383234733,1.015004808741632,-0.000802233064460145
2025-05-23,0.0064686426795847,0.0022695253407741,0.001203247478246,-0.00525803539172,-0.0038717679212832,0.0011978675928803833,1.0154054043023368,1.0154054043023368,0.0
2025-05-27,-0.0006399857329166,0.0062643797569281,0.0024613811394685,-0.009939651137548,-0.0041688209460331,5.3159908937435406e-05,1.0154593831611642,1.0154593831611642,0.0
2025-05-28,-0.0032760742650774,-0.003871081049889,-0.0041271808624343,0.0001520420973532,-0.0050019030684124,-0.0029006129346383033,1.012513928539767,1.0154593831611642,-0.0029006129346383913
2025-05-29,0.0035728627592372,0.0040013297239023,0.0032716775622769,-0.0080036858268629,-0.001636095854499,0.001179944922953388,1.0137086392091672,1.0154593831611642,-0.0017240905751906288
2025-05-30,-0.0031394317377733,-0.0027103762146712,-0.0035563278168,-0.0157723564535323,-0.0063307326633253,-0.004705124237157034,1.0089390141214087,1.0154593831611642,-0.006421102751995256
2025-06-02,0.0026220595085495,0.0018510970883762,0.0027182217018743,0.0076868597788913,0.0080060976086879,0.0033201279316948254,1.0122888207235698,1.0154593831611642,-0.0031222937028996256
2025-06-03,-0.0021462320839694,0.0007875652539181,6.030073141187172e-05,-0.0055951663569291,-0.0046407076527862,-0.0014732992281761344,1.0107974163853064,1.0154593831611642,-0.004590992858173215
2025-06-04,0.0046176986616465,0.0026527216380539,0.0015815739344619,0.0005653352669484,0.0035066158508163,0.00237838101992779,1.0132014777754292,1.0154593831611642,-0.002223530968521903
2025-06-05,0.000601861115887,-0.000195785281,-0.0005103401148727,-0.0133438301024378,-0.010149461461488,-0.002697282341316807,1.0104685873212294,1.0154593831611642,-0.004914815819022089
2025-06-06,-0.006132509036172,-0.0018263931285858,-0.0026550231051315,-0.0023771174940536,-0.0008182721032354,-0.0027524096635624276,1.0076873638167603,1.0154593831611642,-0.007653697896029432
2025-06-09,0.0039234693891376,0.0025339664133205,0.0020633501126821,0.022153828359238,0.0137364823675609,0.006066439809966678,1.0138004385566186,1.0154593831611642,-0.0016336887836727598
2025-06-10,0.0023649234686796,0.0038173483679396,0.0032296849539186,0.0082218494484696,0.0023883802985411,0.00335003826809413,1.017196708821994,1.017196708821994,0.0
2025-06-11,0.0021823180340215,0.0002209275158074,4.0861318191331465e-05,-0.0025716083913969,-0.0009783884771479,0.0001348919323419367,1.0173339204516187,1.0173339204516187,0.0
2025-06-12,0.0083676348990431,0.007924326608313,0.0080043508427401,-0.0038835214223283,0.0009091163544925,0.004898901135485807,1.0223177387496876,1.0223177387496876,0.0
2025-06-13,0.0010946955396852,-0.0006277535339919,-0.0024583583973055,0.0091203354908641,0.0061466396806675,0.001378831685043189,1.0237273428400573,1.0237273428400573,0.0
2025-06-16,-0.0059097588706758,-0.0010050279784183,-0.0005335534410543,-0.0066176266923946,-0.0061294412746603,-0.0031350006003846905,1.0205179570056235,1.0237273428400573,-0.00313500060038463
2025-06-17,0.0083876967802951,0.0046663598406384,0.0039220893710971,0.0079390197121502,0.0016955660776888,0.004972293727521882,1.025592272042066,1.025592272042066,0.0
2025-06-18,-0.0048577111273428,-0.0041619746563411,-0.0032141981419013,-0.0066538281377529,-0.0033552300503127,-0.0038846140591961426,1.0216082418830885,1.025592272042066,-0.0038846140591961564
2025-06-20,0.0004469973285697,-0.0003170207124388,-0.000669039904934,-0.0050430073340197,-0.0034825137474093,-0.0010865961292475911,1.0204981663218509,1.025592272042066,-0.004966989181843462
2025-06-23,0.0047073078748226,0.0053205400948191,0.0049928181202084,0.0132422493097384,0.0107388346790961,0.006016455964872821,1.0266379486017596,1.0266379486017596,0.0
2025-06-24,-0.0017700866162892,0.0007734328191257,-0.0019176277309773,-0.0063266350968385,-0.005566280088554,-0.001973484148840923,1.0246118948835954,1.0266379486017596,-0.0019734841488410204
2025-06-25,-0.0023603640351616,-0.0022144351768468,-0.0029684268891516,-0.0030270902699702,0.0011311851301293,-0.001933373499813374,1.022630937398434,1.0266379486017596,-0.003903042166698678
2025-06-26,0.0050312804520016,0.0058502204049395,0.0054846552500874,0.0020828818451865,0.0010767091993105,0.003951068098255559,1.026671421871478,1.026671421871478,0.0
2025-06-27,-0.0012096983252256,0.0009567804902233,0.0009203235693967,-0.0011941892682832,-0.007455953357423,-0.0007282951382317981,1.0259237020663676,1.026671421871478,-0.0007282951382316938
2025-06-30,0.0086920150843,0.0074200052764101,0.0072942524939385,0.0043918261152923,0.0065137755990977,0.00632155405931421,1.032409134209712,1.032409134209712,0.0
2025-07-01,0.0053374212699361,0.0019748257411731,0.0015905487944543,-0.0030979400097562,0.002296947242489,0.001804351571707278,1.034271963253668,1.034271963253668,0.0
2025-07-02,-0.0008843521673588,0.000975806514677,0.0013522987809996,0.009922279707624,0.0044052571664992,0.001995348418264998,1.0363356961796022,1.0363356961796022,0.0
2025-07-03,-0.0001633491316834,0.0028069981579424,0.0029307601037878,0.0025462991102614,-0.002761757592793,0.0012586890693983654,1.037640120592611,1.037640120592611,0.0
2025-07-07,-0.0010026064684135,-0.0020627222749933,-0.0032320089389403,-0.000430073861656,-0.0032211720851223,-0.0017022428893716348,1.0358738050756053,1.037640120592611,-0.0017022428893717079
2025-07-08,-0.0064599361942897,-0.0049850142392988,-0.0062215424514917,-0.0010430861921105,-0.0040675773190217,-0.004380919185484256,1.031335725649209,1.037640120592611,-0.006075704686323569
2025-07-09,0.0035917370508136,0.0029681576475467,0.0017264153221956,0.0096580668312085,0.0073082929173111,0.00378413486365813,1.0352384391247742,1.037640120592611,-0.002314561108590407
2025-07-10,0.0046274260473176,0.0020057606438647,0.0023013994117814,0.0143006052008865,0.0062644083240816,0.004438994601891846,1.0398338569677201,1.0398338569677201,0.0
2025-07-11,-0.0035939959659629,-0.0028672297985977,-0.0039447763600669,0.0022412172490722,0.0007500932183407,-0.0019074647268377289,1.0378504105637825,1.0398338569677201,-0.001907464726837782
2025-07-14,0.0046310511223812,0.0039162060209737,0.003212809857357,0.0069925855600283,-0.0002580203939117,0.003486756893846128,1.0414691426375968,1.0414691426375968,0.0
2025-07-15,-0.007522334905525,-0.0046228058673571,-0.0046361294682291,0.0026865231129884,-0.0058172066653384,-0.0038974614982636305,1.037410056752537,1.0414691426375968,-0.0038974614982637545
2025-07-16,0.0023718009626703,0.0021811808171069,0.0021755831821183,0.0157188781181141,0.0040841292148336,0.003913791791704286,1.0414702637172866,1.0414702637172866,0.0
2025-07-17,-0.0001801709886106,0.001705831850143,0.0011314652466415,0.0057623206671727,0.0008467256836348,0.0014003690998125762,1.04292870649297,1.04292870649297,0.0
2025-07-18,-0.0024306227909017,-0.0010155808805207,-0.0014184035202902,0.0010778062531325,-0.000366899824144,-0.000969377677309218,1.0419177146858707,1.04292870649297,-0.0009693776773092022
2025-07-21,0.0053518127257832,0.0044171230127035,0.0044122282175003,0.0031367218669856,0.0078094715067873,0.004251484395550373,1.0463474115913052,1.0463474115913052,0.0
2025-07-22,0.0049832139507948,0.0015843903883971,0.001619035489735,0.0035976851013699,0.0070853503536382,0.0029627910995790145,1.0494475203894356,1.0494475203894356,0.0
2025-07-23,-0.0040359139001798,9.239615096008268e-05,-0.0009096634699418,-0.0167928537076343,-0.0051138317030846,-0.0037734050445198,1.0454875298220392,1.0494475203894356,-0.0037734050445198397
2025-07-24,-0.0038902241662746,-0.0011543817028665,-0.0007832072829536,0.0045485145032363,-0.0034061538693951,-0.0010358312359347508,1.0444045811818692,1.0494475203894356,-0.0048053276696437
2025-07-25,0.0010395274713784,0.0018063410054454,0.000690190941702,-0.0026486035666377,-0.0017678515256073,0.0002707865362585257,1.04468739188086,1.0494475203894356,-0.0045358423514205715
2025-07-28,-0.0037604429378438,-0.0014551460781691,-0.0016591209748835,-0.0090008632732162,-0.0050967457172353,-0.0031828004058325468,1.0413623604260134,1.0494475203894356,-0.007704206076376119
2025-07-29,0.0102078436330803,0.0054723983746522,0.0055782442082933,0.0076229804728087,0.0043211467279044,0.006111456340580517,1.0477266010264807,1.0494475203894356,-0.001639833654870304
2025-07-30,-0.0067567492104291,-0.004910947388906,-0.0056789402127364,-0.0033654330701001,-0.0078045405379515,-0.004973536682071948,1.042515694343493,1.0494475203894356,-0.006605214564107231
2025-07-31,0.0024828894127448,0.0020336362584688,0.0014566769268446,-0.0038008033071629,-0.0001261139056689,0.0008125573321314571,1.043362798114794,1.0494475203894356,-0.005798024347500208
2025-08-01,0.0174147372361946,0.006019688131657,0.0040868386221717,0.005357666054154,0.0065738243264811,0.007509871518249731,1.0511983186755576,1.0511983186755576,0.0
2025-08-04,0.0025223012394507,0.0025652006463819,0.0039460873530475,0.0040271012470737,0.0055543343465588,0.0029984326913594693,1.0543502660793764,1.0543502660793764,0.0
2025-08-05,-0.0020249800704504,-0.0013228147766788,-0.0014546641851263,-0.0075911934549875,-0.0001863313892077,-0.0020701208643126062,1.052167633595272,1.0543502660793764,-0.0020701208643124636
2025-08-06,0.0005599912692799,-0.0002840186315625,0.0002425042447538,-0.0004641181514101,-0.0010452578018327,-4.171465524132195e-05,1.0521237427851806,1.0543502660793764,-0.002111749165175647
2025-08-07,0.0001245966584231,-0.0017679753206731,-0.0017845478749152,0.0197648743378815,0.0036319082276548,0.002200063296749343,1.054438481615321,1.054438481615321,0.0
2025-08-08,-0.0013079334256038,-0.0015421441512505,-0.0029170019088893,-0.0042076060057514,-0.0007630918618821,-0.0018604517079388494,1.0524767497412832,1.054438481615321,-0.001860451707938915
2025-08-11,0.0020124349823366,0.0025642297307804,0.0022094543598052,0.0051055571398114,-0.0052346685308035,0.0016678682598462026,1.0542321423064027,1.054438481615321,-0.00019568643644540806
2025-08-12,0.0011186013710939,0.0002059741592124,-0.0009560150304403,0.0162571746677463,0.0009481795041563,0.0023281588242647934,1.0566865621713368,1.0566865621713368,0.0
2025-08-13,0.0044238753791353,0.0040735293953346,0.0039637057673123,0.0149900638278644,0.0056671494549451,0.0052236862316813945,1.062206361217354,1.062206361217354,0.0
2025-08-14,-0.0023209579908175,-0.0005229729435858,-0.0007638443900546,-0.019161247969402,-0.0066543873451395,-0.003936322152620299,1.05802517478704,1.062206361217354,-0.003936322152620297
2025-08-15,-0.0017871825740004,-0.0015928511602759,-0.0022093820434555,-0.0075529890108938,-0.0025020391941885,-0.002438211845467134,1.0554454852730717,1.062206361217354,-0.006364936410787392
2025-08-18,-0.0017004827936261,-0.0013967626937376,-0.0015059010964338,-0.0140530625591613,-0.0020351714649355,-0.0030399080995818853,1.052237027993723,1.062206361217354,-0.009385495688620793
2025-08-19,-0.0021992324688178,9.93364294049195e-05,7.433513969228663e-05,-0.0168641169341821,-0.003005729886601,-0.0029603165764753078,1.049122073277372,1.062206361217354,-0.01231802822663064
2025-08-20,0.00057910876033,-0.000247300801866,-0.0004968432546714,0.0222516817864964,0.004227814052138,0.0032856626976918405,1.0525691345388646,1.062206361217354,-0.009072838414792228
2025-08-21,-0.0009009343880662,-0.0003071425050862,-0.0010332234547757,-0.0043312827226431,-0.0039354975502329,-0.0014193163624288457,1.051075205943626,1.062206361217354,-0.010479277549205301
2025-08-22,0.0054709876418294,0.0043795343318271,0.0055450483049245,0.0361480919606599,0.010609058172341,0.009086198125522027,1.0606254835096536,1.062206361217354,-0.001488296215707674
2025-08-25,-0.0027949410838648,-0.0018119274617052,-0.0019859688995521,-0.0264044517466751,-0.0037866405627916,-0.0052638021276453,1.0550425608329206,1.062206361217354,-0.006744264246566267
2025-08-26,0.0033254177450785,0.0022385626420778,0.0021672882266572,0.0175012118449661,0.0037309503766368,0.004346397485194153,1.0596281951660975,1.062206361217354,-0.0024271800145329037
2025-08-27,0.0022148192589284,0.0024862893507246,0.0021761704508357,-0.0046847265784366,0.0008516655657775,0.0009721230267542506,1.0606582841344165,1.062206361217354,-0.001457416505360909
2025-08-28,0.0026812033711589,0.0020143638108148,0.0013360482996308,0.0004277923191971,0.0053701049301057,0.0018932587080371995,1.0626663846671058,1.0626663846671058,0.0
2025-08-29,-0.0022174369164848,-0.0010601962426075,-0.0021017938265653,-0.0069884431719544,-0.0014357643036384,-0.0022249720548978527,1.0603019816575423,1.0626663846671058,-0.0022249720548978003
2025-09-02,0.00235615869956,0.0016655584211869,-0.0004241968566808,0.0159078166308662,0.0057785522341207,0.003448638061424568,1.0639585794280904,1.0639585794280904,0.0
2025-09-03,0.0023169601315385,0.0023514873107718,0.0008288568400822,0.0045676449941787,0.0060439145728078,0.0023853951380191233,1.0664965410505118,1.0664965410505118,0.0
2025-09-04,0.0028765929009895,0.0028009604504404,0.0011195941318084,-0.0151559940630402,0.0014282889804993,-0.0003384454014447826,1.0661355902005365,1.0664965410505118,-0.00033844540144478685
2025-09-05,-0.0013318065398372,0.000786166579156,-7.875319838414753e-05,0.0025658437109944,0.0062237545759147,0.0007631923826448711,1.066949256761844,1.066949256761844,0.0
2025-09-08,0.00308305639495,0.0046399122875255,0.00498930220631,0.0042000857549112,0.0075116258783633,0.00400479092553555,1.0712221654633307,1.0712221654633307,0.0
2025-09-09,0.0011221752674247,0.0002343272598521,0.0005081243725251,-0.0014704772894934,-0.0011869631052194,0.00011244998237564351,1.0713426243769575,1.0713426243769575,0.0
2025-09-10,0.0042965918949067,0.0036646884712347,0.0039559031972168,0.0067410555331284,0.0039459003045622,0.0038615352459362273,1.0754796516814629,1.0754796516814629,0.0
2025-09-11,0.0044173524895855,0.0051728419664231,0.0055702207044657,0.004244168532807,0.0050155978589539,0.0043244742869626455,1.080130535781311,1.080130535781311,0.0
2025-09-12,-0.0002438440864163,-0.0014177587859213,-0.0015032981972024,0.0109400823306444,0.0008534451803704,0.0008357876126816053,1.081033295503196,1.081033295503196,0.0
2025-09-15,0.0092246476060338,0.0079948343955774,0.0073018815750794,0.0054811897361123,0.0046438982137215,0.00654328727062865,1.0881068069047877,1.0881068069047877,0.0
2025-09-16,0.0019595524533229,0.0020678726496217,0.0016798109385712,0.0042881925397485,0.0014431311611353,0.0019497595964037247,1.0902283535934625,1.0902283535934625,0.0
2025-09-17,-0.0041543975359684,-0.003497507919264,-0.0039369284984083,-0.0026648522145336,-0.0021222793712632,-0.0030845162816568236,1.0868655264860796,1.0902283535934625,-0.003084516281656735
2025-09-18,0.0029130984996315,0.0007978735568316,0.0013280550854675,-0.0015942387507368,-0.0001406081529648,0.0008996920226331229,1.0878433707299342,1.0902283535934625,-0.0021875993737158206
2025-09-19,0.0033485987480005,0.0021125855353063,0.002064740049066,-0.0032604301957608,0.0021519559874674,0.0014362236154234279,1.0894057570688584,1.0902283535934625,-0.0007545176401738685
2025-09-22,0.0072433313124368,0.0051899910973126,0.0044989868978145,-0.0019662665851055,0.0013078524032981,0.003607070006522456,1.0933353199001146,1.0933353199001146,0.0
2025-09-23,-0.0015952910690759,0.0002792064692716,8.675358480925155e-05,0.0020373704856355,-0.0006274577398513,-8.097471048298157e-05,1.093246787389125,1.0933353199001146,-8.097471048285065e-05
2025-09-24,-0.0051224132764181,-0.0051298255498511,-0.0055657710306111,-0.0053612008377581,-0.0027875819477119,-0.004417065496477314,1.0884178447254138,1.0933353199001146,-0.004497682536360403
2025-09-25,-0.0012936759064081,-0.0009753121245326,-0.0012384697693912,-0.0074021618748914,-0.0063494376051136,-0.0023263566031328405,1.0858857966853692,1.0933353199001146,-0.006813575926025939
2025-09-26,-0.0009054956364656,-0.0016598037002197,-0.0028805436861784,0.0006505498083071,0.0048003123997941,-0.0006336297743446372,1.0851977471130514,1.0933353199001146,-0.007442888415794213
2025-09-29,0.0072187597688432,0.0075053160541823,0.0069095591368454,0.0145713912064697,0.0088495918645698,0.007471469791339627,1.0933057692982364,1.0933353199001146,-2.70279404134266e-05
2025-09-30,0.0032447769165568,0.0025645939704198,0.00231266652894,0.0015306895084616,0.0019402247790944,0.002171023617259689,1.095679361944269,1.095679361944269,0.0
2025-10-01,0.0029726057174423,0.0029287574505863,0.0028587571147088,0.0102485707883253,0.0073946760813959,0.003947856656869175,1.100004947007115,1.100004947007115,0.0
2025-10-02,0.0026942784971747,0.0028289654877858,0.0025683519469585,0.0063621155579422,0.0030327207473861,0.0028885707980352985,1.103182389174734,1.103182389174734,0.0
2025-10-03,0.0002010689693598,0.0005665435975561,8.946899659276485e-05,0.0043080067668413,0.0033250666169131,0.0010631346892158084,1.1043552206411977,1.1043552206411977,0.0
2025-10-06,0.0005717041113466,-4.06969599822252e-05,0.0004468212011071,0.0102801877474156,0.0065387361451178,0.0021674390655821727,1.1067488432886952,1.1067488432886952,0.0
2025-10-07,0.0012391266531534,0.0021292116138519,0.0018301246731303,-0.0030676452544448,-0.0039653562934068,0.00036193080246668826,1.1071494097856758,1.1071494097856758,0.0
2025-10-08,0.0010064851981234,0.0007021207192882,-1.599130901667762e-05,0.0060823854934546,0.0082441264500531,0.0019467400455124623,1.109304741878071,1.109304741878071,0.0
2025-10-09,-0.002119037770693,-0.0026264549660177,-0.0022624546934389,-0.0117239608049699,-0.0077054064082381,-0.0037839835965040427,1.1051071509312804,1.109304741878071,-0.0037839835965038926
2025-10-10,0.0011762420483078,0.0051334106136979,0.0025414538592275,0.0034673592743869,-0.0175528935227295,0.0007549764983984159,1.1059414808584456,1.109304741878071,-0.003031863916791222
2025-10-13,0.0043656306516179,0.0035789111322791,0.0043760089049537,0.0016991459014285,0.0125689156916812,0.00408277962059265,1.1104567961980625,1.1104567961980625,0.0
2025-10-14,0.0058854292240471,0.006344681513427,0.0052442515080727,0.0058151551526686,-0.0011494801877879,0.00449220204550483,1.1154451924893882,1.1154451924893882,0.0
2025-10-15,0.002541146921567,0.0020314027670204,0.0020103502234521,-0.0008815443793,0.002480778508281,0.0015623994457574226,1.1171879634399065,1.1171879634399065,0.0
2025-10-16,0.0101206411027165,0.0114943098712611,0.0090803737406649,0.0267052319605558,0.0001084841283569,0.010249201797943254,1.1286382483234352,1.1286382483234352,0.0
2025-10-17,-0.0072944470997156,-0.0081891197509661,-0.0059227294239083,-0.0285821062816749,-0.0020941349621481,-0.008649341210033589,1.1188762710109912,1.1286382483234352,-0.008649341210033579
2025-10-20,0.0009818538548398,0.0017926155300495,0.0025009120644875,0.0017075659424326,0.0137423600300893,0.002631556948044223,1.121820657635972,1.1286382483234352,-0.006040545495946681
2025-10-21,-0.0004144260213239,-0.0016905475398294,-0.0004645179201426,-0.0269093654533349,-0.0111399060114956,-0.005124034406653434,1.1160724099881507,1.1286382483234352,-0.011133627939643786
2025-10-22,-0.0016498184695567,-0.0013580551925761,-0.0014691045512012,0.0018511558942507,-0.0044816189662501,-0.001155022034300194,1.1147833217627399,1.1286382483234352,-0.012275790388352026
2025-10-23,-0.0007011207444851,-0.0018991573129728,-0.0025163549410906,-0.0044999601989523,0.0043052361659495,-0.001286047401816422,1.1133496575681987,1.1286382483234352,-0.01354605054183422
2025-10-24,0.003380022440731,0.0023842957747221,0.0016065784249983,-0.0036789619590993,0.0055353547685021,0.001669360074705349,1.1152082390357299,1.1286382483234352,-0.01189930370307335
2025-10-27,0.0073774107543503,0.0048525674530359,0.0032602175716468,-0.0110002595795902,0.0031371136377531,0.002297089981358237,1.117769972708747,1.1286382483234352,-0.009629547493036683
2025-10-28,0.0046663404452912,0.004844640434503,0.0044571068747145,-7.335508038253805e-05,0.0014029810288445,0.003182190124009986,1.1213269292768155,1.1286382483234352,-0.00647800041995783
2025-10-29,-0.0007630625163529,-0.0003041730921636,-0.0008886980670949,-0.0027951046433443,-0.0019243392252192,-0.0009695961473444059,1.1202396950062752,1.1286382483234352,-0.007441315523052494
2025-10-30,-0.0079198089947016,-0.00740747529843,-0.0080663335825611,-0.000423381289654,-0.0048840831297528,-0.005626044941205382,1.1139371761372476,1.1286382483234352,-0.013025495288703559
2025-10-31,0.0029383369526496,0.0032788909807026,0.0028460404638687,0.002971312043511,0.0013139080364132,0.002497727005753355,1.1167194871047983,1.1286382483234352,-0.010560302414296063
2025-11-03,-0.0010771829098065,-0.0010906607379714,-0.0005882220051989,-0.0081068132783455,-0.0007931441928479,-0.0017467132301967347,1.114768898402254,1.1286382483234352,-0.012288569824550843
2025-11-04,-0.0018248795213898,-0.001305198576906,-0.0019291660612753,-0.0042253706122006,-0.0109654285433137,-0.0026747425684977844,1.1117871785756601,1.1286382483234352,-0.014930443632232837
2025-11-05,-0.0022111032564774,-0.0023710171769766,-0.0027354938208622,0.0006188765864321,0.0036792344100169,-0.0011721973512991085,1.1104839445897254,1.1286382483234352,-0.016085139557052486
2025-11-06,-0.0013394817703131,-0.0004760555393888,-0.0006889828622361,0.0019087844356851,-0.00767135723931,-0.0010169849420999944,1.1093545991396339,1.1286382483234352,-0.01708576615443147
2025-11-07,-0.0007583744088415,-0.0007657165351642,-0.0006883224057659,0.0016056604328499,0.0006486945222586,-0.00021493456307797543,1.1091161604935693,1.1286382483234352,-0.01729702839582603
2025-11-10,0.0062943411675375,0.0058343634862876,0.0050248213792088,0.0038984644869312,0.0130631641362949,0.005495536256802125,1.115211348566567,1.1286382483234352,-0.0118965485857081
2025-11-11,0.003457511942761,0.00231386045579,0.0020402942154218,-0.0018071657783131,0.0026456847727315,0.0017372937048893934,1.1171487982220527,1.1286382483234352,-0.010179922679786735
2025-11-12,0.0025756301962198,0.0028156005710748,0.0022406992547458,0.0048211524517555,0.0031775049196025,0.0026029791100801534,1.1200567132066759,1.1286382483234352,-0.007603441695784197
2025-11-13,-0.006978138746207,-0.0048650250931192,-0.0063079058162868,0.0007544809947683,-0.0133379280137311,-0.005115763309487908,1.1143267681687075,1.1286382483234352,-0.012680307597219054
2025-11-14,-0.0028509553773292,-0.0034110607663613,-0.00271755829667,-0.0104250377930738,-0.0043352526140256,-0.0037374136730921005,1.1101620680690611,1.1286382483234352,-0.016370329715318377
2025-11-17,-0.0003678507677834,0.0012479546942733,0.0004258268052439,0.0065987575012071,-0.007359975186582,0.0004605463416516711,1.1106733491481506,1.1286382483234352,-0.01591732266912893
2025-11-18,-0.001571545719124,0.0003668419228666,-0.0006412534928403,0.0128460881986386,-0.0053977074613142,0.0007698154743235828,1.1115283626792438,1.1286382483234352,-0.015159760596105687
2025-11-19,-0.0001678009973428,-0.0006747213858278,-0.0001737915934644,-0.0065726409921084,0.0020326607340055,-0.0008966049570653459,1.1105317608393468,1.1286382483234352,-0.01604277323667269
2025-11-20,-0.0032730378976134,-0.0011823079252422,-0.0004755251338573,0.0073571690982752,-0.0094940347777424,-0.001032916409473398,1.1093846743603344,1.1286382483234352,-0.017059118802416506
2025-11-21,0.0025930121410058,0.0004845015590563,0.0018747466560477,-0.0143959919274081,0.0057614764294928,-0.00026287628037388903,1.1090930434436348,1.1286382483234352,-0.017317510645093126
2025-11-24,0.0040628439245304,0.0031357999587492,0.0046385903146072,-0.0049014774001463,0.0118611258529601,0.0030373566363855247,1.1124617545595072,1.1286382483234352,-0.014332753464591286
2025-11-25,0.0040937945920941,0.0016788146941082,0.0025929708193375,-0.0095319036733214,0.0062020367260031,0.0011737738966527522,1.113767533128034,1.1286382483234352,-0.013175802979822238
2025-11-26,0.0023874955741449,0.0015930517721116,0.002198876075067,-0.0023238556419258,0.0061764089315412,0.0016216059348156783,1.1155736251697594,1.1286382483234352,-0.011575563005314482
2025-11-28,0.0004466898848065,0.0002736588326416,0.0002938074751907,-0.0018876273363228,0.0048158009311052,0.0004230281772921151,1.1160455442470503,1.1286382483234352,-0.011157431617341618
2025-12-01,-0.0047977432183541,-0.0028878459303204,-0.0036685111794293,-0.0007097485541443,-0.0043401815182217,-0.0029930748845027905,1.1127051363586031,1.1286382483234352,-0.014117111473495036
2025-12-02,0.0003428500708887,-0.0004365570749472,-0.0004704515923564,-0.0002364234187354,0.0019885105574631,4.0197797050197336e-05,1.1127498646538512,1.1286382483234352,-0.014077481153226712
2025-12-03,0.0032518151358193,0.0018384435345873,0.001888902403574,0.0019711330603544,0.0032018931841713,0.002100054046782462,1.115086699510174,1.1286382483234352,-0.01200699057770871
2025-12-04,-0.002171100469114,-0.0020431898886408,-0.0018976303495451,-0.0036645074341653,-0.0007843719341897,-0.0018947924229855383,1.1129738416809702,1.1286382483234352,-0.013879032245924683
2025-12-05,-0.0009803575502938,-0.0014392197218536,-0.0018475186097757,-0.0044816886498295,0.0006310495361296,-0.001450824477076155,1.111359111989114,1.1286382483234352,-0.015309720683300387
2025-12-08,0.0007373005105859,0.002093146489856,0.0011228049138881,0.0048867011953446,-0.0025642160984277,0.001265958977131557,1.1127660470337535,1.1286382483234352,-0.0140631431845053
2025-12-09,-0.0002565139385704,0.0005751736865732,0.000367760218434,0.0051776502429599,0.0002724407125642,0.0008466830821944298,1.1137082072202173,1.1286382483234352,-0.01322836712772768
2025-12-10,0.003383051065928,0.0016854145952167,0.0023688182202543,-0.0006855072117701,0.005320323224405,0.002042458171400051,1.1159829096486096,1.1286382483234352,-0.011212927342861945
2025-12-11,0.0016534071796775,-0.0005835044524248,-0.000699461727815,-0.0012319832078115,0.0040512983255474,0.00032521137896404705,1.1163458399895567,1.1286382483234352,-0.010891362535461191
2025-12-12,-0.0055038170923159,-0.0051523789447198,-0.0062032489741394,-0.0037220349478864,-0.0071397728452544,-0.004828795665288957,1.110955234036452,1.1286382483234352,-0.01566756603654973
2025-12-15,0.0016807122660924,0.0020615521946157,0.0016800812311485,-7.359957139230002e-05,-0.0011548623266588,0.0010714860596490146,1.1121456070826161,1.1286382483234352,-0.01461286755549751
2025-12-16,-0.0016895264417062,-0.0011987420178724,-0.001611734861384,-0.0002844575937647,-0.0009541642704802,-0.0011107044472530494,1.1109103420108366,1.1286382483234352,-0.01570734142576946
2025-12-17,-0.0028193254673572,-0.0027124252103906,-0.0036059903141922,-0.0007023320667886,-0.005351000918379,-0.002576157005879536,1.1080484625503613,1.1286382483234352,-0.018243033853991286
2025-12-18,0.0027022566635215,0.0025097238361012,0.0011609590620225,-0.0007115274952662,0.0046432890510026,0.001755701547750802,1.1099938649510437,1.1286382483234352,-0.016519361629013796
2025-12-19,-0.0016716458445906,-0.0025635589189274,-0.0042762285191269,-0.0002990569225931,0.0047828753714442,-0.0014214844158558651,1.1084160259703202,1.1286382483234352,-0.01791736402975408
2025-12-22,0.0007524416648934,0.0008328178561944,0.0004811385921505,0.0041030827430089,0.0069987547205635,0.0016432710635452424,1.110237453952167,1.1286382483234352,-0.016303536052053924
2025-12-23,0.0024633121208753,0.0031393999793117,0.0030484612710006,0.0029163344324473,0.0046580418645292,0.0027008322871434026,1.113236019114197,1.1286382483234352,-0.013646736881474442
2025-12-24,0.0023826768376747,0.00124470098294,0.0002805500206976,-0.0010348403622492,0.002245814447478,0.0009573752362903676,1.1143018037110435,1.1286382483234352,-0.012702426693130486
2025-12-26,-0.0001712685148365,0.0002295943827436,-0.0002083696216707,0.0034277157005924,0.0019215570930485,0.0005961384550700831,1.1149660818667897,1.1286382483234352,-0.01211386064308484
2025-12-29,-0.0002333989785029,-0.0005653747842678,-6.320188515363109e-05,-0.0096941298876872,-0.0110340705380604,-0.0024854371954289587,1.1121949036952763,1.1286382483234352,-0.014569189598691246
2025-12-30,-0.001126599054959,-0.0008095545974007,-0.0010191169104127,0.0007876211358435,-0.001125887105227,-0.0006489230878828295,1.111473174744043,1.1286382483234352,-0.015208658403071618
2025-12-31,-0.0046663940443348,-0.0042397120578846,-0.0048805642232755,-0.0033016221096049,-0.006260688829124,-0.004026775378581151,1.10699752193003,1.1286382483234352,-0.01917419193045411
2026-01-02,0.0004615774224591,-0.0001304491772248,-0.0001973322891461,0.0032097177900059,0.0023418084433016,0.0006754431955653628,1.1077452358737254,1.1286382483234352,-0.018511699812358673
2026-01-05,0.0088991465362373,0.0090712185671122,0.0080201921352365,0.0139071504271521,0.0114264442143711,0.008585651482572221,1.117255950400417,1.1286382483234352,-0.01008498333272545
2026-01-06,0.0041178839112893,0.0039817982489316,0.0034963854492284,0.0058775515081586,0.0068918803171661,0.003956960033110155,1.121676887542906,1.1286382483234352,-0.006167929175597386
2026-01-07,-0.0001120554401578,0.0004686003772336,0.0008187309983447,-0.0059073219066591,-0.0041395843370623,-0.0009132120247342791,1.1206525587213352,1.1286382483234352,-0.007075508573240796
2026-01-08,0.0002058414411429,-9.505743390617809e-05,-0.0006103557694081,-0.0002277589506565,0.001003712464428,-3.4416058889881975e-05,1.1206139902768792,1.1286382483234352,-0.007109681121010847
2026-01-09,0.0027477361247242,0.0021812989380461,0.0030319765304846,0.0009354091074291,0.0061241701117534,0.0024272041097544916,1.1233339491595276,1.1286382483234352,-0.004699733658492411
2026-01-12,0.0029242657929973,0.0037840389426329,0.0028487836661771,0.0057111812450994,0.0048603684905971,0.0032948457411409947,1.127035161237795,1.1286382483234352,-0.0014203728147806904
2026-01-13,0.0006212103854776,0.0019067074321865,0.0014785617334227,0.0115239609575166,-0.0024728503403463,0.002148260137422814,1.1294563259481558,1.1294563259481558,0.0
2026-01-14,0.0015616464511113,0.0015849445837287,0.001025713494814,0.0067317003671143,0.0001483534866236,0.001817564291244124,1.131509185434719,1.131509185434719,0.0
2026-01-15,-0.0003582753641842,-0.001731612128301,-0.0027605528829618,-0.0065326160952951,0.0008041890333471,-0.0018101180092804786,1.1294610202804973,1.131509185434719,-0.001810118009280437
2026-01-16,-0.0021939364636263,-0.0019690987256904,-0.0021070144900319,-0.0024404420426884,-0.0023596186076044,-0.0019119068005711288,1.127301596074843,1.131509185434719,-0.0037185640329199243
2026-01-20,-0.0023017355274631,0.0009723649430185,-0.0028227248288483,0.0058807295979654,-0.0029598469897694,-0.0003954837452724926,1.1268557666175756,1.131509185434719,-0.004112577146561658
2026-01-21,0.0020143161469876,0.0003973292313089,0.0020267032536267,-0.0028287567803343,0.0106716636588419,0.0015855792519806052,1.128642485741099,1.131509185434719,-0.002533518711576921
2026-01-22,0.0012456377926951,0.000614144303468,0.0012276134730063,-0.001791104548424,0.0079754655356352,0.0011791012387897377,1.1299732694941873,1.131509185434719,-0.0013574047478382978
2026-01-23,0.0012849722311498,0.0023111402338635,0.0021716506303249,0.005782673126759,0.0029059559617269,0.0022790547736410483,1.1325485404681148,1.1325485404681148,0.0
2026-01-26,0.0052802105844867,0.0054512835238949,0.005185463084032,0.0127126962986974,0.0070314909224775,0.005804199028294906,1.1391220776061965,1.1391220776061965,0.0
2026-01-27,0.0003273147885987,0.0015944007232309,0.0012771916011336,0.0124826628075353,0.0059660065447012,0.0028779507236702914,1.142400414813792,1.142400414813792,0.0
2026-01-28,-3.3945285399419824e-05,0.000763054403046,5.357195362333512e-06,0.0098677965828659,0.0107588869302396,0.002452857559357906,1.1452025603070817,1.1452025603070817,0.0
2026-01-29,0.0012626423152059,0.0006866365740447,0.0005500523858895,-0.0111086105410438,-0.0002104263226304,-0.0009185123844764919,1.1441506775727055,1.1452025603070817,-0.0009185123844764886
2026-01-30,-0.00233575624525,-0.0044875924385424,-0.0033805813036504,-0.0319059998520765,-0.0325203546179505,-0.009419409598745656,1.1333734536979658,1.1452025603070817,-0.01032927013885121
2026-02-02,-0.0009575230507023,-0.0014384668428709,-0.000780488867053,-0.011284748769854,-0.0080203994238307,-0.002921697083611621,1.1300620797836536,1.1452025603070817,-0.013220788224022284
2026-02-03,0.0031764108538243,0.0031665525046816,0.0013908194708415,0.018331938155552,0.0135166833690074,0.005375779855448192,1.1361370447475603,1.1452025603070817,-0.007916080415582116
2026-02-04,0.0002112028774398,-0.000891553338148,-0.0014205408666032,-0.0044225669160909,-0.0021752358578534,-0.0012190359701649744,1.1347520528229762,1.1452025603070817,-0.00912546639897771
2026-02-05,0.0047428455029542,0.0024637013694003,0.0023382645108826,-0.0176124883051309,-0.0127005855028865,-0.0013649340821576233,1.1332031910712796,1.1452025603070817,-0.010477944821031926
2026-02-06,0.0106301015172743,0.0118511819505744,0.0109118652893892,0.0285601585138863,0.0198294724463973,0.012890333060491671,1.1478105576294004,1.1478105576294004,0.0
2026-02-09,-0.0070532629809858,-0.0056149030757737,-0.004173356909287,-0.0094453164395866,0.0078233499470135,-0.00423973338963791,1.1429441468832402,1.1478105576294004,-0.004239733389637901
2026-02-10,0.0030022066987748,0.0021481859261489,0.0024932336214399,-0.0032359450672099,-0.0023434519512753,0.0010375624946100692,1.1441300228634805,1.1478105576294004,-0.0032065698833798617
2026-02-11,-0.0018939561070379,-0.0015880125760438,-0.0017743542883203,-0.0045005186287808,0.0022479226888216,-0.0015330155873825627,1.1423760537044383,1.1478105576294004,-0.004734669749149378
2026-02-12,0.0041704825742558,0.0021707543313802,0.0015002559940307,0.0092745807516776,-0.0160082138443354,0.001483364127856927,1.144070613363026,1.1478105576294004,-0.0032583288605556593
2026-02-13,0.0014317113453811,0.0020371195807429,0.0017675621657267,0.0128720696430629,0.0075117352510514,0.003525929582067556,1.148104525782657,1.148104525782657,0.0
2026-02-17,4.031056251427821e-06,-0.0006452045878295,0.0002185606106553,-0.0095077684415505,-0.0075648092195335,-0.0020447897358905442,1.1457568934326072,1.148104525782657,-0.0020447897358905065
2026-02-18,0.0002492440156691,0.0009862510414833,0.0009737098155098,-0.0011760005978811,0.0074712795973341,0.0010131359066234981,1.1469177008816052,1.148104525782657,-0.0010337254791699113
2026-02-19,2.408465826556159e-05,5.739184334610773e-05,-0.0001219676555891,0.0033086066327881,-0.0012666456289537,0.0003095752655011337,1.1472727582333635,1.148104525782657,-0.0007244702295085004
2026-02-20,0.0005347276816947,0.0014440532566842,0.0016177193603774,0.0009748506314386,0.0078718351898173,0.0016307643399303064,1.149143689735664,1.149143689735664,0.0
2026-02-23,-0.0003118183595735,-0.0003379464122098,-0.0009544166959889,0.0079752239996095,0.0006457945967936,0.0007634935204859465,1.1500210534968844,1.1500210534968844,0.0
2026-02-24,0.0013941765628439,0.0007844067693544,0.0016953775790655,-0.0081759109411835,0.0004429388309223,-0.00018848119893369553,1.1498042961499224,1.1500210534968844,-0.00018848119893366544
2026-02-25,0.0009688709285351,0.0008248011259076,0.0013743368637488,0.0042888189308577,0.0031620028224903,0.0015419899818836804,1.1515772828557123,1.1515772828557123,0.0
2026-02-26,-0.0005693772301344,0.0001984857204401,-0.0002450560135813,0.0041624695973918,0.0010704853332507,0.0005069776806685824,1.152161106835685,1.152161106835685,0.0
2026-02-27,0.0016597957074526,0.0015856012247952,0.001388586949831,0.0041089246709598,0.0004218663122262,0.0015959738166856855,1.1539999257947984,1.1539999257947984,0.0
2026-03-02,0.0031210166724411,0.0037021797054902,0.0019877644441554,0.0124999571937251,0.0015111567639191,0.003726051402190579,1.158299788836434,1.158299788836434,0.0
2026-03-03,-0.0006856877830625,-0.0013126408541208,-0.000954011658108,-0.0037120359733906,-0.0152655826354408,-0.0025456241412444743,1.1553511929311735,1.158299788836434,-0.0025456241412444847
2026-03-04,-0.0019442667085263,-0.001676313229024,-0.0012347413169134,0.0035061505203234,0.004144942991407,-0.00022947787247935456,1.155086065397453,1.158299788836434,-0.0027745178493118194
2026-03-05,0.0022544016255531,0.0010787572304033,0.0004240655207154,0.002654922231151,-0.00829563660563,0.00042625519544515784,1.1555784268340152,1.158299788836434,-0.002349445306514708
2026-03-06,0.0046923668972558,0.0057968666594132,0.0028874545968986,0.0175708744037037,-0.0030189805641445,0.004981924484931321,1.161335431292918,1.161335431292918,0.0
2026-03-09,-0.0002314897326529,-0.0006924778751138,0.0010367681138771,-0.0055281554400505,0.0047528577991949,-0.0002799127633611994,1.1610103586831557,1.161335431292918,-0.0002799127633610343
2026-03-10,-0.0047497031377499,-0.004047762309251,-0.0046289880603377,0.0019430377021119,-0.0002864402514931,-0.002711239821319903,1.157862581165729,1.161335431292918,-0.0029903936740505177
2026-03-11,-0.0055570231941642,-0.005963636003202,-0.0059351351846399,-0.0058413349984221,-0.0048729341875265,-0.005034008688901219,1.152033890871587,1.161335431292918,-0.008009348695213414
2026-03-12,-0.0036899648759603,-0.002915643712679,-0.0022219997283439,0.0106790974712485,-0.0119190756732412,-0.0016588042523040416,1.150122892154611,1.161335431292918,-0.009654867005843615
2026-03-13,-0.0052633179465465,-0.0051188750486835,-0.0052458803342251,-0.0028706211688452,-0.0058333815472298,-0.004338202017167959,1.1451334267038749,1.161335431292918,-0.013951184259491156
2026-03-16,0.0006405833037911,0.0001843931688045,0.0018782255750267,-0.0021064661676431,0.0052348159611933,0.0007807002197102505,1.1460274326217001,1.161335431292918,-0.013181375732397527
2026-03-17,-0.0005390863567358,-0.0008779791089675,-0.0001125599699552,-0.0091825256735856,0.000665485998691,-0.0014838972329912054,1.1443268456855007,1.161335431292918,-0.014645713158412565
2026-03-18,-0.0039604094964916,-0.0044733734417475,-0.0041297637840375,-0.0033163102909527,-0.0166511660221869,-0.004727585594318634,1.138916942574646,1.161335431292918,-0.0193040598901848
2026-03-19,-0.0031007619441113,-0.0046058865904419,-0.0030244590807332,-0.017809446392039,-0.0130750633772091,-0.005900504405531507,1.1321967581374497,1.161335431292918,-0.02509066060528975
2026-03-20,-0.007299411262451,-0.007216277751169,-0.0015439112894805,0.0068102048155011,-0.0143123492291657,-0.004039066215823841,1.1276237404619915,1.161335431292918,-0.02902838398152996
2026-03-23,0.0076561361054235,0.0071051239214159,0.0074527035804579,0.0080725687659306,0.0004172187587077,0.005961217265566751,1.1343457505726966,1.161335431292918,-0.023240211219745288
2026-03-24,-0.0015216825422163,-0.001296346355829,-3.247594935089143e-05,0.0027014616000897,-0.000945618280914,-0.0003801047585327078,1.1339145803550825,1.161335431292918,-0.02361148226340415
2026-03-25,0.002459168655911,0.0032557002756335,0.0037322856596614,-8.101719813929405e-05,0.0101968276369131,0.0029855729978727507,1.1372999651080848,1.161335431292918,-0.02069640306941678
2026-03-26,-0.0097287690507611,-0.009057931096474,-0.0077050984153361,-0.0071974586188859,-0.0174170747102699,-0.008386884603340508,1.12776156154134,1.161335431292918,-0.02890970932850989
2026-03-27,-0.0055942645979328,-0.0033075691367843,0.0001114841529361,0.0110407252698404,0.0052140328911726,-7.599375531150849e-05,1.1276758587051825,1.161335431292918,-0.028983506126444625
2026-03-30,-0.000468696780166,0.000121173426603,0.0007024685399667,0.0062366380799544,0.0013723239436179,0.0010057051970476737,1.1288099681768673,1.161335431292918,-0.028006949792137248
2026-03-31,0.0103214540436858,0.0099554758285815,0.0109731449203896,-0.0126067258120355,0.0143822277034776,0.006511911104235162,1.1361606783432094,1.161335431292918,-0.021677417455249315
2026-04-01,0.0035694795556825,0.0035844095748037,0.0035564266113381,-0.0001720416846109,0.0066141811244347,0.002935672606378494,1.139496074123066,1.161335431292918,-0.01880538264947129
2026-04-02,0.0003040288898406,-0.0007122493148397,0.0003295365073878,-0.011427520020411,-0.00974499031713,-0.0024212852925986263,1.1367370290378178,1.161335431292918,-0.021181134745639096
2026-04-06,0.0038577735960578,0.0034871365009131,0.0033096167028783,0.0007460590180239,0.0007294045361233,0.002505347618289184,1.1395849504461388,1.161335431292918,-0.018728853232837572
2026-04-07,0.004329711843633,0.0048724011410279,0.0069022933157937,0.0257078048492046,0.0138705691766568,0.00814187190604773,1.1488633051387311,1.161335431292918,-0.010739469250758749
2026-04-08,0.008078317512371,0.0076097547654059,0.0091942042464596,-0.0257454336426345,-0.0046236268625298,0.001626827116963643,1.1507323071172153,1.161335431292918,-0.009130113393594042
2026-04-09,-0.0008011899211041,-0.0007829484867724,-0.0003114324019117,-0.0076362701216162,-0.001352433100759,-0.0015484461012044747,1.1489504601627296,1.161335431292918,-0.010664422006310681
2026-04-10,-0.0018027518076311,-0.0023246622928114,-0.0025471383945103,0.0035253149906539,0.0009178267055571,-0.0009042327228074363,1.1479115415597658,1.161335431292918,-0.011559011609770131
2026-04-13,0.0073998812375943,0.0067811744032526,0.006798353971855,0.0205998777632319,0.0123443169971146,0.008444061361189713,1.1576045770539145,1.161335431292918,-0.0032125552518879052
2026-04-14,0.007580844137943,0.0070083526655969,0.0063391998457808,-0.0029362272583087,0.0039599591424668,0.004581727608293459,1.1629084059040895,1.1629084059040895,0.0
2026-04-15,0.0041900459788008,0.0024896964946708,0.0020506084730253,0.0022022538658762,0.0008805907197451,0.0023096863013044875,1.165594359518878,1.165594359518878,0.0
2026-04-16,-0.000321701425677,-0.0004635415562406,-0.0002867034838478,-0.0016444164920069,-0.000228331163218,-0.0004722555503677822,1.165043901113118,1.165594359518878,-0.00047225555036767286
2026-04-17,0.0091799539372868,0.0098405575049745,0.0097865710747648,0.0121861905851327,0.0114238387358526,0.008954987038274301,1.1754768541466065,1.1754768541466065,0.0
2026-04-20,0.0033123965972567,0.0036227551695822,0.0026324961363606,0.0119223914051767,0.0044009186967171,0.0040761668129088435,1.1802682938888214,1.1802682938888214,0.0
2026-04-21,-0.0039096368043952,-0.0043408972275261,-0.0045774533827176,-0.0001600268643324,-0.0048590997530307,-0.003270762665681762,1.176407916417682,1.1802682938888214,-0.0032707626656817146
