Date,regime,portfolio_return,cumulative_return,running_max,drawdown,rolling_volatility,rolling_sharpe
2024-09-13,normal,0.003034553405134019,0.003034553405133922,1.003034553405134,0.0,,
2024-09-16,normal,0.005409980649904009,0.008460950930240685,1.0084609509302407,0.0,,
2024-09-17,normal,0.0003110436005426206,0.008774626255424689,1.0087746262554247,0.0,,
2024-09-18,normal,-0.0034489538680184317,0.005295409106242266,1.0087746262554247,-0.0034489538680183562,,
2024-09-19,normal,0.005438633236555101,0.010762842130763728,1.0107628421307637,0.0,,
2024-09-20,bull,-0.0014253926831370538,0.009322108171203825,1.0107628421307637,-0.0014253926831369057,,
2024-09-23,normal,0.0002958206467129237,0.00962068648998482,1.0107628421307637,-0.0011299936970092794,,
2024-09-24,bull,0.00032369539087580366,0.009947496052734595,1.0107628421307637,-0.0008066640798847224,,
2024-09-25,normal,-0.003916028347658759,0.005992513028544977,1.0107628421307637,-0.004719533508139806,,
2024-09-26,bull,0.004035475524887098,0.010052171193091208,1.0107628421307637,-0.0007031035452138568,,
2024-09-27,normal,0.005772012562566488,0.01588220501406523,1.0158822050140652,0.0,,
2024-09-30,bull,-0.0006060250289795807,0.01526655497133178,1.0158822050140652,-0.000606025028979551,,
2024-10-01,normal,0.003917641242284916,0.01924400509900015,1.0192440050990001,0.0,,
2024-10-02,bull,-0.00239655452213329,0.016801331269422848,1.0192440050990001,-0.0023965545221333873,,
2024-10-03,normal,0.0004315805323902803,0.0172401629293073,1.0192440050990001,-0.0019660082960195613,,
2024-10-04,bull,-0.0004989336447293073,0.016732627587251914,1.0192440050990001,-0.0024639610330642325,,
2024-10-07,normal,0.0009359780469064289,0.017684267006247145,1.0192440050990001,-0.0015302891995930823,,
2024-10-08,bull,0.000803220111824785,0.01850169147699443,1.0192440050990001,-0.0007282982468300725,,
2024-10-09,bull,0.0016787079607986622,0.02021145837456384,1.0202114583745638,0.0,,
2024-10-10,normal,-0.0018269028157143013,0.01834763118863547,1.0202114583745638,-0.001826902815714182,0.002902716917962214,0.3146974458301317
2024-10-11,bull,0.003561244954331192,0.02197421655196119,1.0219742165519612,0.0,0.002925274470277969,0.3212731615646224
2024-10-14,bull,0.00293109567586737,0.02496972075894477,1.0249697207589448,0.0,0.0027745359409634724,0.29405563530935297
2024-10-15,normal,0.00022985178028522672,0.02520531187399966,1.0252053118739997,0.0,0.0027753727277857396,0.29250425705647765
2024-10-16,bull,0.0002471185398188903,0.0254586591136845,1.0254586591136845,0.0,0.002593848129059114,0.38422139948076
2024-10-17,bull,-0.0032136892984414456,0.022163153594896734,1.0254586591136845,-0.003213689298441458,0.0025348607725440386,0.22249578262705863
2024-10-18,bull,-0.0015899779892755987,0.020537936679232205,1.0254586591136845,-0.004798557592468278,0.0025419164519968735,0.21864076834401505
2024-10-21,normal,-0.004998803979662863,0.015436467579963198,1.0254586591136845,-0.00977337452334115,0.0028298175066710884,0.10284597297387739
2024-10-22,bull,-0.0003249712203985702,0.015106479951856544,1.0254586591136845,-0.010095169678293492,0.0028331388049889737,0.09127756246640642
2024-10-23,normal,-0.004251200992260113,0.010791058277035637,1.0254586591136845,-0.014303454075200062,0.002859996335436747,0.08456072793582155
2024-10-24,normal,0.002385491200494275,0.01320229145209395,1.0254586591136845,-0.011952083638538724,0.0027670948134254415,0.057585361739526705
2024-10-25,normal,0.0012676419551115431,0.01448666918575392,1.0254586591136845,-0.010699592646098322,0.002451543767789901,-0.026870568431034643
2024-10-28,normal,0.0003942417183331996,0.014886622153439832,1.0254586591136845,-0.010309569153555298,0.0024501470146397033,-0.006473504289198096
2024-10-29,bull,-0.00019477147056158085,0.014688951193589705,1.0254586591136845,-0.010502332614172105,0.0022684931158666504,-0.09763383071415954
2024-10-30,normal,0.0015019846134065728,0.016212998385676025,1.0254586591136845,-0.00901612234275695,0.002239062575094249,-0.011859747185783736
2024-10-31,normal,-0.005475517916688989,0.010648705905843103,1.0254586591136845,-0.014442272320019045,0.0025442530135270087,-0.12652422413031916
2024-11-01,normal,-0.0033547232101187444,0.007258259234864228,1.0254586591136845,-0.01774854570397899,0.0026332898025408775,-0.1764709362216084
2024-11-04,normal,0.0024268474447683803,0.00970272136751027,1.0254586591136845,-0.015364771272000644,0.002695396650059197,-0.14474888024199956
2024-11-05,normal,0.006039200507291471,0.015800518554606624,1.0254586591136845,-0.00941836169916932,0.0030485527130680924,-0.042104119302431846
2024-11-06,bull,-0.002270530595732626,0.013494112398067193,1.0254586591136845,-0.011667507616502482,0.00305324160671666,-0.10671233951502072
2024-11-07,bull,0.0014228463407810988,0.014936158787295817,1.0254586591136845,-0.010261262346239697,0.0030556240929543376,-0.05345261464234906
2024-11-08,bull,0.0034106272034260658,0.01839772766019654,1.0254586591136845,-0.006885632483313198,0.0030461322347239968,-0.05609145352591803
2024-11-11,normal,-0.00043153002866669533,0.017958258459585208,1.0254586591136845,-0.007314191154797034,0.002957416672821506,-0.11462479163651655
2024-11-12,bull,-0.007188493881067098,0.010640671747466746,1.0254586591136845,-0.014450107017502933,0.0033247115859922883,-0.2135254546478992
2024-11-13,bull,-0.004955050793052954,0.005632895885433031,1.0254586591136845,-0.019333556796318874,0.003447139303337793,-0.2813982651285617
2024-11-14,normal,-0.0018023001733506365,0.0038204435428517147,1.0254586591136845,-0.02110101209690396,0.0034130681735705373,-0.2635310862895087
2024-11-15,normal,-0.002496601933360601,0.00131430348275563,1.0254586591136845,-0.023544933202667706,0.003428707141862826,-0.2755501480514726
2024-11-18,normal,0.0014306750855345312,0.0027468589095378526,1.0254586591136845,-0.02214794326645675,0.00332854794318753,-0.18726087709846048
2024-11-19,normal,0.005917988266296168,0.008681103054629657,1.0254586591136845,-0.016361026268534196,0.0036364833124422373,-0.08556586301556944
2024-11-20,normal,0.002252480268222362,0.010953137336189078,1.0254586591136845,-0.014145398889149452,0.0035554970522235644,0.003944660858181814
2024-11-21,bull,0.004321766522547271,0.015322240760992756,1.0254586591136845,-0.00988476547796946,0.0036486115063923703,0.030378404486678542
2024-11-22,bull,-0.003996215998751404,0.011264793778575477,1.0254586591136845,-0.013841479818773927,0.0037492402752138006,-0.040635939644738404
2024-11-25,bull,0.000973431163569956,0.012249190443460511,1.0254586591136845,-0.012881522383009658,0.003755915351358952,-0.03285335736619475
2024-11-26,bull,-0.00020233010681036797,0.012044381956639372,1.0254586591136845,-0.013081246170020377,0.003755923291825152,-0.03295391078864819
2024-11-27,normal,-0.00025252252905219683,0.011788817949794694,1.0254586591136845,-0.013330465389706503,0.0037363915311532853,-0.056604806120377035
2024-11-29,bull,0.0029213177598444327,0.014744574592883364,1.0254586591136845,-0.010448090155152023,0.003582347756400938,0.05815852613517254
2024-12-02,bull,-0.0009947869566577648,0.01373511992573917,1.0254586591136845,-0.011432483488001521,0.003496650309844311,0.0933295724111171
2024-12-03,bull,-0.0013659760827309526,0.012350381997696225,1.0254586591136845,-0.012782843071721617,0.003479543510157822,0.039286676977866766
2024-12-04,normal,0.0075994326414263345,0.020043670535210056,1.0254586591136845,-0.005280552785184578,0.003632951451252015,0.05910106741083777
2024-12-05,normal,-0.0006478494576961443,0.01938283579642741,1.0254586591136845,-0.005924981239622595,0.0035924212458464965,0.08235263775500222
2024-12-06,bull,-0.0035396971205840858,0.015774529307786,1.0254586591136845,-0.009443705721173146,0.0036807767403145768,0.012964163767844516
2024-12-09,normal,4.218209952914706e-06,0.01577881405801551,1.0254586591136845,-0.009439527346753684,0.0035947826590449626,-0.03410561050495292
2024-12-10,normal,-0.003125651954360232,0.01260384302265738,1.0254586591136845,-0.012535674624014281,0.0036569094041829942,-0.0703622444706173
2024-12-11,normal,0.00013287731848009732,0.012738395106000944,1.0254586591136845,-0.012404463012363531,0.0032728349987087273,0.033231191464356435
2024-12-12,normal,-0.005528771322026879,0.00713919611042324,1.0254586591136845,-0.017864652895022592,0.0033217041582226923,0.02410635511486508
2024-12-13,normal,-0.0034348197820101324,0.0036798544763854135,1.0254586591136845,-0.02123811081387006,0.003389756567294403,-0.0004577911060950318
2024-12-16,normal,0.006443115412729004,0.010146679616207743,1.0254586591136845,-0.014931835000263294,0.0036247038001349244,0.12288840453103092
2024-12-17,normal,0.0016394796267633766,0.01180279451748123,1.0254586591136845,-0.013316835812772987,0.0036279901649532145,0.12565477667535704
2024-12-18,normal,0.014005231881922889,0.02597332727347612,1.0259733272734761,0.0,0.004591549254868348,0.1873521173331264
2024-12-19,normal,-0.010387289127208814,0.015316245686282093,1.0259733272734761,-0.010387289127208765,0.005217099756444905,0.0437499790348844
2024-12-20,normal,-0.0022315854926253705,0.01305048068198178,1.0259733272734761,-0.012595694496110199,0.005151857270393514,-0.019297816413239452
2024-12-23,normal,-0.0030421650695801675,0.009968613895929623,1.0259733272734761,-0.01559954138386721,0.0051181835357880885,-0.010104571078993527
2024-12-24,normal,0.0008964059997240365,0.010873955820958958,1.0259733272734761,-0.01471711890663252,0.005117400466870361,-0.010858698256027817
2024-12-26,normal,0.001761964694612695,0.012655080041819033,1.0259733272734761,-0.012981085255939662,0.005133260622301539,0.008307864276532904
2024-12-27,normal,-0.004922006639513311,0.007670785014316284,1.0259733272734761,-0.01783919890763519,0.005252204444602215,-0.036332891263024004
2024-12-30,normal,-0.0010914362743140796,0.006570976566985021,1.0259733272734761,-0.018911164833156913,0.005203480187327942,-0.07523147212862785
2024-12-31,normal,-0.003646398207115017,0.0029006179626971385,1.0259733272734761,-0.02248860540272979,0.005253204301883566,-0.0997574065451428
2025-01-02,crisis,0.0020888438514387424,0.0049955207521326095,1.0259733272734761,-0.020446736736414062,0.005280791964324407,-0.06652506723849914
2025-01-03,normal,0.0021690515283058227,0.007175407822360702,1.0259733272734761,-0.018322035233675038,0.0049816084235940064,-0.12502469949372158
2025-01-06,normal,0.002068205214368361,0.00925845325260255,1.0259733272734761,-0.016291723748114717,0.0050177799246213465,-0.09705913170130898
2025-01-07,crisis,0.0028016707518641274,0.012086063142151993,1.0259733272734761,-0.013535697042173167,0.00501508362359722,-0.03388836192679334
2025-01-08,normal,0.001094273339970265,0.013193561938803944,1.0259733272734761,-0.01245623545461405,0.005022993094041717,-0.022984346238834483
2025-01-10,crisis,-0.001705137674691489,0.011465927424587186,1.0259733272734761,-0.014140133532947075,0.00498811023963688,-0.008906077915496536
2025-01-13,normal,0.0004298633359182851,0.01190071954231775,1.0259733272734761,-0.013716348521999433,0.004989107791101944,-0.00592795321562906
2025-01-14,normal,-0.0003721855610304193,0.011524104705307847,1.0259733272734761,-0.01408342905615989,0.004820348532298788,0.04735219641215189
2025-01-15,normal,0.009731160749487752,0.0213674083701767,1.0259733272734761,-0.004489316418721745,0.0051794097006200536,0.1711687563440291
2025-01-16,crisis,0.0005129729123345898,0.02189134218421196,1.0259733272734761,-0.003978646404104946,0.005011593192475798,0.11773621069592896
2025-01-17,normal,0.0050963293708201655,0.027099237045172142,1.0270992370451721,0.0,0.005108367998939098,0.1493409400796672
2025-01-21,bull,0.004953859366087663,0.032187342220509896,1.03218734222051,0.0,0.004192231283782823,0.0740225985725381
2025-01-22,normal,0.0025178780429744377,0.03478626406572305,1.034786264065723,0.0,0.0033719318831740984,0.2833919085732956
2025-01-23,bull,0.0029048581708720194,0.03779217140000046,1.0377921714000005,0.0,0.003311472045652441,0.3661212833484305
2025-01-24,bull,-0.0018722975862417125,0.03584911562246762,1.0377921714000005,-0.0018722975862417446,0.0032419674007254733,0.392013124194047
2025-01-27,normal,0.005113535361381616,0.04114596670425885,1.0411459667042589,0.0,0.0033516150406460088,0.4421003663627565
2025-01-28,normal,0.0011869587646396755,0.042381764034707725,1.0423817640347077,0.0,0.003351551051083704,0.43353060082675926
2025-01-29,normal,-0.0030391956510098335,0.039213761910761535,1.0423817640347077,-0.0030391956510097407,0.003185384864685719,0.48569970538103086
2025-01-30,bull,0.0013966693121657148,0.04066519988080253,1.0423817640347077,-0.0016467710901435506,0.0031249242411819688,0.5349076139506006
2025-01-31,normal,-0.0035328244906263594,0.036988712376121,1.0423817640347077,-0.0051737778275322555,0.0031148386413052333,0.538462709820709
2025-02-03,normal,0.0046091355331063545,0.04176833389776391,1.0423817640347077,-0.0005884889376512881,0.003182611092848174,0.5665910747269788
2025-02-04,normal,0.0013793554578108462,0.0432053027349002,1.0432053027349002,0.0,0.0031827324533109116,0.554163525173257
2025-02-05,normal,0.002998985464721657,0.04633386027452269,1.0463338602745227,0.0,0.003194202970466885,0.5667433363707516
2025-02-06,bull,-0.0002637373715975741,0.04605790293240042,1.0463338602745227,-0.00026373737159746113,0.0032175886445497686,0.5149890260712761
2025-02-07,normal,-0.004460375510443261,0.04139209187965509,1.0463338602745227,-0.004722936514327314,0.0034963727553068463,0.3944918051830999
2025-02-10,bull,0.001285552915116174,0.04273085651914976,1.0463338602745227,-0.0034434551840152317,0.003420647100183714,0.4469402673085687
2025-02-11,normal,-0.00031102394112629095,0.04240654225862128,1.0463338602745227,-0.0037534081281389575,0.0034371468176868534,0.4340171207688201
2025-02-12,bull,-0.004788517975954736,0.0374149597927631,1.0463338602745227,-0.008523952841800964,0.003695361011700357,0.343934987867703
2025-02-13,bull,0.005516010327767431,0.043137351425160286,1.0463338602745227,-0.0030549607259424683,0.0032848558511519104,0.322755844299269
2025-02-14,bull,-0.0023918946854410983,0.04064227673810139,1.0463338602745227,-0.005439548267058836,0.0033733546169127473,0.2712323925755862
2025-02-18,normal,0.001102509946778667,0.04178959519924352,1.0463338602745227,-0.004343035476350621,0.0032278779558352864,0.22159204354551773
2025-02-19,normal,0.0016142751144482608,0.0434713302172649,1.0463338602745227,-0.002735771215992888,0.0030800689409004062,0.17801317778517492
2025-02-20,normal,-0.000998541205325953,0.042429381097466745,1.0463338602745227,-0.0037315806410312957,0.0030620326801276596,0.121642038626626
2025-02-21,normal,-0.00039746034989173243,0.04201505675091832,1.0463338602745227,-0.004127557835575835,0.003006828969607538,0.06896167810334657
2025-02-24,normal,0.0002602891386997417,0.04228628195255224,1.0463338602745227,-0.0038683430553498876,0.0029667440534051747,0.1058349834393629
2025-02-25,normal,0.0025749716295322715,0.044970139558430766,1.0463338602745227,-0.0013033322994384644,0.0028002255400599646,0.06680073390248847
2025-02-26,normal,0.0006496655997133681,0.04564902071082977,1.0463338602745227,-0.0006545134298848732,0.002792695053164592,0.05736124420052861
2025-02-27,crisis,-0.0011762977514240772,0.04441902611898896,1.0463338602745227,-0.0018300412786329545,0.0027102181879508237,0.09347489402431351
2025-02-28,normal,0.00990074486728671,0.05475955243113306,1.054759552431133,0.0,0.0034618953474850203,0.19600278678281335
2025-03-03,crisis,0.0013178752555061037,0.05614959394579078,1.0561495939457908,0.0,0.0033182616867954004,0.27757790370465607
2025-03-04,crisis,-0.004905415208194539,0.05096874166552068,1.0561495939457908,-0.00490541520819443,0.0034414366419297693,0.12940775386449402
2025-03-05,normal,0.0020091112478669163,0.053080254785557335,1.0561495939457908,-0.002906159485197901,0.003453292801282117,0.13808165216249985
2025-03-06,crisis,-0.0009641800001103408,0.05206489586538199,1.0561495939457908,-0.0038675374244554472,0.0034144380010479574,0.08161756109637087
2025-03-07,normal,-3.553707486344355e-05,0.05202750855641636,1.0561495939457908,-0.003902937058351985,0.003412910960483161,0.08499727076265161
2025-03-10,crisis,-0.00408295285077144,0.04773212984126607,1.0561495939457908,-0.007969954401134571,0.003386200506206906,0.09124068389165889
2025-03-11,normal,-0.009205279492352898,0.038087462752959045,1.0561495939457908,-0.017101868235683715,0.003986324312246471,-0.05408048957044434
2025-03-12,normal,-0.0034108253542199972,0.034546727715103254,1.0561495939457908,-0.020454362104120993,0.004049982970191489,-0.09149975290637286
2025-03-13,normal,-0.0056309324211973035,0.028721265004768792,1.0561495939457908,-0.025970117394591208,0.004102390448099213,-0.10059821670579489
2025-03-14,normal,0.006484604903800462,0.03539211596446257,1.0561495939457908,-0.019653918441399965,0.004181027493667536,-0.08712294646703928
2025-03-17,normal,0.0037844509209290058,0.03931050661124691,1.0561495939457908,-0.015943846810216322,0.004250894687338774,-0.01304340809821905
2025-03-18,crisis,-0.0019134839512946079,0.037321802636434365,1.0561495939457908,-0.01782682246651779,0.0042611379649973675,-0.0484015891499777
2025-03-19,normal,0.004477622938469372,0.041966538534493614,1.0561495939457908,-0.01342902131724455,0.00437217897368324,-0.014427236001041396
2025-03-20,normal,-0.0019194121354293614,0.03996657531571923,1.0561495939457908,-0.015322657626190561,0.0043873713181757056,-0.024871841584327772
2025-03-21,normal,-0.0026941472791406794,0.037164752196435114,1.0561495939457908,-0.017975523408978455,0.004425208842615562,-0.05060921615788991
2025-03-24,normal,0.0045415513731416855,0.04187508920094696,1.0561495939457908,-0.013515608798857826,0.004551611065683816,-0.00217356865401532
2025-03-25,normal,0.0006049670844217042,0.04250538933599235,1.0561495939457908,-0.01291881821288543,0.004513888413054627,-0.02401332431694213
2025-03-26,crisis,-0.0007784254596442369,0.04169387659911683,1.0561495939457908,-0.01368718733552432,0.004512560835719094,-0.039843899263996674
2025-03-27,normal,-0.001360349963186312,0.04027680837243386,1.0561495939457908,-0.015028917933922581,0.004514887059498339,-0.04186165178850794
2025-03-28,crisis,-0.0010297511333943448,0.03920558214996861,1.0561495939457908,-0.016043193022040603,0.0038404358860989244,-0.19152134075341953
2025-03-31,crisis,0.009357236713073374,0.0489296747756931,1.0561495939457908,-0.006836076263707969,0.004440518193909411,-0.07511676397641036
2025-04-01,normal,0.0026500685545343006,0.05170941032273402,1.0561495939457908,-0.004204123779916635,0.0043515980573623795,0.010161055880789176
2025-04-02,normal,0.0035404404414488434,0.05543292485169293,1.0561495939457908,-0.0006785677883189845,0.004401179437699407,0.027443391577287108
2025-04-03,crisis,0.0018206981671263292,0.05735454964349507,1.057354549643495,0.0,0.004409093571592129,0.05897520541362121
2025-04-04,crisis,0.0015436979102723958,0.058986785652196616,1.0589867856521966,0.0,0.004417654589889699,0.07673505056396421
2025-04-07,crisis,-0.0026129483212995585,0.056219707908348404,1.0589867856521966,-0.0026129483212994353,0.004351951093833499,0.09478258507715898
2025-04-08,crisis,0.0010967427072036545,0.0573781091702017,1.0589867856521966,-0.0015190713461114003,0.003717032162406512,0.2495513205837283
2025-04-09,high_volatility,0.0035699355968297868,0.061152880921437,1.061152880921437,0.0,0.0036145453317447725,0.35319195504929135
2025-04-10,crisis,-0.0041820787924109,0.05671505596262971,1.061152880921437,-0.004182078792410948,0.003480864609907741,0.38756779276408065
2025-04-11,high_volatility,0.0029569024174540435,0.059839659266165635,1.061152880921437,-0.0012375423738482105,0.003291145452998694,0.35631542458469706
2025-04-14,high_volatility,-0.006651645824006136,0.05278998122249168,1.061152880921437,-0.007880956504291325,0.0036617106577624507,0.17775327245714148
2025-04-15,high_volatility,-0.000695608307527681,0.05205765176547139,1.061152880921437,-0.008571082753003445,0.0036267810764451965,0.19625525208002434
2025-04-16,crisis,-0.006711189359191629,0.04499709364768667,1.061152880921437,-0.015224749952826522,0.0038701053161074063,0.039361776249278765
2025-04-17,high_volatility,-0.012524488839397345,0.03190903921109345,1.061152880921437,-0.027558556581357085,0.004786840048290078,-0.07894970625133653
2025-04-21,crisis,-0.003838488033864048,0.02794806871204547,1.061152880921437,-0.03129126142555316,0.004822687952792329,-0.09022699740895741
2025-04-22,high_volatility,0.004871903125909556,0.03295613212127635,1.061152880921437,-0.02657180629399636,0.004841160439408552,-0.08647081025754087
2025-04-23,high_volatility,0.0039056902365750224,0.036990538801312756,1.061152880921437,-0.022769897301831987,0.004933276040112434,-0.0514025378091279
2025-04-24,high_volatility,0.005771629103357135,0.04297566357496452,1.061152880921437,-0.01712968760042244,0.005110822349177341,0.014463390610167232
2025-04-25,high_volatility,0.0014157089021556634,0.04445221350661921,1.061152880921437,-0.015738229349493982,0.005107515306936059,0.04164897224165798
2025-04-28,high_volatility,0.005811634052408782,0.05052218755674809,1.061152880921437,-0.010018060126697259,0.005247111377140565,0.10573284663816603
2025-04-29,high_volatility,0.0033335776382957846,0.054024184829720934,1.061152880921437,-0.006717878469618799,0.00487494006340551,0.05202301269249557
2025-04-30,high_volatility,-0.003909922789111319,0.04990303164918086,1.061152880921437,-0.010601534872607177,0.004925636891534593,-0.015102716669276131
2025-05-01,high_volatility,-0.0021312479971092564,0.047665427915819514,1.061152880921437,-0.012710188369752906,0.004869514914330837,-0.07351346625163349
2025-05-02,high_volatility,-0.009904484552401026,0.03728884186894277,1.061152880921437,-0.022488785057787508,0.005281778850868427,-0.1787719787127406
2025-05-05,high_volatility,-0.00011218398823288058,0.03717247466971241,1.061152880921437,-0.022598446164422192,0.005253630190351843,-0.1954892358248261
2025-05-06,high_volatility,0.005155570594090755,0.04251969058111982,1.061152880921437,-0.017559383454848976,0.005414910523220681,-0.11793402729557456
2025-05-07,high_volatility,-0.0008240592903375429,0.04166059254473664,1.061152880921437,-0.01836897277211791,0.005399524159658667,-0.13605686049418517
2025-05-08,high_volatility,-0.002376608168141556,0.03918497347206373,1.061152880921437,-0.02070192508952884,0.005313047265709034,-0.19423307227749853
2025-05-09,bull,-0.0028475591862863027,0.03622583275460256,1.061152880921437,-0.02349053431885273,0.00527967843874394,-0.1828224056572724
2025-05-12,bull,0.005873006744952945,0.04231159405966478,1.061152880921437,-0.017755487640397027,0.005431769792928073,-0.1508602772451673
2025-05-13,bull,0.001636062857660994,0.044016881344815184,1.061152880921437,-0.016148473876584135,0.005277354172135904,-0.07675301857668579
2025-05-14,normal,-0.00029001320155990764,0.04371410266657394,1.061152880921437,-0.016433803807534675,0.005276958156844919,-0.07291570182572069
2025-05-15,bull,0.002381471802985769,0.04619967837245298,1.061152880921437,-0.01409146864493227,0.00509165573503183,0.013720478019931258
2025-05-16,bull,0.0015638750497296633,0.047835803946495004,1.061152880921437,-0.012549630891430352,0.004143889376802361,0.18684816959360645
2025-05-19,normal,0.003049423635606858,0.051031099213284525,1.061152880921437,-0.00953847639688199,0.004024863992470502,0.27794075293481
2025-05-20,bull,-0.0021838136554437164,0.04873584314652657,1.061152880921437,-0.01170145979731807,0.00398762300946585,0.1920662729755854
2025-05-21,normal,-0.00805987198158276,0.04028316650826835,1.061152880921437,-0.019667019510936745,0.004370948064143358,0.03834632123105614
2025-05-22,bull,-0.0016409169325624902,0.03857614824568523,1.061152880921437,-0.021275664498170643,0.004180890089975333,-0.0485584454207154
2025-05-23,normal,0.001203247478246081,0.039825812377028535,1.061152880921437,-0.020098016909579908,0.0041768286002781,-0.05114899721413794
2025-05-27,bull,0.0024613811394685707,0.042385220019945935,1.061152880921437,-0.017686104649873302,0.003985253362769295,-0.09564090545593541
2025-05-28,normal,-0.004127180862434311,0.03808310768859524,1.061152880921437,-0.02174029175966563,0.003968381577326942,-0.1900500620787294
2025-05-29,bull,0.0032716775622769183,0.04147938089979886,1.061152880921437,-0.01853974142213599,0.003992645886135068,-0.09895972716381625
2025-05-30,bull,-0.0035563278168000314,0.037775538806881226,1.061152880921437,-0.02203013584080027,0.004037721995293529,-0.11550204275623864
2025-06-02,bull,0.002718221701874377,0.04059644279814045,1.061152880921437,-0.01937179693226354,0.0034248137784870063,0.04811069588967928
2025-06-03,bull,6.030073141187172e-05,0.04065919152474584,1.061152880921437,-0.019312664334375396,0.0034242967901718614,0.050636501676920034
2025-06-04,bull,0.0015815739344619418,0.04230507097671965,1.061152880921437,-0.01776163480642967,0.003238847903313881,-0.0016380586498683538
2025-06-05,normal,-0.0005103401148727387,0.04177314088706496,1.061152880921437,-0.018262910446555036,0.003235431804206643,0.0032083927518151865
2025-06-06,bull,-0.00265502310513158,0.03900720912770428,1.061152880921437,-0.020869445102484008,0.0032468214901276364,-0.001090362038891487
2025-06-09,normal,0.002063350112682171,0.04115104476973541,1.061152880921437,-0.018849155961705777,0.0032058571902113197,0.07548846991296553
2025-06-10,bull,0.0032296849539186355,0.04451363463378488,1.061152880921437,-0.015680347843190723,0.00300999720974222,0.03649145060377738
2025-06-11,normal,4.0861318191331465e-05,0.04455631483776479,1.061152880921437,-0.015640127244682,0.002988484448103666,0.010064997173540396
2025-06-12,normal,0.008004350842740102,0.05291731005672595,1.061152880921437,-0.007760965467633496,0.0034772680886167896,0.12791573108625848
2025-06-13,normal,-0.002458358397305599,0.05032886194587971,1.061152880921437,-0.01020024463031044,0.0035037039108012182,0.05788325294798891
2025-06-16,normal,-0.000533553441054384,0.04976845536734964,1.061152880921437,-0.01072835569574282,0.0034921915591282415,0.028043809603906716
2025-06-17,normal,0.003922089371097136,0.05388574106825894,1.061152880921437,-0.006848343894489295,0.003536184616267941,0.040034007644229194
2025-06-18,normal,-0.0032141981419013324,0.05049834347754101,1.061152880921437,-0.010040530102169876,0.0035790921546244524,0.025159569451109663
2025-06-20,normal,-0.0006690399049340259,0.0497955181656875,1.061152880921437,-0.010702852491798809,0.0030332534643704207,0.15151718340294532
2025-06-23,bull,0.004992818120208496,0.055036956251298896,1.061152880921437,-0.00576347176744918,0.003151855013504716,0.251051133607608
2025-06-24,bull,-0.0019176277309773358,0.053013788126785366,1.061152880921437,-0.00767004730513865,0.0032071553320165594,0.19806742981999442
2025-06-25,bull,-0.002968426889151681,0.04988799368346242,1.061152880921437,-0.010615706219628707,0.0032735661232793836,0.11111509543928479
2025-06-26,bull,0.005484655250087429,0.055646267380021985,1.061152880921437,-0.005189274458392346,0.0032850895287249854,0.2570202152660326
2025-06-27,bull,0.0009203235693967036,0.05661780352083734,1.061152880921437,-0.004273726700587899,0.0032353458072178084,0.22463339670699609
2025-06-30,normal,0.0072942524939385,0.06432504056930899,1.064325040569309,0.0,0.003385588678643407,0.37491138298660764
2025-07-01,normal,0.0015905487944543443,0.06601790147949393,1.066017901479494,0.0,0.0033695403253323343,0.3599636660360701
2025-07-02,bull,0.0013522987809996296,0.0674594761881886,1.0674594761881886,0.0,0.0033586470556075066,0.3803650606006629
2025-07-03,bull,0.002930760103787829,0.07058794383341116,1.0705879438334112,0.0,0.003378565962763238,0.3980894006901869
2025-07-07,normal,-0.003232008938940374,0.0671277940290198,1.0705879438334112,-0.0032320089389403783,0.0035095032256674827,0.34446124718274845
2025-07-08,bull,-0.006221542451491746,0.060488613157301474,1.0705879438334112,-0.00943344330961493,0.003795157084121518,0.27154657052247955
2025-07-09,bull,0.0017264153221956662,0.062319456948070284,1.0705879438334112,-0.007723314028490025,0.003791076869676055,0.267395040013944
2025-07-10,bull,0.00230139941178141,0.0647642783214144,1.0705879438334112,-0.005439689047070928,0.0037681318538374253,0.25670568644539765
2025-07-11,normal,-0.003944776360066937,0.060564021367248255,1.0705879438334112,-0.009363007050378958,0.003921958981569634,0.1958253499978772
2025-07-14,normal,0.0032128098573570834,0.06397141190945521,1.0705879438334112,-0.006180278754367774,0.0035888573409704446,0.14724517883208682
2025-07-15,normal,-0.0046361294682291145,0.059038702693348544,1.0705879438334112,-0.010787755650141895,0.003715066978931911,0.11293292686434614
2025-07-16,bull,0.0021755831821183656,0.06134272948414066,1.0705879438334112,-0.008635642127788667,0.003727853816398114,0.1488819696054386
2025-07-17,bull,0.0011314652466415886,0.06254360189732777,1.0705879438334112,-0.007513947810097066,0.0036465317818308307,0.11393813004287696
2025-07-18,bull,-0.0014184035202902039,0.06103648631193481,1.0705879438334112,-0.008921693520362095,0.0035738377696029667,0.14137987676491928
2025-07-21,normal,0.004412228217500316,0.06571802143663774,1.0705879438334112,-0.0045488298507602165,0.003665402820607495,0.20716199193630475
2025-07-22,bull,0.0016190354897350665,0.06744345673539387,1.0705879438334112,-0.0029371590779903034,0.0035356525848667004,0.1670534657648201
2025-07-23,bull,-0.0009096634699418743,0.06647244241657324,1.0705879438334112,-0.003844150721613482,0.0035050688305167466,0.1828897696709689
2025-07-24,normal,-0.0007832072829536208,0.06563717343260311,1.0705879438334112,-0.0046243472377253125,0.0034196499290583865,0.21940907021748912
2025-07-25,bull,0.0006901909417020677,0.06637266655684737,1.0705879438334112,-0.003937347978597905,0.003233266861684753,0.15791427612587738
2025-07-28,normal,-0.0016591209748835617,0.06460342529872043,1.0705879438334112,-0.0055899364168647825,0.0032673287658494714,0.1167947262483419
2025-07-29,normal,0.0055782442082933075,0.07054204319002211,1.0705879438334112,-4.287423901361276e-05,0.003094191872670884,0.0956005208019386
2025-07-30,bull,-0.005678940212736421,0.06446249893152523,1.0705879438334112,-0.005721570971510159,0.0033504548676935903,-0.020196689268540402
2025-07-31,normal,0.0014566769268446493,0.06601307689321012,1.0705879438334112,-0.004273228525085049,0.0033528635496242816,-0.01862562781173218
2025-08-01,normal,0.004086838622171748,0.07036970030759737,1.0705879438334112,-0.00020385389829102873,0.0034165437079404595,-0.001359638001654422
2025-08-04,normal,0.003946087353047546,0.07459347264506633,1.0745934726450663,0.0,0.003436635486237474,0.10308324911339965
2025-08-05,normal,-0.0014546641851263236,0.07303030000683908,1.0745934726450663,-0.0014546641851262976,0.003105967791525964,0.19079510961924415
2025-08-06,normal,0.0002425042447538944,0.07329051440934009,1.0745934726450663,-0.001212512702612134,0.003095162805435828,0.1674897069955429
2025-08-07,normal,-0.0017845478749152848,0.07137517610268418,1.0745934726450663,-0.0029948967905606416,0.0031061096114848013,0.10112667817313814
2025-08-08,bull,-0.002917001908889349,0.06824997266885591,1.0745934726450663,-0.005903162579795063,0.0030397331552880756,0.12024057735928324
2025-08-11,normal,0.0022094543598052433,0.07061022222833091,1.0745934726450663,-0.003706750988288432,0.002998264692246178,0.10517133312074876
2025-08-12,bull,-0.000956015030440311,0.0695867027641377,1.0745934726450663,-0.004659222309069788,0.0027836404253594096,0.17938280105174514
2025-08-13,bull,0.003963705767312326,0.07382622974652442,1.0745934726450663,-0.0007139843280951075,0.002867757294797241,0.20529748000280693
2025-08-14,normal,-0.0007638443900546148,0.07300599360503912,1.0745934726450663,-0.0014772833452261214,0.0028801676004438725,0.17151011072084882
2025-08-15,normal,-0.0022093820434555336,0.07063531343024798,1.0745934726450663,-0.0036834015053855973,0.002913052410728871,0.15599751525746203
2025-08-18,bull,-0.0015059010964338605,0.06902304253787261,1.0745934726450663,-0.005183755763453868,0.002787746860273781,0.056864012457783365
2025-08-19,normal,7.433513969228663e-05,0.06910250851507405,1.0745934726450663,-0.005109805958970259,0.0027664703224632545,0.029383092972144274
2025-08-20,normal,-0.0004968432546714277,0.06857133214516598,1.0745934726450663,-0.005604110441018273,0.002760220559569188,0.03692765242971995
2025-08-21,normal,-0.0010332234547757264,0.06746725918169272,1.0745934726450663,-0.0066315435974431125,0.0027650022594116917,0.03234270661357806
2025-08-22,normal,0.0055450483049245365,0.07338641669778068,1.0745934726450663,-0.0011232675221025668,0.0030217101338460978,0.10992799120687412
2025-08-25,normal,-0.001985968899552172,0.07125470465701711,1.0745934726450663,-0.003107005647290051,0.00303390574744011,0.10409951893074101
2025-08-26,normal,0.0021672882266572523,0.07357642236617146,1.0745934726450663,-0.0009464511973923395,0.002810134367150789,0.05169871284668266
2025-08-27,normal,0.0021761704508357015,0.07591270765323865,1.0759127076532387,0.0,0.002483186404258733,0.21667155633736668
2025-08-28,bull,0.0013360482996308707,0.07735017899685004,1.07735017899685,0.0,0.002480983193574,0.21443290422272346
2025-08-29,normal,-0.00210179382656539,0.0750858110415853,1.07735017899685,-0.00210179382656539,0.0023988523910973654,0.09278303655322717
2025-09-02,normal,-0.0004241968566808356,0.07462976301987934,1.07735017899685,-0.0025250991089116326,0.0022352928023085567,0.001815689916941773
2025-09-03,bull,0.0008288568400822427,0.07552047724951438,1.07735017899685,-0.0016983352144975816,0.0022150898864350035,0.05337690835349394
2025-09-04,bull,0.0011195941318084789,0.07672462366448274,1.07735017899685,-0.0005806425288291672,0.0022263334790769093,0.07280542009498402
2025-09-05,bull,-7.875319838414753e-05,0.07663982815659032,1.07735017899685,-0.0006593499997569197,0.002180026279621042,0.11347518163188423
2025-09-08,normal,0.00498930220631006,0.08201150962661341,1.0820115096266134,0.0,0.0022900795879676563,0.28064268472547343
2025-09-09,bull,0.0005081243725251555,0.08256130604600731,1.0825613060460073,0.0,0.002260222053876302,0.24671362863746424
2025-09-10,normal,0.003955903197216803,0.08684381377777783,1.0868438137777778,0.0,0.0023520907504065956,0.3414934120557426
2025-09-11,normal,0.005570220704465782,0.09289777369180352,1.0928977736918035,0.0,0.0024891433397590296,0.3549611742183993
2025-09-12,normal,-0.0015032981972024453,0.09125482243888605,1.0928977736918035,-0.0015032981972024073,0.0025201989486517227,0.3359165564188058
2025-09-15,normal,0.007301881575079476,0.09922303592056902,1.099223035920569,0.0,0.0027955370945359115,0.4729465889872662
2025-09-16,normal,0.0016798109385712107,0.10106952280023784,1.1010695228002378,0.0,0.002715532331159413,0.5455377268021265
2025-09-17,bull,-0.003936928498408324,0.09673469081719666,1.1010695228002378,-0.003936928498408432,0.002961883687945354,0.43244849833447835
2025-09-18,bull,0.0013280550854675723,0.09819121490074512,1.1010695228002378,-0.002614101870854313,0.0029321971517321495,0.4679450252141997
2025-09-19,bull,0.002064740049066085,0.10045869428368315,1.1010695228002378,-0.0005547592626133913,0.002879803348658873,0.5302463607466543
2025-09-22,normal,0.004498986897814564,0.10540964353085136,1.1054096435308514,0.0,0.0028116802609124414,0.5244914208197803
2025-09-23,normal,8.675358480925155e-05,0.10550554178011029,1.1055055417801103,0.0,0.00271390881416708,0.5815738137242362
2025-09-24,bull,-0.005565771030611191,0.09935255106149055,1.1055055417801103,-0.005565771030611066,0.003142594853112608,0.3792042538067647
2025-09-25,normal,-0.0012384697693912494,0.09799103616109783,1.1055055417801103,-0.006797347760837513,0.003178841234679084,0.32117153701866696
2025-09-26,bull,-0.002880543686178477,0.09482822501440347,1.1055055417801103,-0.009658311389840635,0.0032945649980364003,0.2458970232709248
2025-09-29,normal,0.006909559136845452,0.1023930053798281,1.1055055417801103,-0.0028154869267053018,0.003486006887590265,0.36164339739206247
2025-09-30,normal,0.002312666528940008,0.1049424727851076,1.1055055417801103,-0.0005093316801434433,0.0034700668786401914,0.4027399448822625
2025-10-01,normal,0.002858757114708889,0.10810123494052615,1.1081012349405261,0.0,0.0034822230574788945,0.43048062471274734
2025-10-02,normal,0.0025683519469585376,0.11094722890471287,1.1109472289047129,0.0,0.003488976664851169,0.4504092743759252
2025-10-03,normal,8.946899659276485e-05,0.11104662423855038,1.1110466242385504,0.0,0.0034849894773120913,0.45333811420788783
2025-10-06,bull,0.000446821201107116,0.11154306342567866,1.1115430634256787,0.0,0.0033980321252148394,0.3980993874015601
2025-10-07,normal,0.0018301246731303826,0.11357732581130109,1.113577325811301,0.0,0.0033935924306850184,0.4180980926347438
2025-10-08,bull,-1.599130901667762e-05,0.11355951825217003,1.113577325811301,-1.599130901674961e-05,0.0033532881852228837,0.36389947112652626
2025-10-09,normal,-0.0022624546934389028,0.11104014029367693,1.113577325811301,-0.0022784098228434413,0.0032749920975645172,0.2530161913546047
2025-10-10,normal,0.002541453859227577,0.11386379754598308,1.113863797545983,0.0,0.003248188152255953,0.3173657379877274
2025-10-13,normal,0.0043760089049537255,0.1187380754429499,1.11873807544295,0.0,0.003007885194092553,0.2940836965103255
2025-10-14,normal,0.005244251508072726,0.12460501928222989,1.12460501928223,0.0,0.003159274120271273,0.3364038651198884
2025-10-15,normal,0.002010350223452185,0.1268658692340392,1.1268658692340392,0.0,0.0029359065791676954,0.4632831203747326
2025-10-16,normal,0.009080373740664966,0.1370982324822836,1.1370982324822836,0.0,0.0034056239188878213,0.513201673323976
2025-10-17,normal,-0.005922729423908358,0.1303635073228866,1.1370982324822836,-0.005922729423908368,0.0038107420847064747,0.35384142780172584
2025-10-20,normal,0.0025009120644875664,0.1331904470556069,1.1370982324822836,-0.0034366295848916595,0.0037494969085694616,0.33297658566323507
2025-10-21,normal,-0.00046451792014263896,0.13266405978601514,1.1370982324822836,-0.003899551129007306,0.003760496811109115,0.3246728197497449
2025-10-22,normal,-0.0014691045512012775,0.13100005786080127,1.1370982324822836,-0.00536292683189743,0.0034718660325882833,0.41066228187102755
2025-10-23,bull,-0.0025163549410906405,0.1281540602768294,1.1370982324822836,-0.007865786745555936,0.0035346683976887204,0.3852893724341321
2025-10-24,bull,0.0016065784249983993,0.12996652825014454,1.1370982324822836,-0.00627184532383851,0.003390690245854303,0.4678181016996531
2025-10-27,bull,0.003260217571646811,0.13365046498091826,1.1370982324822836,-0.003032075332523254,0.003180841629177151,0.441316909062931
2025-10-28,normal,0.004457106874714503,0.1387032662619081,1.138703266261908,0.0,0.003248515484564084,0.46512975556853176
2025-10-29,normal,-0.0008886980670949182,0.1376913028701865,1.138703266261908,-0.0008886980670949063,0.0032746554175244772,0.4041977812756535
2025-10-30,normal,-0.008066333582561142,0.12851430530725705,1.138703266261908,-0.008947863114592614,0.0038710177652750604,0.20456485238409666
2025-10-31,normal,0.0028460404638687175,0.13172610268421625,1.138703266261908,-0.006127288631213146,0.0038936999318219803,0.2387710320190159
2025-11-03,normal,-0.000588222005198955,0.13106039648675938,1.138703266261908,-0.0067119064304069775,0.003907310552196671,0.2246943464180555
2025-11-04,normal,-0.0019291660612753133,0.12887839315660443,1.138703266261908,-0.008628124109590352,0.003949291037966483,0.17471137159169617
2025-11-05,normal,-0.002735493820862217,0.12579035328761967,1.138703266261908,-0.01134001575026522,0.00402104214031373,0.13777794639635774
2025-11-06,normal,-0.0006889828622361899,0.12501470302773376,1.138703266261908,-0.012021185535991852,0.003978201010200011,0.15903784610269533
2025-11-07,bull,-0.000688322405765942,0.1242403302008237,1.138703266261908,-0.012701233490409414,0.003962160949766177,0.11892391872771035
2025-11-10,bull,0.00502482137920887,0.12988943704738554,1.138703266261908,-0.007740233540785568,0.003998305965069045,0.12596242881081277
2025-11-11,bull,0.0020402942154218243,0.13219474392985964,1.138703266261908,-0.005715731679083014,0.0038601689306677475,0.08896980210575997
2025-11-12,normal,0.0022406992547458386,0.13473165184881042,1.138703266261908,-0.00348783966005084,0.003865743817254555,0.09182085885688215
2025-11-13,normal,-0.006307905816286877,0.12757387146218835,1.138703266261908,-0.009773744512259874,0.0035567310750061563,-0.11652780367317468
2025-11-14,normal,-0.0027175582966700446,0.12450962373268792,1.138703266261908,-0.012464742088441061,0.0033623765408371015,-0.0756011413288636
2025-11-17,normal,0.0004258268052439807,0.124988470073228,1.138703266261908,-0.01204422310449893,0.0033044024949944618,-0.10832632149657677
2025-11-18,normal,-0.0006412534928403523,0.12426706728738846,1.138703266261908,-0.012677753197204988,0.0033049387459278727,-0.11098255485481576
2025-11-19,normal,-0.00017379159346445636,0.12407167912228512,1.138703266261908,-0.01284934150373962,0.0032948767473009667,-0.09166500629266693
2025-11-20,crisis,-0.00047552513385733935,0.12353715478660532,1.138703266261908,-0.013318756452758373,0.0032540390957302083,-0.06145697747628434
2025-11-21,normal,0.0018747466560477318,0.12564350231048693,1.138703266261908,-0.011468979090833109,0.0032624166193512684,-0.0571891997956637
2025-11-24,normal,0.004638590314607295,0.130864901358005,1.138703266261908,-0.006883588671554919,0.0033523811448389297,-0.03509635498752401
2025-11-25,normal,0.0025929708193375292,0.1337972010478392,1.138703266261908,-0.004308466796775212,0.0032426111826896796,-0.06502881461930049
2025-11-26,normal,0.0021988760750670066,0.13629028058720127,1.138703266261908,-0.0021190645062677538,0.003281902093577232,-0.017210889527765987
2025-11-28,normal,0.0002938074751907076,0.13662413116562444,1.138703266261908,-0.001825879628069349,0.002686390350001279,0.1345756019835013
2025-12-01,normal,-0.0036685111794293834,0.13245441283363424,1.138703266261908,-0.005487692547670786,0.0027631365016804535,0.012954487166094184
2025-12-02,normal,-0.00047045159235641456,0.13192164785184568,1.138703266261908,-0.005955562446329776,0.0027618618634574843,0.01509254953798832
2025-12-03,normal,0.0018889024035740225,0.13405973737313048,1.138703266261908,-0.004077909518975242,0.0027503954277000513,0.08456491669936879
2025-12-04,normal,-0.0018976303495451374,0.13190771119729394,1.138703266261908,-0.005967801503654502,0.0027088747583247992,0.10132625473219567
2025-12-05,bull,-0.001847518609775783,0.12981649063630818,1.138703266261908,-0.007804294489092922,0.002742737339330378,0.07895518951717195
2025-12-08,normal,0.0011228049138881607,0.13108505414378646,1.138703266261908,-0.0066902522754065386,0.002741187188128333,0.11203529395416877
2025-12-09,normal,0.0003677602184340817,0.13150102223036586,1.138703266261908,-0.0063249524656107114,0.0025071529353856755,0.029617919720241078
2025-12-10,normal,0.0023688182202543824,0.13418134246806157,1.138703266261908,-0.003971116907999117,0.0025217455699734015,0.03596035051593413
2025-12-11,normal,-0.0006994617278150285,0.13338802602660338,1.138703266261908,-0.00466780099152031,0.002475079416950544,-0.022756924135061484
2025-12-12,normal,-0.006203248974139403,0.1263573379168521,1.138703266261908,-0.010842094433947458,0.002461238544794935,-0.020758797443861318
2025-12-15,normal,0.0016800812311485312,0.12824970973985272,1.138703266261908,-0.009180228802163626,0.002406309338155616,0.07014460747090827
2025-12-16,bull,-0.0016117348613840924,0.12643127035031854,1.138703266261908,-0.0107771675687518,0.0024377813947172354,0.02744771979641116
2025-12-17,normal,-0.0036059903141922585,0.12236937009983206,1.138703266261908,-0.014344295521076633,0.0025696816466738363,-0.031648006096692424
2025-12-18,bull,0.001160959062022595,0.12367239499098592,1.138703266261908,-0.013199989598927653,0.0025844438880184245,-0.005644451293281728
2025-12-19,bull,-0.004276228519126946,0.11886731504936976,1.138703266261908,-0.017419771946079576,0.0027542742412473265,-0.07429286954989367
2025-12-22,bull,0.00048113859215050646,0.11940564529413589,1.138703266261908,-0.0169470146784787,0.0027162657137173056,-0.10098545908790618
2025-12-23,bull,0.0030484612710006366,0.12281811005035448,1.138703266261908,-0.013950215725384574,0.002584994189165277,-0.13687063350771525
2025-12-24,bull,0.0002805500206976199,0.12313311669436877,1.138703266261908,-0.013673579437997407,0.0024964526000764552,-0.1880391529173969
2025-12-26,normal,-0.0002083696216707146,0.12289908987175724,1.138703266261908,-0.013879099901093817,0.00241782618455974,-0.24393528402501385
2025-12-29,normal,-6.320188515363109e-05,0.12282812053243997,1.138703266261908,-0.013941424600969587,0.0024122708372298477,-0.2518969162553511
2025-12-30,normal,-0.0010191169104127916,0.12168382740731842,1.138703266261908,-0.014946333569816117,0.002305729666658593,-0.20608394752047984
2025-12-31,normal,-0.004880564223275589,0.11620937744944748,1.138703266261908,-0.019753951252201696,0.002507319640343047,-0.2774594399423522
2026-01-02,normal,-0.00019733228914619412,0.11598911329782902,1.138703266261908,-0.0199473854489276,0.002436531738607235,-0.3283319585483183
2026-01-05,normal,0.008020192135236597,0.1249395604073098,1.138703266261908,-0.012087175177587062,0.003115915970118787,-0.0975957363674903
2026-01-06,normal,0.003496385449228462,0.1288727827175793,1.138703266261908,-0.008633051151771931,0.0032044656230175747,-0.011516712910778902
2026-01-07,normal,0.0008187309983447172,0.12979702585797792,1.138703266261908,-0.00782138830001533,0.003199391073126874,-0.01628703875172044
2026-01-08,normal,-0.0006103557694081651,0.1291074477249854,1.138703266261908,-0.00842697023994976,0.003200110820926033,-0.03156590863087895
2026-01-09,normal,0.003031976530484613,0.132530875006883,1.138703266261908,-0.005420544085455781,0.0032303417296563426,-0.02100597891782351
2026-01-12,normal,0.0028487836661771344,0.13575721046504374,1.138703266261908,-0.002587202376731157,0.0032906998813572964,0.033292546685811296
2026-01-13,normal,0.0014785617334227238,0.1374364976148963,1.138703266261908,-0.0011124659817393079,0.002945268919293645,0.1676065338460087
2026-01-14,normal,0.0010257134948140954,0.13860318157999396,1.138703266261908,-8.789355829519341e-05,0.002935012139747106,0.15704464105902527
2026-01-15,bull,-0.00276055288296186,0.13546000728453378,1.138703266261908,-0.0028482038064413517,0.002988465962605105,0.13501476408312513
2026-01-16,normal,-0.0021070144900319793,0.1330675765963334,1.138703266261908,-0.004949217089782576,0.002900108984113817,0.16497166856154774
2026-01-20,normal,-0.002822724828848381,0.1298692386151119,1.138703266261908,-0.007757971640668271,0.0029862874949422324,0.09351129924664027
2026-01-21,normal,0.0020267032536267684,0.132159148277186,1.138703266261908,-0.005746991493407183,0.0028074636190052685,0.21172071765771763
2026-01-22,normal,0.0012276134730063353,0.13354900210119847,1.138703266261908,-0.004526433104587335,0.002810838609236353,0.22474501174869865
2026-01-23,normal,0.002171650630324982,0.1360106745061156,1.138703266261908,-0.002364612305567282,0.002777804619868659,0.21163526765627372
2026-01-26,normal,0.005185463084032051,0.14190141592183325,1.1419014159218333,0.0,0.002959802336360607,0.28148064725628863
2026-01-27,normal,0.001277191601133627,0.14335984281957126,1.1433598428195713,0.0,0.0029509169035006225,0.3074993868696325
2026-01-28,normal,5.357195362333512e-06,0.14336596802161883,1.1433659680216188,0.0,0.0029497696460992497,0.30878109202864434
2026-01-29,normal,0.0005500523858895199,0.14399487920027387,1.1439948792002739,0.0,0.002916414700731774,0.33921498102528463
2026-01-30,normal,-0.0033805813036504114,0.14012751150017766,1.1439948792002739,-0.0033805813036503762,0.0027732946768114883,0.38376401622617495
2026-02-02,normal,-0.0007804888670530524,0.1392376546704308,1.1439948792002739,-0.004158431664631812,0.0027902708737839467,0.3709793497764392
2026-02-03,normal,0.0013908194708415105,0.14082212858246224,1.1439948792002739,-0.002773395821517699,0.002260235786660558,0.3113233784676942
2026-02-04,normal,-0.0014205408666032873,0.13920154412728558,1.1439948792002739,-0.004189996966017184,0.002207270257336941,0.20741362500735122
2026-02-05,normal,0.0023382645108826743,0.14186529866866127,1.1439948792002739,-0.0018615297763406868,0.002246156598084697,0.2376479901389021
2026-02-06,normal,0.010911865289389278,0.154325178986362,1.154325178986362,0.0,0.0032086754279306933,0.345907736367004
2026-02-09,normal,-0.0041733569092870055,0.14950776802507537,1.154325178986362,-0.004173356909286996,0.003381365555620323,0.22169711310193704
2026-02-10,normal,0.0024932336214399118,0.15237375944042175,1.154325178986362,-0.0016905284416076638,0.003370666187970707,0.21712665656372976
2026-02-11,normal,-0.00177435428832036,0.1503290401186108,1.154325178986362,-0.003461883133538013,0.0034109799760182516,0.16687746122854752
2026-02-12,normal,0.0015002559940307057,0.15205482815615623,1.154325178986362,-0.0019668208504292073,0.003415969384050438,0.17357965982619392
2026-02-13,normal,0.0017675621657267835,0.1540911566832479,1.154325178986362,-0.00020273516282443005,0.00333100819140921,0.2459761456629647
2026-02-17,normal,0.0002185606106553141,0.15434339555120435,1.1543433955512044,0.0,0.0032633823779830273,0.286704775217681
2026-02-18,normal,0.0009737098155098017,0.15546739104592144,1.1554673910459214,0.0,0.0031413977782467307,0.35826378026376754
2026-02-19,normal,-0.0001219676555891554,0.15532646139712591,1.1554673910459214,-0.00012196765558913913,0.0031456918740074046,0.3236221278688663
2026-02-20,normal,0.0016177193603774394,0.15719545538128443,1.1571954553812844,0.0,0.0031482683146459773,0.3295528489195186
2026-02-23,normal,-0.0009544166959889683,0.15609100871814596,1.1571954553812844,-0.0009544166959889466,0.00316654571767265,0.2782898162565022
2026-02-24,normal,0.0016953775790655452,0.15805101949368594,1.158051019493686,0.0,0.003009113482740791,0.23485759335567324
2026-02-25,normal,0.0013743368637488497,0.15964257169987817,1.1596425716998782,0.0,0.003010161028984743,0.23638948447265215
2026-02-26,normal,-0.0002450560135813947,0.15935839431407817,1.1596425716998782,-0.0002450560135813795,0.003013771729043627,0.23195179204764044
2026-02-27,normal,0.0013885869498310765,0.16096826425059985,1.1609682642505998,0.0,0.003017420342819026,0.24556621132838438
2026-03-02,normal,0.0019877644441554506,0.16327599568707019,1.1632759956870702,0.0,0.00286648482533121,0.3521364425311148
2026-03-03,crisis,-0.00095401165810809,0.16216621682558752,1.1632759956870702,-0.0009540116581080449,0.0028724439011114686,0.34838543897117874
2026-03-04,normal,-0.001234741316913408,0.16073124218055201,1.1632759956870702,-0.0021875750174102926,0.0029133825892640403,0.2984295963135725
2026-03-05,normal,0.00042406552071549107,0.161223468279178,1.1632759956870702,-0.0017644371718337215,0.0028658826421301188,0.3355580215497655
2026-03-06,normal,0.0028874545968986115,0.1645764483206873,1.1645764483206873,0.0,0.0028823504346010263,0.343167646034237
2026-03-09,normal,0.0010367681138771633,0.16578384404847846,1.1657838440484785,0.0,0.001693899914780617,0.29244617736246004
2026-03-10,normal,-0.0046289880603377406,0.16038744455344345,1.1657838440484785,-0.004628988060337735,0.001761702230724576,0.2682592944014593
2026-03-11,normal,-0.005935135184639947,0.1535003882034598,1.1657838440484785,-0.0105366495750715,0.002205166447127511,0.023206664114774414
2026-03-12,crisis,-0.002221999728343995,0.15093731065422689,1.1657838440484785,-0.01273523687092215,0.002226835949523402,0.012929683958371116
2026-03-13,normal,-0.0052458803342251194,0.1448996312503399,1.1657838440484785,-0.017914309676494433,0.002487850653427987,-0.12400846125277458
2026-03-16,normal,0.0018782255750267136,0.14705001101859283,1.1657838440484785,-0.016069731216061145,0.0024928291064219457,-0.12154116786938465
2026-03-17,normal,-0.00011255996995525883,0.14692089910381534,1.1657838440484785,-0.01618048237755365,0.002490281260364813,-0.12831377523880014
2026-03-18,crisis,-0.004129763784037564,0.14218438671154066,1.1657838440484785,-0.020243424591460002,0.0026094119024845635,-0.22024543896423598
2026-03-19,normal,-0.003024459080733272,0.13872989677127912,1.1657838440484785,-0.02320665826286261,0.002663067532331989,-0.27030318698980815
2026-03-20,crisis,-0.0015439112894805943,0.13697179882798483,1.1657838440484785,-0.02471474053066003,0.002610321484779234,-0.33632530658405535
2026-03-23,normal,0.0074527035804579185,0.14544531262398985,1.1657838440484785,-0.01744622858544509,0.003206253701989013,-0.14270896889573276
2026-03-24,crisis,-3.247594935089143e-05,0.14540811320003288,1.1657838440484785,-0.01747813795196007,0.0031682426771152865,-0.17168944796396554
2026-03-25,normal,0.0037322856596614926,0.14968310347538938,1.1657838440484785,-0.013811085695934144,0.0032851008191793285,-0.12969355277218048
2026-03-26,crisis,-0.007705098415336139,0.14082468201666232,1.1657838440484785,-0.02140976833676056,0.0036650191382679134,-0.21802301335854407
2026-03-27,crisis,0.00011148415293619693,0.14095186588998554,1.1657838440484785,-0.021300671033712026,0.003635907807312456,-0.23733100565728768
2026-03-30,normal,0.000702468539966767,0.14175334868138978,1.1657838440484785,-0.02061316554502657,0.0035939872491347587,-0.2579804510489842
2026-03-31,normal,0.01097314492038967,0.15428197363981067,1.1657838440484785,-0.009866211877430642,0.004471678512867517,-0.0739813074037499
2026-04-01,normal,0.003556426611338168,0.15838709276785123,1.1657838440484785,-0.00634487372456638,0.0045483838636861985,-0.020064759042710517
2026-04-02,normal,0.00032953650738789977,0.1587688236046052,1.1657838440484785,-0.006017428084705512,0.004547869262563907,-0.021106296461759155
2026-04-06,normal,0.00330961670287834,0.16260390425798166,1.1657838440484785,-0.0027277267623246892,0.00456339834674678,-0.016408949194494777
2026-04-07,crisis,0.00690229331579377,0.1706285374152574,1.1706285374152574,0.0,0.004819873651496038,0.04531149657876057
2026-04-08,normal,0.009194204246459635,0.18139153528498775,1.1813915352849877,0.0,0.005072663766624488,0.17930526162488725
2026-04-09,normal,-0.0003114324019117768,0.18102361168155578,1.1813915352849877,-0.000311432401911671,0.004823004946365746,0.246887667789632
2026-04-10,bull,-0.00254713839451035,0.17801538109541837,1.1813915352849877,-0.002857777534993944,0.004835645140161898,0.24288041731665586
2026-04-13,bull,0.006798353971855081,0.1860239466403948,1.1860239466403948,0.0,0.004743080736560456,0.374586755660035
2026-04-14,bull,0.006339199845780826,0.1935423894600301,1.19354238946003,0.0,0.004851752846723268,0.41216937499816486
2026-04-15,bull,0.002050608473025386,0.1959898775967719,1.1959898775967719,0.0,0.0048262298816587985,0.43675962652322564
2026-04-16,bull,-0.00028670348384783086,0.19564698313221807,1.1959898775967719,-0.00028670348384784994,0.004637629868439787,0.49595492544380443
2026-04-17,bull,0.009786571074764897,0.20734826731296963,1.2073482673129696,0.0,0.004746943302196878,0.6194737742184565
2026-04-20,normal,0.00263249613636067,0.21052660696191272,1.2105266069619127,0.0,0.004629697350636204,0.6802663362589346
2026-04-21,normal,-0.0045774533827176505,0.2049854778500051,1.2105266069619127,-0.0045774533827177555,0.004818812460350355,0.5287442554593544
2026-04-22,bull,0.005523491238793978,0.21164120457978353,1.2116412045797835,0.0,0.004822372565225069,0.5859600700141196
2026-04-23,normal,-0.0022854632781091223,0.20887204310047247,1.2116412045797835,-0.00228546327810919,0.004948906881983096,0.5101793950209034
2026-04-24,bull,0.0016909630282712683,0.21091620103126618,1.2116412045797835,-0.0005983648837436517,0.004334509633039803,0.6908817016851677
2026-04-27,bull,-0.003705785835639193,0.20642880492533844,1.2116412045797835,-0.004301933307272132,0.004546982760125775,0.616622063405177
2026-04-28,bull,-0.00480041050595143,0.20063745141549227,1.2116412045797835,-0.009081692767379579,0.004838007421816894,0.5226585490790745
2026-04-29,normal,0.00015100862643380956,0.20081875802787552,1.2116412045797835,-0.008932055554896179,0.004431984419674639,0.4484490324468981
2026-04-30,bull,0.00029574924156197495,0.20117389926481577,1.2116412045797835,-0.008638947961990051,0.004431206594737827,0.41173554365545334
2026-05-01,normal,0.002617355639773272,0.2043177985444049,1.2116412045797835,-0.006044203521386904,0.004420099496876955,0.43864990241129215
2026-05-04,normal,-0.001403377619943047,0.20262768589862867,1.2116412045797835,-0.007439098841377612,0.004468541661920051,0.38115936376441056
2026-05-05,bull,0.0027606235916375387,0.20594768826027687,1.2116412045797835,-0.004699011801502118,0.004308006918119229,0.3472935487433193
2026-05-06,normal,0.011795007670656282,0.22017185049371713,1.2201718504937171,0.0,0.004583079900409551,0.35482322306205294
2026-05-07,bull,-0.005056646626700436,0.21400187262192327,1.2201718504937171,-0.005056646626700356,0.004806069700167749,0.28899340983887895
2026-05-08,normal,0.006713717397422798,0.22215233811464885,1.2221523381146489,0.0,0.004852782743051564,0.38162954293043144
2026-05-11,normal,0.0035516415980241583,0.22649298519781924,1.2264929851978192,0.0,0.004731393407634785,0.35711036811131514
2026-05-12,bull,-0.0037474873956108304,0.22189671819498535,1.2264929851978192,-0.0037474873956108157,0.0047472555151338415,0.24968011004078158
2026-05-13,bull,0.0013338199828266944,0.22352650845466426,1.2264929851978192,-0.0024186658863576405,0.004743082869161328,0.24234361629520443
2026-05-14,bull,0.0026951957657156095,0.226824151919492,1.226824151919492,0.0,0.004742429085782203,0.2738155476634571
2026-05-15,normal,-0.00874458455319872,0.2160960843911257,1.226824151919492,-0.008744584553198709,0.004806628826156517,0.07739167084341626
