Date,gross_return,transaction_cost,net_return,turnover,gross_cumulative_return,net_cumulative_return,running_max,net_drawdown
2024-11-11,-0.0015710198415775502,0.0009429312199257873,-0.0025139510615033375,0.9429312199257872,-0.0015710198415775922,-0.0025139510615033167,0.9974860489384967,0.0
2024-11-12,-0.007275012581703797,0.0,-0.007275012581703797,0.0,-0.008834603234167848,-0.009770674617604946,0.9974860489384967,-0.007275012581703821
2024-11-13,-0.004444179217584953,0.0,-0.004444179217584953,0.0,-0.013239519891663942,-0.014171431206112639,0.9974860489384967,-0.011686860339565563
2024-11-14,-0.0027502656781155472,0.0,-0.0027502656781155472,0.0,-0.0159533733726267,-0.016882721683372237,0.9974860489384967,-0.014404984046804348
2024-11-15,-0.001000569658044092,0.0,-0.001000569658044092,0.0,-0.016937980569330713,-0.01786639900235476,0.9974860489384967,-0.015391140514886548
2024-11-18,0.0026361193352250714,0.0,0.0026361193352250714,0.0,-0.014346511772184045,-0.015277377626990551,0.9974860489384967,-0.012795594062763871
2024-11-19,0.005120733313249147,0.0,0.005120733313249147,0.0,-0.009299243119695544,-0.010234875690294909,0.9974860489384967,-0.007740383574294629
2024-11-20,0.004208213830956371,0.0,0.004208213830956371,0.0,-0.005130162492252954,-0.0060697324047767065,0.9974860489384967,-0.0035647429325527114
2024-11-21,0.005508992376645849,0.0,0.005508992376645849,0.0,0.0003505678583319849,-0.0005941781376770372,0.999405821862323,0.0
2024-11-22,0.0007731589472740495,0.0,0.0007731589472740495,0.0,0.0011239978502823877,0.00017852141545371403,1.0001785214154537,0.0
2024-11-25,0.00026581769101080826,0.0,0.00026581769101080826,0.0,0.0013901143198065125,0.0004443865606149622,1.000444386560615,0.0
2024-11-26,0.0010990749563518833,0.0,0.0010990749563518833,0.0,0.0024907171159938013,0.0015439499311067362,1.0015439499311067,0.0
2024-11-27,-0.0009656152998402746,0.0,-0.0009656152998402746,0.0,0.0015226967415986614,0.0005768437695907735,1.0015439499311067,-0.0009656152998402945
2024-11-29,0.004156619507340371,0.0,0.004156619507340371,0.0,0.005685645519919014,0.0047358609969965215,1.0047358609969965,0.0
2024-12-02,-0.0017842160727961375,0.0,-0.0017842160727961375,0.0,0.0038912850270020893,0.0029431951248910515,1.0047358609969965,-0.0017842160727961076
2024-12-03,-0.0010639788768943984,0.0,-0.0010639788768943984,0.0,0.0028231659050350633,0.0018760847505532308,1.0047358609969965,-0.00284629658147717
2024-12-04,0.00663786946860564,0.0,0.00663786946860564,0.0,0.009479775180406547,0.008526407424845006,1.008526407424845,0.0
2024-12-05,-0.002618358420005229,0.0,-0.002618358420005229,0.0,0.006836595311237925,0.005885723814166521,1.008526407424845,-0.00261835842000524
2024-12-06,-0.002960580047359638,0.0,-0.002960580047359638,0.0,0.0038557749762080373,0.002907718610318355,1.008526407424845,-0.005571186607669865
2024-12-09,0.002965436543723072,0.0,0.002965436543723072,0.0,0.0068326455759499805,0.005881777809067401,1.008526407424845,-0.002622271064304904
2024-12-10,-0.0018921508801386928,0.0004215440228122527,-0.0023136949029509456,0.4215440228122527,0.004927566299470998,0.0035544742667792395,1.008526407424845,-0.004929898832060298
2024-12-11,0.0013361743827936222,0.0,0.0013361743827936222,0.0,0.006270324770123459,0.004895398047032318,1.008526407424845,-0.00360031165379604
2024-12-12,-0.004717593838025523,0.0,-0.004717593838025523,0.0,0.001523150086599978,0.00015470970934550188,1.008526407424845,-0.008300920683748547
2024-12-13,-0.0029651980254389995,0.0,-0.0029651980254389995,0.0,-0.001446564380468307,-0.002810947061018254,1.008526407424845,-0.011241504835566851
2024-12-16,0.00688156425754809,0.0,0.00688156425754809,0.0,0.005425045251342908,0.004051273483705042,1.008526407424845,-0.004437299715896126
2024-12-17,0.0017080558566786664,0.0,0.0017080558566786664,0.0,0.007142367388335957,0.005766249141784474,1.008526407424845,-0.0027368230149851236
2024-12-18,0.022601744451693294,0.0,0.022601744451693294,0.0,0.029905541802520474,0.028498320883025174,1.0284983208830252,0.0
2024-12-19,-0.009819207571878456,0.0,-0.009819207571878456,0.0,0.019792685508133623,0.01839928238294619,1.0284983208830252,-0.009819207571878596
2024-12-20,-0.004710885785554267,0.0,-0.004710885785554267,0.0,0.014988558641761074,0.013601719679549706,1.0284983208830252,-0.014483836192057065
2024-12-23,-0.0030995090214020315,0.0,-0.0030995090214020315,0.0,0.011842592447631084,0.010460052005294429,1.0284983208830252,-0.01753845243251717
2024-12-24,-0.0009742703156286562,0.0,-0.0009742703156286562,0.0,0.010856784245720563,0.009475590771496956,1.0284983208830252,-0.01849563555455891
2024-12-26,0.002776043181857252,0.0,0.002776043181857252,0.0,0.013662966329460069,0.012277938602509586,1.0284983208830252,-0.015770937055676892
2024-12-27,-0.0036024380648065285,0.0,-0.0036024380648065285,0.0,0.010011308274670228,0.008631270024324067,1.0284983208830252,-0.019316561296516377
2024-12-30,-0.0018746357848058665,0.0,-0.0018746357848058665,0.0,0.008117904933119924,0.006740453751862274,1.0284983208830252,-0.02115498556427642
2024-12-31,-0.0026131388353506776,0.0,-0.0026131388353506776,0.0,0.005483552885126919,0.004109701175044833,1.0284983208830252,-0.023712843485287682
2025-01-02,0.0014260088223269785,0.0,0.0014260088223269785,0.0,0.00691738130224584,0.005541570467504586,1.0284983208830252,-0.02232064938697309
2025-01-03,0.0013684239059277466,0.0,0.0013684239059277466,0.0,0.0082952711181139,0.0069175775909364745,1.0284983208830252,-0.02098276959126233
2025-01-06,0.002564337404517875,0.0,0.002564337404517875,0.0,0.01088088039664048,0.009499653998419566,1.0284983208830252,-0.018472239087657605
2025-01-07,-0.001229344775456438,0.0,-0.001229344775456438,0.0,0.009638159267716162,0.008258630872951533,1.0284983208830252,-0.01967887511250066
2025-01-08,0.001269965767637472,0.0,0.001269965767637472,0.0,0.010920365167686574,0.009539084819085053,1.0284983208830252,-0.01843390084260177
2025-01-10,-0.0058855971842385665,0.0005874731146223597,-0.0064730702988609265,0.5874731146223597,0.004970495112966322,0.0030042673536034847,1.0284983208830252,-0.024787647205426255
2025-01-13,0.001156000790760165,0.0,0.001156000790760165,0.0,0.006132241800007376,0.0041637410797998875,1.0284983208830252,-0.02366030095443683
2025-01-14,0.0017952887566644673,0.0,0.0017952887566644673,0.0,0.00793853970142866,0.005966504954010743,1.0284983208830252,-0.021907489270054925
2025-01-15,0.009769708569776686,0.0,0.009769708569776686,0.0,0.01778580549055797,0.01579450453836828,1.0284983208830252,-0.01235181048594225
2025-01-16,0.0014679436102175171,0.0,0.0014679436102175171,0.0,0.01927985766029794,0.017285633590599536,1.0284983208830252,-0.01090199863700203
2025-01-17,0.003933063212183403,0.0,0.003933063212183403,0.0,0.02328874977138118,0.021286682292357417,1.0284983208830252,-0.007011813674597134
2025-01-21,0.008562339036530451,0.0,0.008562339036530451,0.0,0.0320504949791911,0.03003128511963782,1.0300312851196378,0.0
2025-01-22,0.00300808092468142,0.0,0.00300808092468142,0.0,0.03515498638644621,0.03312970258023129,1.0331297025802313,0.0
2025-01-23,0.0035123795041635437,0.0,0.0035123795041635437,0.0,0.038790843544262765,0.03675844617271684,1.0367584461727168,0.0
2025-01-24,-0.0008459667754415831,0.0,-0.0008459667754415831,0.0,0.03791206100399136,0.0358813829730964,1.0367584461727168,-0.0008459667754414646
2025-01-27,0.005484696401661913,0.0,0.005484696401661913,0.0,0.04360469355022145,0.041562877866837544,1.0415628778668375,0.0
2025-01-28,0.001852474323755063,0.0,0.001852474323755063,0.0,0.04553794444917347,0.04349234635466237,1.0434923463546624,0.0
2025-01-29,-0.0029441037388607473,0.0,-0.0029441037388607473,0.0,0.042459772277799734,0.04042019663628693,1.0434923463546624,-0.0029441037388608926
2025-01-30,0.004149700367571499,0.0,0.004149700367571499,0.0,0.046785667977999434,0.04473762870869735,1.0447376287086974,0.0
2025-01-31,-0.0034775389392177913,0.0,-0.0034775389392177913,0.0,0.04314543005659077,0.04110451292359674,1.0447376287086974,-0.0034775389392178724
2025-02-03,0.003996052916654075,0.0,0.003996052916654075,0.0,0.04731389439486278,0.0452648216490068,1.0452648216490068,0.0
2025-02-04,0.0021657296462579347,0.0,0.0021657296462579347,0.0,0.04958209314489137,0.04752858266144244,1.0475285826614424,0.0
2025-02-05,0.0035848329998478708,0.0,0.0035848329998478708,0.0,0.05334466966844653,0.051283797692851074,1.051283797692851,0.0
2025-02-06,-0.0009217366487397958,0.0,-0.0009217366487397958,0.0,0.052373763282658414,0.05031479088829127,1.051283797692851,-0.0009217366487397349
2025-02-07,-0.004240911382515079,0.0,-0.004240911382515079,0.0,0.04791073941129276,0.04586049893638933,1.051283797692851,-0.005158739027809389
2025-02-10,0.004801222855800394,0.0003060033151908781,0.004495219540609516,0.3060033151908781,0.05294199240419295,0.050561871487959875,1.051283797692851,-0.000686709151682452
2025-02-11,0.0005984809297692476,0.0,0.0005984809297692476,0.0,0.05357215810680005,0.05119061273358816,1.051283797692851,-8.86392042447337e-05
2025-02-12,-0.004081901443735605,0.0,-0.004081901443735605,0.0,0.04927158039354418,0.04689975625382958,1.051283797692851,-0.004170178831484628
2025-02-13,0.007814092104579194,0.0,0.007814092104579194,0.0,0.057470685165456725,0.05508032737345858,1.0550803273734586,0.0
2025-02-14,-0.00365912170217237,0.0,-0.00365912170217237,0.0,0.05360127123195668,0.0512196600500312,1.0550803273734586,-0.0036591217021724187
2025-02-18,0.00486210248225428,0.0,0.00486210248225428,0.0,0.05872398858811989,0.056330797768554985,1.056330797768555,0.0
2025-02-19,0.0015146483593441462,0.0,0.0015146483593441462,0.0,0.060327583140433294,0.05793076747831982,1.0579307674783198,0.0
2025-02-20,-0.0029081151361087473,0.0,-0.0029081151361087473,0.0,0.05724402844666887,0.054854183000460965,1.0579307674783198,-0.00290811513610878
2025-02-21,-0.004932029541444766,0.0,-0.004932029541444766,0.0,0.05202966966585376,0.049651611007986096,1.0579307674783198,-0.00782580176779235
2025-02-24,0.0008146705480848031,0.0,0.0008146705480848031,0.0,0.0528867272534419,0.05050673126122396,1.0579307674783198,-0.007017506669922957
2025-02-25,-0.0013470513705555471,0.0,-0.0013470513705555471,0.0,0.051468434744455394,0.04909164472910077,1.0579307674783198,-0.008355105098500903
2025-02-26,-0.0007714758924729154,0.0,-0.0007714758924729154,0.0,0.050657252195353886,0.048282295816197474,1.0579307674783198,-0.009120135228811277
2025-02-27,-0.007367172525842037,0.0,-0.007367172525842037,0.0,0.042916878952903526,0.04055941928713369,1.0579307674783198,-0.01642011814496369
2025-02-28,0.007924300645141533,0.0,0.007924300645141533,0.0,0.05118126584961891,0.0488051249646988,1.0579307674783198,-0.008625935452631572
2025-03-03,-0.0028942423561414583,0.0,-0.0028942423561414583,0.0,0.04813889250601466,0.04576962874868773,1.0579307674783198,-0.01149521226102479
2025-03-04,-0.0076104758151484785,0.0,-0.0076104758151484785,0.0,0.040162056813681124,0.03781082428087901,1.0579307674783198,-0.019018204041270748
2025-03-05,0.004944255230242535,0.0,0.004944255230242535,0.0,0.04530488350338202,0.042942025876832046,1.0579307674783198,-0.014167979665829056
2025-03-06,-0.006663360514941315,0.0,-0.006663360514941315,0.0,0.038339640216570325,0.03599252716223145,1.0579307674783198,-0.0207369338244886
2025-03-07,0.001396336303151504,0.0,0.001396336303151504,0.0,0.039789511551205914,0.03743912113770165,1.0579307674783198,-0.019369553254852345
2025-03-10,-0.010507343374863615,0.0,-0.010507343374863615,0.0,0.02886408611575564,0.02653839206139108,1.0579307674783198,-0.029673374082649584
2025-03-11,-0.004207619569211487,0.00046813241361265336,-0.00467575198282414,0.46813241361265334,0.024535017452956165,0.02173855313926487,1.0579307674783198,-0.03421038072776972
2025-03-12,-0.0030694294800254125,0.0,-0.0030694294800254125,0.0,0.02139027946706773,0.018602398703380763,1.0579307674783198,-0.03717480385666638
2025-03-13,-0.00022674393902900685,0.0,-0.00022674393902900685,0.0,0.021158685411815537,0.018371436783194417,1.0579307674783198,-0.03739311863423622
2025-03-14,0.00440760104662655,0.0,0.00440760104662655,0.0,0.025659545502408454,0.022860011793814472,1.0579307674783198,-0.03315033153643876
2025-03-17,0.004607763173814446,0.0,0.004607763173814446,0.0,0.0303855417850456,0.027573108488125442,1.0579307674783198,-0.028695317239477602
2025-03-18,0.0011180564948952171,0.0,0.0011180564948952171,0.0,0.031537571032284495,0.028721993276050295,1.0579307674783198,-0.02760934373039503
2025-03-19,0.004655768626507416,0.0,0.004655768626507416,0.0,0.036340171292560175,0.033511484857743135,1.0579307674783198,-0.023082117820225956
2025-03-20,-0.0018069201864323212,0.0,-0.0018069201864323212,0.0,0.034467587317040804,0.031644012092844065,1.0579307674783198,-0.024847330462023365
2025-03-21,-0.003961954990863995,0.0,-0.003961954990863995,0.0,0.030369073296582894,0.027556684950337917,1.0579307674783198,-0.02871084144795355
2025-03-24,0.002152446489683789,0.0,0.002152446489683789,0.0,0.032586887591478986,0.02976844572981041,1.0579307674783198,-0.02662019350816025
2025-03-25,0.0011410974263628471,0.0,0.0011410974263628471,0.0,0.03376516983140565,0.030943511852982386,1.0579307674783198,-0.025509472316098902
2025-03-26,-0.002921567559054488,0.0,-0.002921567559054488,0.0,0.03074495504754582,0.027931540733534987,1.0579307674783198,-0.028356512228386088
2025-03-27,0.0022931850423719797,0.0,0.0022931850423719797,0.0,0.03310864396096114,0.03028877796732754,1.0579307674783198,-0.02612835391571
2025-03-28,0.0001526479448704706,0.0,0.0001526479448704706,0.0,0.033266345872289715,0.03044604943190743,1.0579307674783198,-0.025979694410367626
2025-03-31,0.011109872204687912,0.0,0.011109872204687912,0.0,0.04474580292833563,0.041894173354921405,1.0579307674783198,-0.0151584532904957
2025-04-01,0.0010661990510303573,0.0,0.0010661990510303573,0.0,0.045859709911985735,0.04300503993382643,1.0579307674783198,-0.014108416167978866
2025-04-02,0.0024137350650960624,0.0,0.0024137350650960624,0.0,0.048384138166971624,0.0455225777717867,1.0579307674783198,-0.011728735081700359
2025-04-03,-0.00802197801705501,0.0,-0.00802197801705501,0.0,0.03997402365716707,0.037135418636566886,1.0579307674783198,-0.0196566254437619
2025-04-04,-0.013335659371844569,0.0,-0.013335659371844569,0.0,0.02610528432210857,0.023304533971154173,1.0579307674783198,-0.032730150754288645
2025-04-07,-0.012241484789794005,0.0,-0.012241484789794005,0.0,0.013544232091352137,0.010777767083218981,1.0579307674783198,-0.04457096990145637
2025-04-08,-0.0023572565641270145,0.0008267466624861424,-0.003184003226613157,0.8267466624861424,0.011155048297221803,0.0075594474114371035,1.0579307674783198,-0.04761305901609003
2025-04-09,0.04579718733484507,0.0,0.04579718733484507,0.0,0.057463105468664066,0.05370283617553162,1.0579307674783198,-0.003996415864589986
2025-04-10,-0.008923510241067752,0.0,-0.008923510241067752,0.0,0.04802682261746316,0.04430010812587715,1.0579307674783198,-0.01288426404776244
2025-04-11,0.009534387918889779,0.0,0.009534387918889779,0.0,0.05801911689369965,0.05425687046048777,1.0579307674783198,-0.003472719700353455
2025-04-14,-0.008797092056553053,0.0,-0.008797092056553053,0.0,0.048711625324792784,0.04498247571979319,1.0579307674783198,-0.012239261922016076
2025-04-15,-0.002211614819684888,0.0,-0.002211614819684888,0.0,0.04639227915264854,0.04267137699018031,1.0579307674783198,-0.014423808208652189
2025-04-16,-0.0011184054907831921,0.0,-0.0011184054907831921,0.0,0.045221988282130976,0.04150524759707208,1.0579307674783198,-0.015526082033136768
2025-04-17,-0.008290501954905907,0.0,-0.008290501954905907,0.0,0.036556573344967314,0.032870646305823925,1.0579307674783198,-0.023687864974594852
2025-04-21,0.0008122115875565487,0.0,0.0008122115875565487,0.0,0.03739847660499618,0.033709555813200565,1.0579307674783198,-0.022894892945455103
2025-04-22,0.007497282501233858,0.0,0.007497282501233858,0.0,0.04517614605045339,0.04145956837735709,1.0579307674783198,-0.015569259924468781
2025-04-23,0.0014166015195903048,0.0,0.0014166015195903048,0.0,0.0466567441671879,0.042934901584512186,1.0579307674783198,-0.014174713842146525
2025-04-24,0.011762411979878314,0.0,0.011762411979878314,0.0,0.05896795199360039,0.05520233156514309,1.0579307674783198,-0.0025790306861763757
2025-04-25,-0.001175694349103017,0.0,-0.001175694349103017,0.0,0.057722929356560204,0.053961736146761696,1.0579307674783198,-0.0037516928834754326
2025-04-28,0.004633852520210107,0.0,0.004633852520210107,0.0,0.06262426141844313,0.05884563939401044,1.0588456393940104,0.0
2025-04-29,-0.00022732632535262757,0.0,-0.00022732632535262757,0.0,0.06238269894986437,0.05860493590569127,1.0588456393940104,-0.0002273263253527169
2025-04-30,-0.00027967852306379085,0.0,-0.00027967852306379085,0.0,0.06208557332569353,0.05830886684070924,1.0588456393940104,-0.000506941270125405
2025-05-01,0.0007444571847649654,0.0,0.0007444571847649654,0.0,0.06287625056159118,0.05909673248032932,1.0590967324803293,0.0
2025-05-02,0.001994417119552669,0.0,0.001994417119552669,0.0,0.06499606915167733,0.06120901313485039,1.0612090131348504,0.0
2025-05-05,0.004766687871389789,0.0,0.004766687871389789,0.0,0.07007257299758063,0.06626746526676985,1.0662674652667699,0.0
2025-05-06,0.004365714267847957,0.0,0.004365714267847957,0.0,0.07474420409714888,0.07092248435322701,1.070922484353227,0.0
2025-05-07,-0.0017326456501521813,0.0011442538692048592,-0.0028768995193570405,1.1442538692048592,0.07288205322689367,0.06784154797272257,1.070922484353227,-0.00287689951935699
2025-05-08,-0.004046463193802093,0.0,-0.004046463193802093,0.0,0.0685406754872202,0.06352056645203841,1.070922484353227,-0.0069117214451416276
2025-05-09,-0.001335645049356891,0.0,-0.001335645049356891,0.0,0.06711348442396914,0.06210008047256754,1.070922484353227,-0.008238134887967763
2025-05-12,-0.005589009909529465,0.0,-0.005589009909529465,0.0,0.06114937658493114,0.056163992597894286,1.070922484353227,-0.013781101779972382
2025-05-13,-0.0018912083177946275,0.0,-0.0018912083177946275,0.0,0.05914252205751103,0.054166566470137845,1.070922484353227,-0.01564624716345253
2025-05-14,-0.005005999816371925,0.0,-0.005005999816371925,0.0,0.053840454786579395,0.04888940883196291,1.070922484353227,-0.020573921869397216
2025-05-15,0.005400840618341753,0.0,0.005400840618341753,0.0,0.059532079120042436,0.05455429335533091,1.070922484353227,-0.015284197723966497
2025-05-16,-0.00041174313136127776,0.0,-0.00041174313136127776,0.0,0.05909582406400782,0.054120087868394284,1.070922484353227,-0.015689647691896513
2025-05-19,0.005811314733868782,0.0,0.005811314733868782,0.0,0.0652505632309699,0.06024591146629099,1.070922484353227,-0.009969510438828877
2025-05-20,0.0003757476928590176,0.0,0.0003757476928590176,0.0,0.06565082867242067,0.06064429642138758,1.070922484353227,-0.009597508766516216
2025-05-21,-0.000657375309871408,0.0,-0.000657375309871408,0.0,0.0649502961287074,0.059947055048364284,1.070922484353227,-0.010248574911088215
2025-05-22,-0.0009680530997413254,0.0,-0.0009680530997413254,0.0,0.06391936769346951,0.05892097001616303,1.070922484353227,-0.011206706846118908
2025-05-23,0.006468642679584752,0.0,0.006468642679584752,0.0,0.07080148192296831,0.06577075139711686,1.070922484353227,-0.0048105563487366165
2025-05-27,-0.0006399857329166918,0.0,-0.0006399857329166918,0.0,0.07011618425175148,0.0650886733216629,1.070922484353227,-0.005447463394222529
2025-05-28,-0.003276074265077432,0.0,-0.003276074265077432,0.0,0.0666104041598814,0.06159936372896824,1.070922484353227,-0.00870569136466437
2025-05-29,0.0035728627592372117,0.0,0.0035728627592372117,0.0,0.07042125675151922,0.06539231256086553,1.070922484353227,-0.005163932845897223
2025-05-30,-0.0031394317377733496,0.0,-0.0031394317377733496,0.0,0.06706074228528625,0.0620475861216323,1.070922484353227,-0.008287152769002382
2025-06-02,0.002622059508549546,0.0,0.002622059508549546,0.0,0.06985863905079537,0.06483233809335465,1.070922484353227,-0.0056868226681695555
2025-06-03,-0.0021462320839694404,0.0,-0.0021462320839694404,0.0,0.06756247411435257,0.06254696076529043,1.070922484353227,-0.007820849510872807
2025-06-04,0.004617698661646565,0.0,0.004617698661646565,0.0,0.07249215592229463,0.067453482443953,1.070922484353227,-0.0032392651755454027
2025-06-05,0.0006018611158870799,0.0001426259323932385,0.00045923518349384133,0.1426259323932385,0.07313764724803828,0.06794369463983418,1.070922484353227,-0.0027815175765889544
2025-06-06,-0.006132509036172082,0.0,-0.006132509036172082,0.0,0.0665566209292332,0.06139452028233228,1.070922484353227,-0.00889696893108849
2025-06-09,0.003923469389137655,0.0,0.003923469389137655,0.0,0.07074122318323117,0.06555886919245846,1.070922484353227,-0.00500840652720802
2025-06-10,0.0023649234686796685,0.0,0.0023649234686796685,0.0,0.07327344423081983,0.06807883436947137,1.070922484353227,-0.00265532755666531
2025-06-11,0.002182318034021597,0.0,0.002182318034021597,0.0,0.07561566822360133,0.07040972207147278,1.070922484353227,-0.0004788042918567603
2025-06-12,0.008367634899043179,0.0,0.008367634899043179,0.0,0.0846160274269867,0.07936651981815301,1.079366519818153,0.0
2025-06-13,0.0010946955396852805,0.0,0.0010946955396852805,0.0,0.08580335175448228,0.08054809753308367,1.0805480975330837,0.0
2025-06-16,-0.00590975887067583,0.0,-0.00590975887067583,0.0,0.07938651576464162,0.07416231882849567,1.0805480975330837,-0.005909758870675796
2025-06-17,0.008387696780295145,0.0,0.008387696780295145,0.0,0.08844008256761482,0.08317206665164778,1.0831720666516478,0.0
2025-06-18,-0.0048577111273428435,0.0,-0.0048577111273428435,0.0,0.08315275506708031,0.07791032965064715,1.0831720666516478,-0.00485771112734279
2025-06-20,0.0004469973285697881,0.0,0.0004469973285697881,0.0,0.08363692145502832,0.0783921526884388,1.0831720666516478,-0.004412885182669912
2025-06-23,0.004707307874822694,0.0,0.004707307874822694,0.0,0.08873793406884234,0.08346847656093614,1.0834684765609361,0.0
2025-06-24,-0.0017700866162892789,0.0,-0.0017700866162892789,0.0,0.08681077362310052,0.08155064351140418,1.0834684765609361,-0.0017700866162894124
2025-06-25,-0.0023603640351616616,0.0,-0.0023603640351616616,0.0,0.08424550456001434,0.07899779027025389,1.0834684765609361,-0.0041262726026628505
2025-06-26,0.005031280452001615,0.0,0.005031280452001615,0.0,0.08970064777227771,0.08442653076019346,1.0844265307601935,0.0
2025-06-27,-0.0012096983252256725,0.0,-0.0012096983252256725,0.0,0.08838243872367024,0.08311470180210256,1.0844265307601935,-0.001209698325225661
2025-06-30,0.00869201508430002,0.0,0.00869201508430002,0.0,0.09784267529854351,0.09252915112819338,1.0925291511281934,0.0
2025-07-01,0.005337421269936139,0.0,0.005337421269936139,0.0,0.10370232414472569,0.09836043945745043,1.0983604394574504,0.0
2025-07-02,-0.0008843521673588418,0.0,-0.0008843521673588418,0.0,0.10272626260224937,0.09738910202227502,1.0983604394574504,-0.0008843521673588262
2025-07-03,-0.00016334913168348651,0.0,-0.00016334913168348651,0.0,0.1025461332247688,0.09720984446534087,1.0983604394574504,-0.0010475568408836455
2025-07-07,-0.0010026064684135515,0.00030212811561930496,-0.0013047345840328565,0.30212811561930497,0.10144071333987337,0.09577827683532547,1.0983604394574504,-0.0023509246412775076
2025-07-08,-0.0064599361942897955,0.0,-0.0064599361942897955,0.0,0.09432547660990487,0.08869961908388047,1.0983604394574504,-0.008795674012387122
2025-07-09,0.0035917370508136487,0.0,0.0035917370508136487,0.0,0.09825600596989403,0.09260994184295068,1.0983604394574504,-0.0052355287098106995
2025-07-10,0.004627426047317653,0.0,0.004627426047317653,0.0,0.10333810441854219,0.09766591354739296,1.0983604394574504,-0.0006323296844162885
2025-07-11,-0.0035939959659629906,0.0,-0.0035939959659629906,0.0,0.09937271172216877,0.09372090668212851,1.0983604394574504,-0.004224053060044364
2025-07-14,0.004631051122381296,0.0,0.004631051122381296,0.0,0.1044639629527051,0.09878598411459061,1.0987859841145906,0.0
2025-07-15,-0.007522334905525085,0.0,-0.007522334905525085,0.0,0.09615581513229143,0.09052054795258369,1.0987859841145906,-0.007522334905525119
2025-07-16,0.0023718009626703743,0.0,0.0023718009626703743,0.0,0.0987556785498589,0.0931070456380294,1.0987859841145906,-0.005168375424025262
2025-07-17,-0.00018017098861060257,0.0,-0.00018017098861060257,0.0,0.098557714653013,0.09291009946095974,1.0987859841145906,-0.005347615221325985
2025-07-18,-0.002430622790901726,0.0,-0.002430622790901726,0.0,0.09588753523465643,0.09025364726480323,1.0987859841145906,-0.007765239976793792
2025-07-21,0.005351812725783269,0.0,0.005351812725783269,0.0,0.1017525200917524,0.09608848060856667,1.0987859841145906,-0.0024549853611370853
2025-07-22,0.004983213950794835,0.0,0.004983213950794835,0.0,0.10724278862019698,0.10155052401644071,1.1015505240164407,0.0
2025-07-23,-0.004035913900179858,0.0,-0.004035913900179858,0.0,0.1027740520587308,0.09710476094481235,1.1015505240164407,-0.004035913900179877
2025-07-24,-0.0038902241662746723,0.0,-0.0038902241662746723,0.0,0.09848401379147131,0.09283677749084984,1.1015505240164407,-0.007910437456667085
2025-07-25,0.0010395274713784004,0.0,0.0010395274713784004,0.0,0.09962591810067756,0.09397281134278423,1.1015505240164407,-0.006879133102335455
2025-07-28,-0.0037604429378438205,0.0,-0.0037604429378438205,0.0,0.09549083758268573,0.08985898901017708,1.1015505240164407,-0.010613707452686194
2025-07-29,0.010207843633080305,0.0,0.010207843633080305,0.0,0.10667343675420193,0.10098409915210005,1.1015505240164407,-0.0005142068856500703
2025-07-30,-0.006756749210429151,0.0,-0.006756749210429151,0.0,0.09919592188421,0.093545025709459,1.1015505240164407,-0.007267481729110625
2025-07-31,0.0024828894127448715,0.0,0.0024828894127448715,0.0,0.10192510380118858,0.09626017707615286,1.1015505240164407,-0.004802636669808291
2025-08-01,0.01741473723619461,0.0,0.01741473723619461,0.0,0.12111483993785277,0.11535126000243823,1.1153512600024382,0.0
2025-08-04,0.0025223012394507815,0.0013525237465068544,0.001169777492943927,1.3525237465068543,0.12394262928819466,0.11665597280311579,1.1166559728031158,0.0
2025-08-05,-0.002024980070450435,0.0,-0.002024980070450435,0.0,0.12166666786355629,0.11439476671263993,1.1166559728031158,-0.0020249800704504883
2025-08-06,0.0005599912692799218,0.0,0.0005599912692799218,0.0,0.1222947914046022,0.11501881805253023,1.1166559728031158,-0.0014661227723304915
2025-08-07,0.00012459665842312856,0.0,0.00012459665842312856,0.0,0.12243462558537699,0.11515774567133841,1.1166559728031158,-0.0013417087879057377
2025-08-08,-0.001307933425603829,0.0,-0.001307933425603829,0.0,0.12096655582051863,0.1136991935809537,1.1166559728031158,-0.0026478873477385756
2025-08-11,0.002012434982336655,0.0,0.002012434982336655,0.0,0.12322242813148132,0.1159404407979161,1.1166559728031158,-0.0006407810665298719
2025-08-12,0.001118601371093978,0.0,0.001118601371093978,0.0,0.12447886627963278,0.11718873330505186,1.1171887333050519,0.0
2025-08-13,0.004423875379135325,0.0,0.004423875379135325,0.0,0.12945342065052512,0.12213103703616746,1.1221310370361675,0.0
2025-08-14,-0.002320957990817587,0.0,-0.002320957990817587,0.0,0.12683200670861017,0.11952661803901399,1.1221310370361675,-0.0023209579908175515
2025-08-15,-0.0017871825740004726,0.0,-0.0017871825740004726,0.0,0.12481815218239456,0.11752581957612507,1.1221310370361675,-0.004103992589141736
2025-08-18,-0.0017004827936261588,0.0,-0.0017004827936261588,0.0,0.12290541826864998,0.11562548614850288,1.1221310370361675,-0.005797496613984876
2025-08-19,-0.002199232468817853,0.0,-0.002199232468817853,0.0,0.12043588821338203,0.11317196635632443,1.1221310370361675,-0.007983979040011357
2025-08-20,0.0005791087603300747,0.0,0.0005791087603300747,0.0,0.12108474245163481,0.11381661399379528,1.1221310370361675,-0.0074094938718856085
2025-08-21,-0.0009009343880662306,0.0,-0.0009009343880662306,0.0,0.12007471865522379,0.11281313830424877,1.1221310370361675,-0.008303752792124586
2025-08-22,0.005470987641829435,0.0,0.005470987641829435,0.0,0.12620263359891215,0.11890132523157693,1.1221310370361675,-0.00287819487920149
2025-08-25,-0.002794941083864887,0.0,-0.002794941083864887,0.0,0.12305496358950974,0.11577406194889628,1.1221310370361675,-0.005665091577951142
2025-08-26,0.0033254177450785845,0.0,0.0033254177450785845,0.0,0.12678959049412875,0.11948447681399954,1.1221310370361675,-0.0023585126289333846
2025-08-27,0.002214819258928494,0.0,0.002214819258928494,0.0,0.1292852257799153,0.12196393259331861,1.1221310370361675,-0.00014891704919794968
2025-08-28,0.002681203371158997,0.0,0.002681203371158997,0.0,0.13231306913427643,0.12497214607170659,1.1249721460717066,0.0
2025-08-29,-0.0022174369164848834,0.0,-0.0022174369164848834,0.0,0.12980223633375987,0.12247759130499003,1.1249721460717066,-0.002217436916484794
2025-09-02,0.0023561586995600103,0.0003970358566331687,0.001959122842926842,0.3970358566331687,0.13246422970168004,0.12467666279478906,1.1249721460717066,-0.0002626583048739306
2025-09-03,0.0023169601315385286,0.0,0.0023169601315385286,0.0,0.13508810417229222,0.12728249378335632,1.1272824937833563,0.0
2025-09-04,0.0028765929009895797,0.0,0.0028765929009895797,0.0,0.13835329055475198,0.1305252266023833,1.1305252266023833,0.0
2025-09-05,-0.001331806539837212,0.0,-0.001331806539837212,0.0,0.13683722419774602,0.12901958571214323,1.1305252266023833,-0.0013318065398373324
2025-09-08,0.0030830563949500863,0.0,0.0030830563949500863,0.0,0.140342157471826,0.13250041676589674,1.1325004167658967,0.0
2025-09-09,0.0011221752674247705,0.0,0.0011221752674247705,0.0,0.1416218212373428,0.13377128072393973,1.1337712807239397,0.0
2025-09-10,0.004296591894906774,0.0,0.004296591894906774,0.0,0.14652690430151982,0.1386426332193762,1.1386426332193762,0.0
2025-09-11,0.0044173524895855494,0.0,0.0044173524895855494,0.0,0.15159151777661295,0.14367241908997608,1.143672419089976,0.0
2025-09-12,-0.00024384408641638005,0.0,-0.00024384408641638005,0.0,0.15131070899503585,0.14339354133378346,1.143672419089976,-0.00024384408641642263
2025-09-15,0.009224647606033812,0.0,0.009224647606033812,0.0,0.161931144570568,0.1539409438276027,1.1539409438276027,0.0
2025-09-16,0.0019595524533229185,0.0,0.0019595524533229185,0.0,0.16420800959550363,0.15620215163506979,1.1562021516350698,0.0
2025-09-17,-0.004154397535968416,0.0,-0.004154397535968416,0.0,0.15937142670908533,0.15139882826523565,1.1562021516350698,-0.004154397535968468
2025-09-18,0.002913098499631594,0.0,0.002913098499631594,0.0,0.1627487898727471,0.15475296646433256,1.1562021516350698,-0.0012534012055658295
2025-09-19,0.0033485987480005087,0.0,0.0033485987480005087,0.0,0.16664236901475404,0.1586197708020849,1.158619770802085,0.0
2025-09-22,0.007243331312436884,0.0,0.007243331312436884,0.0,0.17509274621665427,0.16701203766714423,1.1670120376671442,0.0
2025-09-23,-0.001595291069075919,0.0,-0.001595291069075919,0.0,0.17321813125327878,0.1651503137859498,1.1670120376671442,-0.0015952910690758548
2025-09-24,-0.005122413276418121,0.0,-0.005122413276418121,0.0,0.16720842312161244,0.15918193234958977,1.1670120376671442,-0.006709532605342128
2025-09-25,-0.001293675906408142,0.0,-0.001293675906408142,0.0,0.16569843370686343,0.15768232661256554,1.1670120376671442,-0.007994528551075408
2025-09-26,-0.0009054956364656771,0.0,-0.0009054956364656771,0.0,0.16464289886170702,0.1566340503174044,1.1670120376671442,-0.00889278517682257
2025-09-29,0.007218759768843284,0.0,0.007218759768843284,0.0,0.1730501761650789,0.16498351366711006,1.1670120376671442,-0.001738220287846537
2025-09-30,0.0032447769165568647,0.0002373211767631759,0.003007455739793689,0.2373211767631759,0.17685646229866236,0.16848715002205328,1.1684871500220533,0.0
2025-10-01,0.002972605717442324,0.0,0.002972605717442324,0.0,0.1803547925471003,0.17196060160496685,1.1719606016049668,0.0
2025-10-02,0.0026942784971747454,0.0,0.0026942784971747454,0.0,0.18353499708369725,0.1751181898534071,1.175118189853407,0.0
2025-10-03,0.00020106896935983114,0.0,0.00020106896935983114,0.0,0.18377296924576214,0.17535446965671708,1.175354469656717,0.0
2025-10-06,0.0005717041113466527,0.0,0.0005717041113466527,0.0,0.1844497371191809,0.1760264246393095,1.1760264246393095,0.0
2025-10-07,0.0012391266531534217,0.0,0.0012391266531534217,0.0,0.18591742035776604,0.17748367032689294,1.177483670326893,0.0
2025-10-08,0.0010064851981234765,0.0,0.0010064851981234765,0.0,0.18711102868755303,0.17866879021210913,1.1786687902121091,0.0
2025-10-09,-0.0021190377706930153,0.0,-0.0021190377706930153,0.0,0.18459549557975796,0.17617114652651256,1.1786687902121091,-0.0021190377706931107
2025-10-10,0.0011762420483078725,0.0,0.0011762420483078725,0.0,0.18598886661189495,0.17755460848506366,1.1786687902121091,-0.0009452882237129812
2025-10-13,0.004365630651617934,0.0,0.004365630651617934,0.0,0.19116645596045356,0.18269537697782012,1.1826953769778201,0.0
2025-10-14,0.0058854292240471595,0.0,0.0058854292240471595,0.0,0.1981769818310679,0.18965604691263072,1.1896560469126307,0.0
2025-10-15,0.0025411469215670173,0.0,0.0025411469215670173,0.0,0.20122172557994045,0.19267913771396628,1.1926791377139663,0.0
2025-10-16,0.010120641102716557,0.0,0.010120641102716557,0.0,0.2133788595493209,0.20474981521746694,1.204749815217467,0.0
2025-10-17,-0.00729444709971566,0.0,-0.00729444709971566,0.0,0.20452793164642502,0.19596183142197088,1.204749815217467,-0.007294447099715717
2025-10-20,0.00098185385483982,0.0,0.00098185385483982,0.0,0.2057106020393744,0.19713609115639397,1.204749815217467,-0.0063197553258795836
2025-10-21,-0.00041442602132397543,0.0,-0.00041442602132397543,0.0,0.20521092419170306,0.19663996680915252,1.204749815217467,-0.00673156227614824
2025-10-22,-0.0016498184695567276,0.0,-0.0016498184695567276,0.0,0.20322254494926018,0.1946657280905011,1.204749815217467,-0.008370274889932694
2025-10-23,-0.0007011207444851397,0.0,-0.0007011207444851397,0.0,0.20237894066276407,0.19382812316581144,1.204749815217467,-0.009065527061055456
2025-10-24,0.003380022440731026,0.0,0.003380022440731026,0.0,0.20644300846446662,0.19786328901248762,1.204749815217467,-0.005716146305227876
2025-10-27,0.0073774107543503565,0.0,0.0073774107543503565,0.0,0.21534343408962298,0.20670041852308985,1.2067004185230898,0.0
2025-10-28,0.004666340445291265,0.0004236422650638403,0.0042426981802274255,0.4236422650638403,0.22101464031103468,0.2118200841928375,1.2118200841928375,0.0
2025-10-29,-0.0007630625163529336,0.0,-0.0007630625163529336,0.0,0.2200829298070952,0.2108953897100263,1.2118200841928375,-0.0007630625163529414
2025-10-30,-0.007919808994701669,0.0,-0.007919808994701669,0.0,0.21042010604532702,0.20130532951095814,1.2118200841928375,-0.008676828201673925
2025-10-31,0.002938336952649635,0.0,0.002938336952649635,0.0,0.2139767281711502,0.20483516935207513,1.2118200841928375,-0.005763986693961165
2025-11-03,-0.0010771829098065453,0.0,-0.0010771829098065453,0.0,0.21266905318666152,0.20353734149851532,1.2118200841928375,-0.006834960735808471
2025-11-04,-0.0018248795213898312,0.0,-0.0018248795213898312,0.0,0.210456078265278,0.20134103085078658,1.2118200841928375,-0.008647367277322182
2025-11-05,-0.0022111032564774867,0.0,-0.0022111032564774867,0.0,0.2077796348888028,0.19868474178533235,1.2118200841928375,-0.010839350311852791
2025-11-06,-0.001339481770313176,0.0,-0.001339481770313176,0.0,0.2061618360853137,0.19707912542535833,1.2118200841928375,-0.012164312970021185
2025-11-07,-0.0007583744088415084,0.0,-0.0007583744088415084,0.0,0.20524711381590532,0.1961712912512774,1.2118200841928375,-0.012913462275205068
2025-11-10,0.006294341167537545,0.0,0.006294341167537545,0.0,0.21283335034145257,0.20370040145322688,1.2118200841928375,-0.006700402844881825
2025-11-11,0.003457511942761042,0.0,0.003457511942761042,0.0,0.21702673613483703,0.20786220996675775,1.2118200841928375,-0.0032660576249782247
2025-11-12,0.0025756301962198192,0.0,0.0025756301962198192,0.0,0.22016134694603284,0.210973216347621,1.2118200841928375,-0.0006988395853998464
2025-11-13,-0.006978138746207032,0.0,-0.006978138746207032,0.0,0.21164689177428464,0.20252287722600681,1.2118200841928375,-0.007672101732018488
2025-11-14,-0.002850955377329249,0.0,-0.002850955377329249,0.0,0.2081925405527565,0.19909453816281797,1.2118200841928375,-0.010501184289659404
2025-11-17,-0.0003678507677834751,0.0,-0.0003678507677834751,0.0,0.207748105999084,0.19865345031630977,1.2118200841928375,-0.01086517218873928
2025-11-18,-0.0015715457191240161,0.0,-0.0015715457191240161,0.0,0.20585007463332095,0.19676971161775203,1.2118200841928375,-0.012419642793022434
2025-11-19,-0.00016780099734280867,0.0,-0.00016780099734280867,0.0,0.20564773178815154,0.19656889246655296,1.2118200841928375,-0.01258535976191788
2025-11-20,-0.003273037897613425,0.0,-0.003273037897613425,0.0,0.20170160107083723,0.19265247713440448,1.2118200841928375,-0.015817205300075576
2025-11-21,0.002593012141005893,0.0,0.002593012141005893,0.0,0.20481762791227998,0.19574503948761457,1.2118200841928375,-0.013265207364449694
2025-11-24,0.0040628439245304826,0.0,0.0040628439245304826,0.0,0.20971261389201068,0.20060316495658426,1.2118200841928375,-0.009256257907067522
2025-11-25,0.004093794592094182,0.0002836284182511449,0.0038101661738430374,0.2836284182511449,0.21466492884874988,0.2051776625239108,1.2118200841928375,-0.005481359613998316
2025-11-26,0.002387495574144913,0.0,0.002387495574144913,0.0,0.21756493599044546,0.20805501885924493,1.2118200841928375,-0.0031069507616721115
2025-11-28,0.0004466898848065064,0.0,0.0004466898848065064,0.0,0.21810880993144743,0.20859464481645906,1.2118200841928375,-0.002661648720343468
2025-12-01,-0.004797743218354137,0.0,-0.004797743218354137,0.0,0.21226463664938144,0.20279611805555176,1.2118200841928375,-0.007446622031599959
2025-12-02,0.00034285007088873934,0.0,0.00034285007088873934,0.0,0.2126802616659924,0.20320849678989172,1.2118200841928375,-0.007106325035602712
2025-12-03,0.0032518151358193405,0.0,0.0032518151358193405,0.0,0.2166236736957874,0.2071211083912996,1.2118200841928375,-0.003877618355094148
2025-12-04,-0.0021711004691140857,0.0,-0.0021711004691140857,0.0,0.2139822614670912,0.20450032718659372,1.2118200841928375,-0.006040300125178422
2025-12-05,-0.0009803575502938093,0.0,-0.0009803575502938093,0.0,0.2127921247911393,0.20331948619650508,1.2118200841928375,-0.007014736021638379
2025-12-08,0.0007373005105859119,0.0,0.0007373005105859119,0.0,0.21368631704398244,0.2042066942680758,1.2118200841928375,-0.006282607479502822
2025-12-09,-0.0002565139385704261,0.0,-0.0002565139385704261,0.0,0.2133749895866084,0.20389779846607636,1.2118200841928375,-0.006537509841684108
2025-12-10,0.003383051065928012,0.0,0.003383051065928012,0.0,0.21747989913849985,0.20797064619644545,1.2118200841928375,-0.003176575505394519
2025-12-11,0.0016534071796775124,0.0,0.0016534071796775124,0.0,0.21949288914484844,0.2099679135357062,1.2118200841928375,-0.0015284204984644667
2025-12-12,-0.005503817092315948,0.0,-0.005503817092315948,0.0,0.21278102333761528,0.20330847145203457,1.2118200841928375,-0.007023825443916665
2025-12-15,0.0016807122660924489,0.0,0.0016807122660924489,0.0,0.21481935927962303,0.20533088675989686,1.2118200841928375,-0.005354918207402859
2025-12-16,-0.0016895264417062454,0.0,-0.0016895264417062454,0.0,0.21276688985022352,0.20329444835571064,1.2118200841928375,-0.007035397373204577
2025-12-17,-0.0028193254673572364,0.0,-0.0028193254673572364,0.0,0.2093477052717012,0.19990196967273177,1.2118200841928375,-0.009834887765574618
2025-12-18,0.002702256663521545,0.0,0.002702256663521545,0.0,0.2126156731667861,0.2031444127658526,1.2118200841928375,-0.007159207493052544
2025-12-19,-0.0016716458445906125,0.0,-0.0016716458445906125,0.0,0.21058860921565148,0.2011331814078101,1.2118200841928375,-0.008818885678186783
2025-12-22,0.0007524416648934328,0.0,0.0007524416648934328,0.0,0.21149950652427063,0.2020369640585873,1.2118200841928375,-0.008073079710315678
2025-12-23,0.0024633121208753003,0.0,0.0024633121208753003,0.0,0.21448380794312616,0.20499795628189288,1.2118200841928375,-0.0056296541045436355
2025-12-24,0.002382676837674701,0.00014838250554830373,0.0022342943321263975,0.14838250554830373,0.2173775303820431,0.20769027638583726,1.2118200841928375,-0.0034079380766749434
2025-12-26,-0.000171268514836521,0.0,-0.000171268514836521,0.0,0.21716903194041914,0.20748343706581807,1.2118200841928375,-0.0035786229190185592
2025-12-29,-0.00023339897850290078,0.0,-0.00023339897850290078,0.0,0.21688494593169882,0.2072016116650477,1.2118200841928375,-0.0038111866505876613
2025-12-30,-0.001126599054959081,0.0,-0.001126599054959081,0.0,0.2155140045016184,0.20584157947020087,1.2118200841928375,-0.004933492026267916
2025-12-31,-0.00466639404433486,0.0,-0.00466639404433486,0.0,0.2098419371902065,0.20021464750534967,1.2118200841928375,-0.00957686445279371
2026-01-02,0.0004615774224591769,0.0,0.0004615774224591769,0.0,0.21040037291315783,0.2007686394887429,1.2118200841928375,-0.00911970749474389
2026-01-05,0.008899146536237312,0.0,0.008899146536237312,0.0,0.2211719031992283,0.21145445556767162,1.2118200841928375,-0.00030171857186989115
2026-01-06,0.0041178839112893,0.0,0.0041178839112893,0.0,0.22620054733233075,0.21644308437951332,1.2164430843795133,0.0
2026-01-07,-0.00011205544015780366,0.0,-0.00011205544015780366,0.0,0.22606314489027768,0.21630677531426623,1.2164430843795133,-0.00011205544015779889
2026-01-08,0.0002058414411429358,0.0,0.0002058414411429358,0.0,0.2263155194949542,0.21655714165376883,1.2165571416537688,0.0
2026-01-09,0.0027477361247242554,0.0,0.0027477361247242554,0.0,0.22968511094818056,0.21989991965968225,1.2198999196596823,0.0
2026-01-12,0.002924265792997369,0.0,0.002924265792997369,0.0,0.23328103705428438,0.22346723126562318,1.2234672312656232,0.0
2026-01-13,0.0006212103854776468,0.0,0.0006212103854776468,0.0,0.2340471640427153,0.22422726181597707,1.224227261815977,0.0
2026-01-14,0.0015616464511113326,0.0,0.0015616464511113326,0.0,0.23597430941694642,0.2261390719747456,1.2261390719747456,0.0
2026-01-15,-0.00035827536418427336,0.0,-0.00035827536418427336,0.0,0.23553149027111764,0.2256997765521933,1.2261390719747456,-0.0003582753641842018
2026-01-16,-0.0021939364636263006,0.0,-0.0021939364636263006,0.0,0.2328208126826532,0.22301066911895684,1.2261390719747456,-0.002551425794425022
2026-01-20,-0.002301735527463142,0.0,-0.002301735527463142,0.0,0.22998318521910543,0.2201956220113792,1.2261390719747456,-0.004847288614491463
2026-01-21,0.002014316146987629,0.0,0.002014316146987629,0.0,0.2324607602096156,0.22265348175528032,1.2261390719747456,-0.0028427364392291654
2026-01-22,0.001245637792695136,0.0,0.001245637792695136,0.0,0.23399595991054634,0.22417646513952483,1.2261390719747456,-0.0016006396664776101
2026-01-23,0.0012849722311498776,0.0,0.0012849722311498776,0.0,0.23558161045238246,0.22574949790325638,1.2261390719747456,-0.00031772421285114483
2026-01-26,0.005280210584486725,0.00011729143570904165,0.005162919148777683,0.11729143570904164,0.24210574154989017,0.2320779434575857,1.2320779434575857,0.0
2026-01-27,0.00032731478859873925,0.0,0.00032731478859873925,0.0,0.24251230112810274,0.23248122078918576,1.2324812207891858,0.0
2026-01-28,-3.3945285399419824e-05,0.0,-3.3945285399419824e-05,0.0,0.24247012369342857,0.2324393838623966,1.2324812207891858,-3.394528539946151e-05
2026-01-29,0.0012626423152059135,0.0,0.0012626423152059135,0.0,0.24403891904698316,0.23399551397938767,1.2339955139793877,0.0
2026-01-30,-0.0023357562452500902,0.0,-0.0023357562452500902,0.0,0.24113314737248492,0.23111320125099977,1.2339955139793877,-0.0023357562452500646
2026-02-02,-0.0009575230507023586,0.0,-0.0009575230507023586,0.0,0.239944733774885,0.22993438198277794,1.2339955139793877,-0.0032910427555067345
2026-02-03,0.0031764108538243833,0.0,0.0031764108538243833,0.0,0.2438833076853899,0.2338411589031999,1.2339955139793877,-0.0001250856056113081
2026-02-04,0.0002112028774398731,0.0,0.0002112028774398731,0.0,0.24414601941917247,0.23410174970626407,1.234101749706264,0.0
2026-02-05,0.004742845502954295,0.0,0.004742845502954295,0.0,0.2500468117723933,0.23995490364004657,1.2399549036400466,0.0
2026-02-06,0.010630101517274317,0.0,0.010630101517274317,0.0,0.26333493628287896,0.2531357501425824,1.2531357501425824,0.0
2026-02-09,-0.007053262980985875,0.0,-0.007053262980985875,0.0,0.2544243027442088,0.2442970541459517,1.2531357501425824,-0.007053262980985853
2026-02-10,0.003002206698774808,0.0,0.003002206698774808,0.0,0.2581903437890132,0.2480326910971744,1.2531357501425824,-0.004072231635580903
2026-02-11,-0.0018939561070379998,0.0,-0.0018939561070379998,0.0,0.2558073865035777,0.24566897196008775,1.2531357501425824,-0.0059584751146434245
2026-02-12,0.0041704825742558994,0.0,0.0041704825742558994,0.0,0.26104470932561274,0.2508640127009385,1.2531357501425824,-0.0018128422570223846
2026-02-13,0.0014317113453811395,0.0,0.0014317113453811395,0.0,0.2628501613429872,0.25265488889945154,1.2531357501425824,-0.0003837263784678413
2026-02-17,4.031056251427821e-06,0.0,4.031056251427821e-06,0.0,0.2628552519630247,0.25265993842177226,1.2531357501425824,-0.0003796968690391589
2026-02-18,0.00024924401566918473,0.0,0.00024924401566918473,0.0,0.2631700110772328,0.2529721564150924,1.2531357501425824,-0.00013054749054230985
2026-02-19,2.408465826556159e-05,0.0,2.408465826556159e-05,0.0,0.26320043409528093,0.2530023338212959,1.2531357501425824,-0.00010646597646846168
2026-02-20,0.0005347276816947168,0.0,0.0005347276816947168,0.0,0.2638759023349204,0.25367234885441814,1.2536723488544181,0.0
2026-02-23,-0.00031181835957351956,0.0,-0.00031181835957351956,0.0,0.26348180262434995,0.25328143079915577,1.2536723488544181,-0.0003118183595733903
2026-02-24,0.001394176562843956,0.00034895149013888864,0.0010452250727050673,0.34895149013888865,0.26524331934114875,0.2545913919737828,1.2545913919737828,0.0
2026-02-25,0.0009688709285351317,0.0,0.0009688709285351317,0.0,0.26646917681078164,0.2558069291006566,1.2558069291006566,0.0
2026-02-26,-0.0005693772301344244,0.0,-0.0005693772301344244,0.0,0.2657480780988386,0.25509190122978165,1.2558069291006566,-0.0005693772301343936
2026-02-27,0.001659795707452603,0.0,0.001659795707452603,0.0,0.26784896132558345,0.2571750973799014,1.2571750973799014,0.0
2026-03-02,0.003121016672441138,0.0,0.003121016672441138,0.0,0.2718059390720178,0.26109876181900193,1.261098761819002,0.0
2026-03-03,-0.0006856877830625123,0.0,-0.0006856877830625123,0.0,0.27093387727716967,0.26023404180478726,1.261098761819002,-0.0006856877830626606
2026-03-04,-0.0019442667085263288,0.0,-0.0019442667085263288,0.0,0.2684628428508413,0.2577838107123547,1.261098761819002,-0.002628621331659864
2026-03-05,0.0022544016255531107,0.0,0.0022544016255531107,0.0,0.27132246754571776,0.2606193605798188,1.261098761819002,-0.0003801456743098841
2026-03-06,0.004692366897255811,0.0,0.004692366897255811,0.0,0.2772879790081668,0.2665346491374434,1.2665346491374434,0.0
2026-03-09,-0.00023148973265298134,0.0,-0.00023148973265298134,0.0,0.2769922999553853,0.2662414593701188,1.2665346491374434,-0.00023148973265307848
2026-03-10,-0.004749703137749942,0.0,-0.004749703137749942,0.0,0.27092696562140484,0.26022718833739944,1.2665346491374434,-0.004980093362893401
2026-03-11,-0.005557023194164281,0.0,-0.005557023194164281,0.0,0.26386439499535785,0.25322407662189206,1.2665346491374434,-0.010509442062731078
2026-03-12,-0.003689964875960388,0.0,-0.003689964875960388,0.0,0.2592007797698481,0.24859972379744932,1.2665346491374434,-0.014160627466614062
2026-03-13,-0.005263317946546568,0.0,-0.005263317946546568,0.0,0.2525732057073802,0.2420279464631332,1.2665346491374434,-0.019349413528481185
2026-03-16,0.0006405833037911781,0.0,0.0006405833037911781,0.0,0.25337558318973263,0.24282356882847966,1.2665346491374434,-0.018721225135934327
2026-03-17,-0.000539086356735892,0.0,-0.000539086356735892,0.0,0.25269990551296906,0.24215357959869444,1.2665346491374434,-0.019250219135618085
2026-03-18,-0.00396040949649161,0.0,-0.00396040949649161,0.0,0.24773870091092132,0.23723414276595078,1.2665346491374434,-0.023134389881435458
2026-03-19,-0.0031007619441113287,0.0,-0.0031007619441113287,0.0,0.24386976023094187,0.233397774220107,1.2665346491374434,-0.026163417589802118
2026-03-20,-0.007299411262451033,0.0,-0.007299411262451033,0.0,0.23479024329408982,0.22439469661588274,1.2665346491374434,-0.03327185130723387
2026-03-23,0.00765613610542356,0.0,0.00765613610542356,0.0,0.24424396545839833,0.23376882905993268,1.2665346491374434,-0.025870449023898012
2026-03-24,-0.0015216825422163563,7.736738437706209e-05,-0.0015990499265934185,0.07736738437706209,0.24235062113790207,0.2317959711043911,1.2665346491374434,-0.027428130810878804
2026-03-25,0.0024591686559110363,0.0,0.0024591686559110363,0.0,0.24540577084505588,0.23482516514700857,1.2665346491374434,-0.025036412554548026
2026-03-26,-0.009728769050761192,0.0,-0.009728769050761192,0.0,0.23328950572601914,0.22281183629722534,1.2665346491374434,-0.034521608129706394
2026-03-27,-0.0055942645979328125,0.0,-0.0055942645979328125,0.0,0.22639015790513417,0.2159711033314946,1.2665346491374434,-0.039922749717415495
2026-03-30,-0.00046869678016606684,0.0,-0.00046869678016606684,0.0,0.22581535278689668,0.2154011815905883,1.2665346491374434,-0.04037273483333348
2026-03-31,0.010321454043685853,0.0,0.010321454043685853,0.0,0.23846754961673122,0.22794588903101687,1.2665346491374434,-0.030467986116847978
2026-04-01,0.003569479555682538,0.0,0.003569479555682538,0.0,0.24288823421546435,0.23232901677739748,1.2665346491374434,-0.027007261414712325
2026-04-02,0.0003040288898406554,0.0,0.0003040288898406554,0.0,0.24326610814550875,0.23270368040028666,1.2665346491374434,-0.02671144351257726
2026-04-06,0.0038577735960578906,0.0,0.0038577735960578906,0.0,0.24806234731038623,0.23745917211029832,1.2665346491374434,-0.022956716618014794
2026-04-07,0.0043297118436330965,0.0,0.0043297118436330965,0.0,0.2534660976371286,0.24281701374379683,1.2665346491374434,-0.018726400742213545
2026-04-08,0.00807831751237106,0.0,0.00807831751237106,0.0,0.26359199476483397,0.25285688419059604,1.2665346491374434,-0.010799361040901956
2026-04-09,-0.0008011899211041061,0.0,-0.0008011899211041061,0.0,0.26257961759424053,0.2518531078823967,1.2665346491374434,-0.011591898622785757
2026-04-10,-0.0018027518076311505,0.0,-0.0018027518076311505,0.0,0.26030349990634427,0.24959632742927296,1.2665346491374434,-0.013373753114220843
2026-04-13,0.00739988123759436,0.0,0.00739988123759436,0.0,0.26962959612897586,0.25884319184718363,1.2665346491374434,-0.006072836061372655
2026-04-14,0.007580844137943053,0.0,0.007580844137943053,0.0,0.2792544602101492,0.26838628587868785,1.2683862858786878,0.0
2026-04-15,0.004190045978800815,0.0,0.004190045978800815,0.0,0.2846145952170158,0.27370088273540016,1.2737008827354002,0.0
2026-04-16,-0.0003217014256770794,0.0,-0.0003217014256770794,0.0,0.2842013328702888,0.27329113134553795,1.2737008827354002,-0.00032170142567711224
2026-04-17,0.00917995393728683,0.0,0.00917995393728683,0.0,0.29599024195224044,0.2849798852800458,1.2849798852800458,0.0
2026-04-20,0.0033123965972567167,0.0,0.0033123965972567167,0.0,0.300283075619761,0.28923624827959094,1.289236248279591,0.0
2026-04-21,-0.0039096368043952286,0.0,-0.0039096368043952286,0.0,0.2951994410511858,0.28419580279375656,1.289236248279591,-0.003909636804395267
