Date,rolling_avg_abs_corr,rolling_max_abs_corr,rolling_corr_dispersion,high_corr_edge_ratio,avg_corr_spike_flag,max_corr_spike_flag,network_stress_flag,diversification_collapse_score,collapse_label,instability_cluster_score,calibrated_most_likely_state,calibrated_regime_confidence,calibrated_state_0_probability,calibrated_state_1_probability,calibrated_state_2_probability
2024-09-16,0.5082063289780699,0.9726645088257407,0.2594738090595042,0.2857142857142857,0,0,0,0.0,normal_diversification,0.0,1,0.1940666878787975,0.1422542217779603,0.6486591894936531,0.2090865887283867
2024-09-17,0.5063145652107552,0.9685130600443017,0.25971957884108365,0.25,0,0,0,0.0,normal_diversification,0.0,1,0.2484454364905665,0.1500847576719118,0.6954963505246902,0.154418891803398
2024-09-18,0.5007521064053029,0.966504193533963,0.26004373336528624,0.25,0,0,0,0.0,normal_diversification,0.0,1,0.2530425462629458,0.1505879702070409,0.6988240595859181,0.1505879702070409
2024-09-19,0.48818533607358844,0.9667275159100691,0.2688574493411331,0.25,0,0,0,0.0,normal_diversification,0.0,1,0.253102581765097,0.1505664856038661,0.6988670287922677,0.1505664856038661
2024-09-20,0.5195817622016367,0.9720920222134395,0.2631921526873948,0.25,0,0,0,0.0,normal_diversification,0.0,1,0.2531027370765901,0.1505664300270291,0.6988671399459419,0.1505664300270291
2024-09-23,0.5160327659272885,0.9709639744210791,0.24920249163465355,0.25,0,0,0,0.0,normal_diversification,0.0,1,0.25310285542411,0.1505663876774341,0.6988672246451317,0.1505663876774341
2024-09-24,0.5064313495191349,0.9725072124475641,0.23659009881891643,0.25,0,0,0,0.0,normal_diversification,0.0,1,0.2531028628749803,0.1505663850112076,0.6988672299775848,0.1505663850112076
2024-09-25,0.5105589887980836,0.9760482680706483,0.23485478681549557,0.25,0,0,0,0.0,normal_diversification,0.0,1,0.2531028718825523,0.1505663817879295,0.698867236424141,0.1505663817879295
2024-09-26,0.5369552166016359,0.9731760337931695,0.2267176726899825,0.25,1,0,0,0.4,partial_breakdown,0.08,1,0.2531028718826118,0.1505663817879082,0.6988672364241836,0.1505663817879082
2024-09-27,0.544187046276889,0.9726337756142254,0.23118309416697244,0.2857142857142857,1,0,0,0.4,partial_breakdown,0.16,1,0.2531028718826307,0.1505663817879014,0.698867236424197,0.1505663817879014
2024-09-30,0.535490442483326,0.9716570126829089,0.23960656791090698,0.2857142857142857,1,0,0,0.4,partial_breakdown,0.24000000000000005,1,0.2531028718826328,0.1505663817879007,0.6988672364241985,0.1505663817879007
2024-10-01,0.5338015323022464,0.9699099837082747,0.24227458525050027,0.2857142857142857,1,0,0,0.4,partial_breakdown,0.32,1,0.253102871862867,0.1505663817949737,0.6988672364100526,0.1505663817949737
2024-10-02,0.46532803284907737,0.9601304669311522,0.2677311013953104,0.17857142857142858,0,0,0,0.0,normal_diversification,0.32,1,0.2531028718531996,0.1505663817984331,0.6988672364031338,0.1505663817984331
2024-10-03,0.46302824202794873,0.9596201563831397,0.2692500368192409,0.17857142857142858,0,0,0,0.0,normal_diversification,0.24000000000000005,1,0.253102859732216,0.1505663861358173,0.6988672277283653,0.1505663861358173
2024-10-04,0.4787479691668822,0.9637075149379751,0.2752799449768149,0.17857142857142858,0,0,0,0.0,normal_diversification,0.16,1,0.2531028597500419,0.1505663861294386,0.6988672277411229,0.1505663861294386
2024-10-07,0.4165389886306087,0.9448108154012326,0.26565821098967857,0.17857142857142858,0,0,0,0.0,normal_diversification,0.08,1,0.253001963219474,0.150602495075684,0.6987950098486317,0.150602495075684
2024-10-08,0.41894882964743463,0.9500818500378704,0.2632971259663329,0.17857142857142858,0,0,0,0.0,normal_diversification,0.0,1,0.2530019543685143,0.1506024982436281,0.6987950035127439,0.1506024982436281
2024-10-09,0.4110269446168874,0.9549093784748764,0.2679756006059274,0.17857142857142858,0,0,0,0.0,normal_diversification,0.0,1,0.2530019540486153,0.1506024983581265,0.6987950032837468,0.1506024983581265
2024-10-10,0.41028653628884026,0.9626633446190195,0.2693442003096115,0.25,0,0,0,0.0,normal_diversification,0.0,1,0.2531028625136543,0.1505663851405048,0.6988672297189903,0.1505663851405048
2024-10-11,0.3943766100076354,0.9615327072857174,0.2758602747111405,0.21428571428571427,0,0,0,0.0,normal_diversification,0.0,1,0.253102871360309,0.1505663819748095,0.698867236050381,0.1505663819748095
2024-10-14,0.3952552780299183,0.9490762555318185,0.2647089020672319,0.17857142857142858,0,0,0,0.0,normal_diversification,0.0,1,0.253102871874092,0.150566381790957,0.698867236418086,0.150566381790957
2024-10-15,0.38815789670613643,0.9604436024469948,0.29485903211486303,0.25,0,0,0,0.0,normal_diversification,0.0,1,0.2531028718678191,0.1505663817932016,0.6988672364135966,0.1505663817932016
2024-10-16,0.39655952497471486,0.9639525184042023,0.2874233072970718,0.25,0,0,0,0.0,normal_diversification,0.0,1,0.2531028718710318,0.150566381792052,0.6988672364158959,0.150566381792052
2024-10-17,0.40372136202090225,0.9542841671134675,0.28283551218485975,0.25,0,0,0,0.0,normal_diversification,0.0,1,0.2531028718712008,0.1505663817919915,0.6988672364160169,0.1505663817919915
2024-10-18,0.3800384141883833,0.9352709165818158,0.2704485239026587,0.17857142857142858,0,0,0,0.0,normal_diversification,0.0,1,0.2531028718814995,0.1505663817883062,0.6988672364233874,0.1505663817883062
2024-10-21,0.38576845122631387,0.9345567487112464,0.27452737633800567,0.17857142857142858,0,0,0,0.0,normal_diversification,0.0,1,0.2531028718826075,0.1505663817879098,0.6988672364241805,0.1505663817879098
2024-10-22,0.3887526572459178,0.925264882989943,0.2738278434439315,0.17857142857142858,0,0,0,0.0,normal_diversification,0.0,1,0.2531028718826195,0.1505663817879055,0.698867236424189,0.1505663817879055
2024-10-23,0.38801480948288997,0.9234588927101963,0.2717943935274889,0.17857142857142858,0,0,0,0.0,normal_diversification,0.0,1,0.2531028718825912,0.1505663817879156,0.6988672364241687,0.1505663817879156
2024-10-24,0.39047856381112106,0.9413577804922051,0.2900968002093341,0.21428571428571427,0,0,0,0.0,normal_diversification,0.0,1,0.2531028718824266,0.1505663817879746,0.6988672364240508,0.1505663817879746
2024-10-25,0.38215685218621415,0.9317454451974876,0.2823500201009886,0.17857142857142858,0,0,0,0.0,normal_diversification,0.0,1,0.2531028718806745,0.1505663817886015,0.6988672364227969,0.1505663817886015
2024-10-28,0.3935674224366267,0.9178145689375047,0.2854854291271662,0.21428571428571427,0,0,0,0.0,normal_diversification,0.0,1,0.2531028718804109,0.1505663817886958,0.6988672364226084,0.1505663817886958
2024-10-29,0.3967470791819908,0.9141749575583171,0.2968783491401234,0.21428571428571427,0,0,0,0.0,normal_diversification,0.0,1,0.2531028718822089,0.1505663817880524,0.6988672364238951,0.1505663817880524
2024-10-30,0.4028936043310832,0.8861539855624685,0.25665488473605047,0.17857142857142858,0,0,0,0.0,normal_diversification,0.0,1,0.25310287150951,0.1505663819214193,0.6988672361571613,0.1505663819214193
2024-10-31,0.40342123252939616,0.8831323360561759,0.25783499025876205,0.17857142857142858,0,0,0,0.0,normal_diversification,0.0,1,0.16086842140667,0.1402128566458133,0.611774267058283,0.2480128762959038
2024-11-01,0.47678631922100845,0.9247531691772762,0.252918223865436,0.21428571428571427,0,0,0,0.0,normal_diversification,0.0,1,0.1394308036069061,0.1340582654487574,0.5769787643973756,0.288962970153867
2024-11-04,0.46752837802278496,0.9203623142628451,0.24645490329154685,0.21428571428571427,0,0,0,0.0,normal_diversification,0.0,1,0.2437784396087206,0.1494980806373923,0.6920369565005932,0.1584649628620145
2024-11-05,0.4742782468848327,0.9154072241417148,0.24397299408960027,0.21428571428571427,0,0,0,0.0,normal_diversification,0.0,1,0.2528466319044654,0.1506581009799525,0.6986837980400951,0.1506581009799525
2024-11-06,0.49661958334635653,0.9122632961654024,0.24952617828538312,0.21428571428571427,0,0,0,0.0,normal_diversification,0.0,1,0.2530698585122997,0.1505781957554317,0.6988436084891365,0.1505781957554317
2024-11-07,0.5948458793015506,0.9427461719576803,0.28085161161536065,0.5,1,0,1,0.7,severe_collapse,0.13999999999999999,1,0.2531028398992676,0.1505663932328586,0.6988672135342827,0.1505663932328586
2024-11-08,0.563808027488028,0.944590409000533,0.29806708962258643,0.4642857142857143,1,0,1,0.7,severe_collapse,0.27999999999999997,1,0.2531028126056062,0.1505664029996491,0.6988671940007017,0.1505664029996491
2024-11-11,0.5639349566511975,0.9461363948925748,0.295580793132503,0.4642857142857143,1,0,1,0.7,severe_collapse,0.41999999999999993,1,0.2531027726072923,0.1505664173126859,0.6988671653746281,0.1505664173126859
2024-11-12,0.5485601019319081,0.9491292155904403,0.272877557669549,0.35714285714285715,1,0,1,0.7,severe_collapse,0.5599999999999999,1,0.2531028055547086,0.1505664055227492,0.6988671889545014,0.1505664055227492
2024-11-13,0.5278841914092945,0.938526920090356,0.28987098375902964,0.39285714285714285,1,0,1,0.7,severe_collapse,0.7,1,0.2531028135542222,0.1505664026601954,0.6988671946796092,0.1505664026601954
2024-11-14,0.5301898321134307,0.9372046146403632,0.2857610939530337,0.39285714285714285,1,0,1,0.7,severe_collapse,0.7,1,0.2531027682114729,0.1505664188856904,0.6988671622286192,0.1505664188856904
2024-11-15,0.5442338743263504,0.9393267521233648,0.2797762606825372,0.39285714285714285,1,0,1,0.7,severe_collapse,0.7,1,0.2531024792958281,0.1505665222715934,0.6988669554568131,0.1505665222715934
2024-11-18,0.5164129788212216,0.9402897020302885,0.2719693630253923,0.2857142857142857,0,0,0,0.0,normal_diversification,0.5599999999999999,1,0.2530860994715801,0.1505723837547635,0.698855232490473,0.1505723837547635
2024-11-19,0.5202594785884062,0.9434869289828705,0.2719683848465838,0.2857142857142857,0,0,0,0.0,normal_diversification,0.41999999999999993,1,0.2530862815938399,0.1505723185815542,0.6988553628368916,0.1505723185815542
2024-11-20,0.5160326456424832,0.9439803683902863,0.265000921489157,0.2857142857142857,0,0,0,0.0,normal_diversification,0.27999999999999997,1,0.2530899025636804,0.1505710228078718,0.6988579543842562,0.1505710228078718
2024-11-21,0.5164322795236839,0.9406089568001466,0.24920790431701856,0.2857142857142857,0,0,0,0.0,normal_diversification,0.13999999999999999,1,0.2531025118712638,0.1505665106147592,0.6988669787704815,0.1505665106147592
2024-11-22,0.5070696477544827,0.9434630818479148,0.25573003170927994,0.25,0,0,0,0.0,normal_diversification,0.0,1,0.2531028718748436,0.150566381790688,0.698867236418624,0.150566381790688
2024-11-25,0.5010939232556796,0.951920327612233,0.25827339994791515,0.25,0,0,0,0.0,normal_diversification,0.0,1,0.2531028718293677,0.1505663818069611,0.6988672363860777,0.1505663818069611
2024-11-26,0.45745794406102774,0.9529364896739114,0.2738864856109963,0.21428571428571427,0,0,0,0.0,normal_diversification,0.0,1,0.2531028717493212,0.1505663818356051,0.6988672363287898,0.1505663818356051
2024-11-27,0.4575419746826738,0.9659133826876014,0.27593297000062617,0.25,0,0,0,0.0,normal_diversification,0.0,1,0.2531028698227271,0.1505663825250193,0.6988672349499613,0.1505663825250193
2024-11-29,0.4315600514366598,0.9656542280217175,0.27471855175524384,0.21428571428571427,0,0,0,0.0,normal_diversification,0.0,1,0.2531028684353517,0.1505663830214791,0.6988672339570418,0.1505663830214791
2024-12-02,0.4220984067584972,0.9527885340159973,0.2551130180364949,0.17857142857142858,0,0,0,0.0,normal_diversification,0.0,1,0.2531028698668182,0.1505663825092417,0.6988672349815165,0.1505663825092417
2024-12-03,0.42063851013408016,0.9322435298361199,0.25294887744996664,0.17857142857142858,0,0,0,0.0,normal_diversification,0.0,1,0.2531028713723433,0.1505663819705032,0.6988672360589936,0.1505663819705032
2024-12-04,0.4030412207336519,0.9283736918121285,0.2596673709754072,0.17857142857142858,0,0,0,0.0,normal_diversification,0.0,1,0.2531028714774176,0.1505663819329034,0.6988672361341933,0.1505663819329034
2024-12-05,0.4013590921093196,0.9234294787323563,0.25594988813952535,0.17857142857142858,0,0,0,0.0,normal_diversification,0.0,1,0.2531028716850959,0.1505663818585876,0.6988672362828249,0.1505663818585876
2024-12-06,0.3075518515618501,0.9138016103008016,0.21596465321246167,0.03571428571428571,0,0,0,0.0,normal_diversification,0.0,1,0.253102871879308,0.1505663817890905,0.698867236421819,0.1505663817890905
2024-12-09,0.27711737998670677,0.8920683572532015,0.22549703938522,0.03571428571428571,0,0,0,0.0,normal_diversification,0.0,1,0.2531028718811127,0.1505663817884447,0.6988672364231107,0.1505663817884447
2024-12-10,0.2938141694861926,0.9109890246405095,0.2358944853050227,0.03571428571428571,0,0,0,0.0,normal_diversification,0.0,1,0.2531028718792213,0.1505663817891215,0.6988672364217571,0.1505663817891215
2024-12-11,0.31241207950920863,0.9131065087594533,0.2357645181650387,0.07142857142857142,0,0,0,0.0,normal_diversification,0.0,1,0.2531028718793264,0.1505663817890838,0.6988672364218322,0.1505663817890838
2024-12-12,0.31147550249813916,0.9223516407678723,0.22730990128070305,0.03571428571428571,0,0,0,0.0,normal_diversification,0.0,1,0.2531028718764626,0.1505663817901087,0.6988672364197827,0.1505663817901087
2024-12-13,0.3238959355229533,0.9258909604519564,0.2349816689105216,0.07142857142857142,0,0,0,0.0,normal_diversification,0.0,1,0.2531028718776702,0.1505663817896766,0.6988672364206469,0.1505663817896766
2024-12-16,0.299406665869221,0.9086122845179392,0.24294658028735727,0.07142857142857142,0,0,0,0.0,normal_diversification,0.0,1,0.2531028718815482,0.1505663817882888,0.6988672364234224,0.1505663817882888
2024-12-17,0.30338996484442227,0.8340488806440317,0.2019370580591821,0.03571428571428571,0,0,0,0.0,normal_diversification,0.0,1,0.2531028705386863,0.1505663822688198,0.6988672354623603,0.1505663822688198
2024-12-18,0.317738231143429,0.8435922104857274,0.20565704505534557,0.03571428571428571,0,0,0,0.0,normal_diversification,0.0,1,0.0964457241639965,0.1505663822688156,0.5161002839169362,0.3333333338142482
2024-12-19,0.5048836321691741,0.9320964992579568,0.22647386104674885,0.21428571428571427,0,0,0,0.0,normal_diversification,0.0,2,0.0964457247380985,0.1505663822687935,0.3333333323715478,0.5161002853596587
2024-12-20,0.4951059086516699,0.9275844636340124,0.2232033198537778,0.21428571428571427,0,0,0,0.0,normal_diversification,0.0,2,0.2531024466425116,0.1505665339562975,0.1505665339562975,0.6988669320874049
2024-12-23,0.49661504923580707,0.9188988328513521,0.23131178403871064,0.21428571428571427,0,0,0,0.0,normal_diversification,0.0,2,0.111954069915557,0.1463686115008382,0.309912801487488,0.5437185870116736
2024-12-24,0.49106121951314247,0.9240559122412928,0.23865335612203264,0.25,0,0,0,0.0,normal_diversification,0.0,1,0.091721312722341,0.1463685404897824,0.4926780660019519,0.3609533935082655
2024-12-26,0.5730657645326132,0.9319085532013685,0.20210432575859846,0.25,1,0,0,0.4,partial_breakdown,0.08,1,0.2531013425710021,0.1505669290391408,0.6988661419217185,0.1505669290391408
2024-12-27,0.5651319217181765,0.9310264165957093,0.2082817533065307,0.25,1,0,0,0.4,partial_breakdown,0.16,1,0.2530696861637901,0.1505782574333073,0.6988434851333855,0.1505782574333073
2024-12-30,0.5969590278451439,0.9400204210980694,0.20867407826680665,0.35714285714285715,1,0,1,0.7,severe_collapse,0.3,1,0.1133371351559131,0.1460252239450735,0.5459443198675388,0.3080304561873876
2024-12-31,0.5654478140719031,0.9433897726792996,0.22776681437099,0.32142857142857145,1,0,1,0.7,severe_collapse,0.44000000000000006,2,0.0914811615974309,0.1460116538351662,0.3632302419741126,0.4907581041907212
2025-01-02,0.5698894165111196,0.9455705606239844,0.22801086836873605,0.35714285714285715,1,0,1,0.7,severe_collapse,0.58,2,0.2530636659867145,0.1505804118718968,0.1505804118718968,0.6988391762562064
2025-01-03,0.5667931767450491,0.9456007173434011,0.21815373696247908,0.32142857142857145,1,0,1,0.7,severe_collapse,0.64,2,0.2485343918472555,0.1500751452295387,0.1543637577829488,0.6955610969875125
2025-01-06,0.5390790923855209,0.9491205494446189,0.2436853623434802,0.32142857142857145,1,0,1,0.7,severe_collapse,0.7,2,0.1157221974416314,0.1294938041994678,0.3486830926073055,0.5218231031932267
2025-01-07,0.5400426916700288,0.9503339311315936,0.24371102308277862,0.32142857142857145,1,0,1,0.7,severe_collapse,0.7,1,0.1063854105276386,0.1335868409709377,0.5050343568335305,0.3613788021955317
2025-01-08,0.5390340129562975,0.9551063946585807,0.25070665915052653,0.35714285714285715,1,0,1,0.7,severe_collapse,0.7,1,0.1818500752665955,0.1411049373386884,0.6358979406907314,0.2229971219705803
2025-01-10,0.5436509918115797,0.9540159640196689,0.24304244753038148,0.35714285714285715,1,0,1,0.7,severe_collapse,0.7,1,0.1067214613640633,0.1476479297296848,0.5348998628527208,0.3174522074175943
2025-01-13,0.519563170454422,0.9554550263014212,0.23604382038894775,0.2857142857142857,0,0,0,0.0,normal_diversification,0.5599999999999999,2,0.2274658038661837,0.1470250471052785,0.1737745912908649,0.6792003616038566
2025-01-14,0.5101511831032592,0.9540530802099847,0.23468675607284809,0.25,0,0,0,0.0,normal_diversification,0.41999999999999993,2,0.1460123024470987,0.1366541174785017,0.273841577329919,0.5895043051915791
2025-01-15,0.5180215294471041,0.952547492747771,0.22770147375839073,0.25,0,0,0,0.0,normal_diversification,0.27999999999999997,1,0.0935714633624844,0.1366381548947138,0.456578676178582,0.4067831689267042
2025-01-16,0.5869724063358136,0.9676968718349733,0.1947751445560069,0.2857142857142857,1,0,0,0.4,partial_breakdown,0.22000000000000003,1,0.1645398429775598,0.1402367630579639,0.616194674154643,0.243568562787393
2025-01-17,0.5833536030364217,0.9770197381104189,0.20497808006110024,0.2857142857142857,1,0,0,0.4,partial_breakdown,0.16,1,0.2530899167307217,0.1505710177381789,0.6988579645236421,0.1505710177381789
2025-01-21,0.5781650402221999,0.9754214349810322,0.223214658302963,0.32142857142857145,1,0,1,0.7,severe_collapse,0.3,1,0.2531028718777079,0.150566381789663,0.6988672364206739,0.150566381789663
2025-01-22,0.47129750624418326,0.9600791068702745,0.28291806557684546,0.25,0,0,0,0.0,normal_diversification,0.3,1,0.2531028718795257,0.1505663817890125,0.6988672364219749,0.1505663817890125
2025-01-23,0.47635346764545833,0.9552558146204212,0.2805339159959918,0.25,0,0,0,0.0,normal_diversification,0.3,1,0.2531028718796945,0.1505663817889521,0.6988672364220957,0.1505663817889521
2025-01-24,0.48737660234193164,0.9577590735216477,0.2723126531578587,0.25,0,0,0,0.0,normal_diversification,0.22000000000000003,1,0.2531028718764601,0.1505663817901096,0.6988672364197809,0.1505663817901095
2025-01-27,0.49400153882335374,0.9584271395655694,0.28210293120771046,0.25,0,0,0,0.0,normal_diversification,0.13999999999999999,1,0.2531028357497784,0.1505663947177158,0.6988672105645684,0.1505663947177158
2025-01-28,0.4262741796194303,0.9527571826629991,0.27723773236248517,0.17857142857142858,0,0,0,0.0,normal_diversification,0.0,1,0.2531028356301843,0.1505663947605115,0.6988672104789769,0.1505663947605115
2025-01-29,0.4211386503688845,0.9537023178167016,0.26856046207866124,0.17857142857142858,0,0,0,0.0,normal_diversification,0.0,1,0.2531028355451273,0.1505663947909484,0.6988672104181032,0.1505663947909484
2025-01-30,0.39534056870016243,0.9478014032210851,0.28045283532195786,0.17857142857142858,0,0,0,0.0,normal_diversification,0.0,1,0.2531028716614026,0.1505663818670659,0.6988672362658682,0.1505663818670659
2025-01-31,0.4112192569370829,0.9464953498903403,0.2667845623222782,0.17857142857142858,0,0,0,0.0,normal_diversification,0.0,1,0.2531028717810714,0.1505663818242436,0.6988672363515128,0.1505663818242436
2025-02-03,0.4138427870021619,0.937885024862591,0.2617123374668311,0.17857142857142858,0,0,0,0.0,normal_diversification,0.0,1,0.2531015134130755,0.150566867904657,0.698866264190686,0.150566867904657
2025-02-04,0.3945332725191414,0.9394580339609298,0.2695348436299804,0.17857142857142858,0,0,0,0.0,normal_diversification,0.0,1,0.2531014917831085,0.1505668756447682,0.6988662487104635,0.1505668756447682
2025-02-05,0.38595484146187115,0.9348867053345696,0.2544430332853514,0.17857142857142858,0,0,0,0.0,normal_diversification,0.0,1,0.2531014904921149,0.15056687610674,0.6988662477865201,0.15056687610674
2025-02-06,0.3930015897098196,0.9356823270620088,0.2519723058892421,0.17857142857142858,0,0,0,0.0,normal_diversification,0.0,1,0.2531028477580339,0.1505663904206701,0.6988672191586597,0.1505663904206701
2025-02-07,0.3325992787615814,0.9277345759117368,0.2641652756832796,0.14285714285714285,0,0,0,0.0,normal_diversification,0.0,1,0.2531028458591988,0.150566391100151,0.6988672177996978,0.150566391100151
2025-02-10,0.3540738943149529,0.9329372099382035,0.2606978884213885,0.14285714285714285,0,0,0,0.0,normal_diversification,0.0,1,0.2531028477277149,0.1505663904315195,0.698867219136961,0.1505663904315195
2025-02-11,0.37151487639473746,0.934050925934677,0.25206732918529473,0.10714285714285714,0,0,0,0.0,normal_diversification,0.0,1,0.2531028157234496,0.1505664018839569,0.6988671962320862,0.1505664018839569
2025-02-12,0.3901071748910381,0.9367747882581796,0.25090875213546615,0.10714285714285714,0,0,0,0.0,normal_diversification,0.0,1,0.2531027666979994,0.1505664194272733,0.6988671611454533,0.1505664194272733
2025-02-13,0.3717745835143108,0.9311808894109426,0.257261870882759,0.10714285714285714,0,0,0,0.0,normal_diversification,0.0,1,0.2531027671207206,0.1505664192760063,0.6988671614479873,0.1505664192760063
2025-02-14,0.2894256636830449,0.9245376110242519,0.28674244410074506,0.10714285714285714,0,0,0,0.0,normal_diversification,0.0,1,0.2531028095171402,0.1505664041048288,0.6988671917903423,0.1505664041048288
2025-02-18,0.2745780172178005,0.921687644907101,0.28306550956584925,0.10714285714285714,0,0,0,0.0,normal_diversification,0.0,1,0.2531028718787897,0.1505663817892759,0.6988672364214482,0.1505663817892759
2025-02-19,0.2800941798400673,0.9133180733692022,0.27895556015041006,0.10714285714285714,0,0,0,0.0,normal_diversification,0.0,1,0.253102871878973,0.1505663817892103,0.6988672364215792,0.1505663817892103
2025-02-20,0.29683035433413035,0.9248889197289974,0.26354665498605173,0.10714285714285714,0,0,0,0.0,normal_diversification,0.0,1,0.2531028718806726,0.1505663817886021,0.6988672364227956,0.1505663817886021
2025-02-21,0.29766446361084903,0.9249324508153428,0.26626373613497656,0.10714285714285714,0,0,0,0.0,normal_diversification,0.0,1,0.2530937126645732,0.150569659364363,0.698860681271274,0.150569659364363
2025-02-24,0.2981271642167587,0.9443727232712846,0.28635039941719354,0.10714285714285714,0,0,0,0.0,normal_diversification,0.0,1,0.1152110691984235,0.1455465196832669,0.5488847462702935,0.3055687340464397
2025-02-25,0.306802877370068,0.9403473084569156,0.2875950634584646,0.14285714285714285,0,0,0,0.0,normal_diversification,0.0,2,0.0912205087938973,0.1455453721064435,0.3661208580841426,0.4883337698094139
2025-02-26,0.3153440773030534,0.9352772527796491,0.30679687460492844,0.21428571428571427,0,0,0,0.0,normal_diversification,0.0,2,0.21791995523812,0.1455372359906156,0.183370202367125,0.6710925616422593
2025-02-27,0.3128260852454857,0.928399133487724,0.30219072581702333,0.17857142857142858,0,0,0,0.0,normal_diversification,0.0,2,0.2531021343093442,0.150566645722036,0.150566645722036,0.698866708555928
2025-02-28,0.32323179901494253,0.945731191086262,0.30417854619889745,0.17857142857142858,0,0,0,0.0,normal_diversification,0.0,2,0.2531028498573169,0.1505663896694606,0.1505663896694607,0.6988672206610786
2025-03-03,0.3193274574234149,0.9469473987530458,0.2983922855263117,0.21428571428571427,0,0,0,0.0,normal_diversification,0.0,2,0.253102871795815,0.1505663818189676,0.1505663818189677,0.6988672363620646
2025-03-04,0.3578731930135424,0.9600363698173515,0.2959802985889142,0.21428571428571427,0,0,0,0.0,normal_diversification,0.0,2,0.2531028718824444,0.1505663817879681,0.1505663817879682,0.6988672364240637
2025-03-05,0.3819593072125344,0.9309778083609473,0.2875549790686584,0.21428571428571427,0,0,0,0.0,normal_diversification,0.0,2,0.2531028718826328,0.1505663817879007,0.1505663817879007,0.6988672364241985
2025-03-06,0.4037223947761239,0.9343767179709102,0.29319793831288776,0.21428571428571427,0,0,0,0.0,normal_diversification,0.0,2,0.2531028718826328,0.1505663817879007,0.1505663817879007,0.6988672364241985
2025-03-07,0.40150505221001354,0.94152449792937,0.29961494830766555,0.21428571428571427,0,0,0,0.0,normal_diversification,0.0,2,0.2531028718826328,0.1505663817879007,0.1505663817879007,0.6988672364241985
2025-03-10,0.390609243066641,0.9423983119014051,0.30549124923933485,0.25,0,0,0,0.0,normal_diversification,0.0,2,0.2531028718826328,0.1505663817879007,0.1505663817879007,0.6988672364241985
2025-03-11,0.41613756012861697,0.9551315004600219,0.30866163513225037,0.25,0,0,0,0.0,normal_diversification,0.0,2,0.2531028718826328,0.1505663817879007,0.1505663817879007,0.6988672364241985
2025-03-12,0.3903624097105855,0.9441673884049214,0.3102812199799105,0.25,0,0,0,0.0,normal_diversification,0.0,2,0.2531028718826328,0.1505663817879007,0.1505663817879007,0.6988672364241985
2025-03-13,0.3992390014680085,0.9465059349676653,0.30343104749277044,0.25,0,0,0,0.0,normal_diversification,0.0,2,0.2531028718826328,0.1505663817879007,0.1505663817879007,0.6988672364241985
2025-03-14,0.3901230286645226,0.9504008881195299,0.3016272134682971,0.25,0,0,0,0.0,normal_diversification,0.0,2,0.2531028718826328,0.1505663817879007,0.1505663817879007,0.6988672364241985
2025-03-17,0.44144399774806764,0.9546177034571869,0.28744256217051434,0.25,0,0,0,0.0,normal_diversification,0.0,2,0.2531028718826328,0.1505663817879007,0.1505663817879007,0.6988672364241985
2025-03-18,0.4459277632695334,0.9565965564095819,0.2896441691082768,0.25,0,0,0,0.0,normal_diversification,0.0,2,0.2531028718826328,0.1505663817879007,0.1505663817879007,0.6988672364241985
2025-03-19,0.4383438188954412,0.956563517566414,0.2982580084528565,0.25,0,0,0,0.0,normal_diversification,0.0,2,0.2531028718826327,0.1505663817879007,0.1505663817879008,0.6988672364241985
2025-03-20,0.44092938872425286,0.9595171599009902,0.30848608362955754,0.25,0,0,0,0.0,normal_diversification,0.0,2,0.2531028718826327,0.1505663817879007,0.1505663817879008,0.6988672364241985
2025-03-21,0.4417742446496121,0.9597441369919013,0.3109567276146154,0.25,0,0,0,0.0,normal_diversification,0.0,2,0.2531028718826327,0.1505663817879007,0.1505663817879008,0.6988672364241985
2025-03-24,0.43403324744804894,0.957541093872245,0.31668553783802544,0.25,0,0,0,0.0,normal_diversification,0.0,2,0.2531028632978392,0.1505663848598913,0.1505663848598913,0.6988672302802174
2025-03-25,0.45746381788196394,0.9641241281498572,0.317621585824018,0.25,0,0,0,0.0,normal_diversification,0.0,2,0.2531028628135884,0.1505663850331761,0.1505663850331761,0.6988672299336478
2025-03-26,0.46404049706686157,0.9662595607258171,0.31733122370548367,0.25,0,0,0,0.0,normal_diversification,0.0,2,0.2531027993697375,0.1505664077359854,0.1505664077359855,0.6988671845280291
2025-03-27,0.4661784084372191,0.9671479949633351,0.32229746391406106,0.25,0,0,0,0.0,normal_diversification,0.0,2,0.2531025933922171,0.1505664814432039,0.1505664814432039,0.6988670371135922
2025-03-28,0.48612483873088347,0.9677652382465254,0.3172945819448683,0.2857142857142857,0,0,0,0.0,normal_diversification,0.0,2,0.2531025938763039,0.1505664812699776,0.1505664812699776,0.6988670374600446
2025-03-31,0.551946479250594,0.9704744866184095,0.29241083386195027,0.2857142857142857,1,0,0,0.4,partial_breakdown,0.08,2,0.2239432826536872,0.1465460071039895,0.1771808250795832,0.6762731678164272
2025-04-01,0.5208041682475039,0.9617274530917387,0.30235563201633014,0.35714285714285715,0,0,1,0.3,partial_breakdown,0.13999999999999999,2,0.1668831941294912,0.1374112972553504,0.2453396810409399,0.6172490217037095
2025-04-02,0.5223264163499365,0.9751567822025065,0.31283431541639045,0.35714285714285715,0,0,1,0.3,partial_breakdown,0.2,2,0.1105626805283215,0.1282371087268461,0.3695452488118207,0.5022176424613333
2025-04-03,0.4862806441532719,0.9745055408381479,0.30664930577031174,0.25,0,0,0,0.0,normal_diversification,0.2,2,0.1142588622958511,0.1323465405178212,0.3430198626272022,0.5246335968549766
2025-04-04,0.443944460575261,0.9782336172679985,0.31114769694787187,0.25,0,0,0,0.0,normal_diversification,0.2,2,0.1389826900938107,0.1414812503504054,0.2748610066497905,0.5836577429998041
2025-04-07,0.48540507761629653,0.9838824147232212,0.30088618370279835,0.25,0,1,0,0.3,partial_breakdown,0.18,2,0.2531028718826328,0.1505663817879007,0.1505663817879007,0.6988672364241985
2025-04-08,0.4297970800232503,0.9841477446096356,0.31778800822097353,0.25,0,1,0,0.3,partial_breakdown,0.18,2,0.2531028718826328,0.1505663817879007,0.1505663817879007,0.6988672364241985
2025-04-09,0.4385728659670612,0.9867509775037738,0.31317145976729405,0.25,0,1,0,0.3,partial_breakdown,0.18,2,0.0964457248946214,0.3333333333333333,0.1505663817879007,0.5161002848787659
2025-04-10,0.551616011339628,0.9953679826973028,0.31068898429498326,0.25,1,1,0,0.7,severe_collapse,0.31999999999999995,0,0.0964457248946215,0.5161002848787659,0.1505663817879007,0.3333333333333333
2025-04-11,0.5415608888268577,0.9949682841473556,0.31705990031061043,0.2857142857142857,1,1,0,0.7,severe_collapse,0.45999999999999996,0,0.2531028718826328,0.6988672364241985,0.1505663817879007,0.1505663817879007
2025-04-14,0.555646435711432,0.9948728389974312,0.30362740317438003,0.2857142857142857,1,1,0,0.7,severe_collapse,0.5399999999999999,0,0.2531028718826328,0.6988672364241985,0.1505663817879007,0.1505663817879007
2025-04-15,0.547759031569758,0.9946337748429117,0.30286549971322757,0.2857142857142857,1,1,0,0.7,severe_collapse,0.6199999999999999,0,0.2531028718826328,0.6988672364241985,0.1505663817879007,0.1505663817879007
2025-04-16,0.5491776062497467,0.9948539832642319,0.3019513186561315,0.2857142857142857,1,1,0,0.7,severe_collapse,0.7,0,0.2531028718826328,0.6988672364241985,0.1505663817879007,0.1505663817879007
2025-04-17,0.5276540628586838,0.9943199013625891,0.3102157383312749,0.32142857142857145,1,1,1,1.0,severe_collapse,0.76,0,0.2531028718826328,0.6988672364241985,0.1505663817879007,0.1505663817879007
2025-04-21,0.5289122095077959,0.9942499545298472,0.3110422214178369,0.32142857142857145,1,1,1,1.0,severe_collapse,0.82,0,0.2531028718826328,0.6988672364241985,0.1505663817879007,0.1505663817879007
2025-04-22,0.5124390167566528,0.9944343189369985,0.31242199879534227,0.32142857142857145,0,1,1,0.6,partial_breakdown,0.8,0,0.2531028718826328,0.6988672364241985,0.1505663817879007,0.1505663817879007
2025-04-23,0.5088887832826059,0.994447048345506,0.3182024866388577,0.25,0,1,0,0.3,partial_breakdown,0.72,0,0.2531028718826328,0.6988672364241985,0.1505663817879007,0.1505663817879007
2025-04-24,0.5033618684346389,0.9941753574021294,0.32026635734191133,0.32142857142857145,0,1,1,0.6,partial_breakdown,0.7,0,0.2531028718826328,0.6988672364241985,0.1505663817879007,0.1505663817879007
2025-04-25,0.5006914676560291,0.9944604868723221,0.3159990423820036,0.25,0,1,0,0.3,partial_breakdown,0.5599999999999999,0,0.2531028718826328,0.6988672364241985,0.1505663817879007,0.1505663817879007
2025-04-28,0.49965413724517227,0.9945734872133397,0.3157978902771318,0.25,0,1,0,0.3,partial_breakdown,0.42000000000000004,0,0.2531028718826328,0.6988672364241985,0.1505663817879007,0.1505663817879007
2025-04-29,0.510477587327037,0.9948068356783099,0.3046459190053358,0.25,0,1,0,0.3,partial_breakdown,0.36,0,0.0964457248946215,0.5161002848787659,0.1505663817879007,0.3333333333333333
2025-04-30,0.509718099589049,0.9961234799814929,0.3031386531510165,0.25,0,1,0,0.3,partial_breakdown,0.36,0,3.796121972321487e-09,0.3333548594831922,0.3332902810336155,0.3333548594831922
2025-05-01,0.5078662848523949,0.9963266155286874,0.3056101998632881,0.25,0,1,0,0.3,partial_breakdown,0.3,1,0.0964129424356314,0.1505879624183371,0.5160571236178932,0.3333549139637697
2025-05-02,0.5170347192672731,0.9960527979699287,0.3134123609138298,0.32142857142857145,0,1,1,0.6,partial_breakdown,0.36,1,0.2530425677165775,0.1505879625290272,0.6988240749419454,0.1505879625290272
2025-05-05,0.5287388874250081,0.9953946990859084,0.31493803583265184,0.35714285714285715,1,1,1,1.0,severe_collapse,0.5,1,0.2531028716245861,0.1505663818802404,0.6988672362395191,0.1505663818802404
2025-05-06,0.5705709828215103,0.9944541675407061,0.3434775428052571,0.5,1,1,1,1.0,severe_collapse,0.6399999999999999,1,0.2531028716831033,0.1505663818593005,0.6988672362813989,0.1505663818593005
2025-05-07,0.5865035124878852,0.9948293983441385,0.32267595012816896,0.4642857142857143,1,1,1,1.0,severe_collapse,0.78,1,0.2531028717699061,0.1505663818282389,0.698867236343522,0.1505663818282389
2025-05-08,0.5764371040641131,0.9946390615751104,0.32255464005848317,0.5,1,1,1,1.0,severe_collapse,0.9199999999999999,1,0.2531028718800178,0.1505663817888365,0.698867236422327,0.1505663817888365
2025-05-09,0.5622699436389654,0.9839574019871707,0.23617000441893163,0.25,1,1,0,0.7,severe_collapse,0.9400000000000001,1,0.2531028718810303,0.1505663817884741,0.6988672364230517,0.1505663817884741
2025-05-12,0.4593178480923788,0.9799357981847296,0.26160241438024007,0.25,0,0,0,0.0,normal_diversification,0.74,1,0.25310287188241,0.1505663817879804,0.698867236424039,0.1505663817879804
2025-05-13,0.413249315610286,0.9844288767969879,0.3328745056699958,0.35714285714285715,0,1,1,0.6,partial_breakdown,0.6599999999999999,1,0.2531028718825436,0.1505663817879326,0.6988672364241347,0.1505663817879326
2025-05-14,0.4141472207126401,0.9831750248732393,0.3402478314252336,0.35714285714285715,0,0,1,0.3,partial_breakdown,0.52,1,0.2531028718825439,0.1505663817879325,0.6988672364241348,0.1505663817879325
2025-05-15,0.3995820183298853,0.9830836843521878,0.3418086652185713,0.2857142857142857,0,0,0,0.0,normal_diversification,0.31999999999999995,1,0.2531028718825855,0.1505663817879176,0.6988672364241647,0.1505663817879176
2025-05-16,0.39371963180744035,0.9765847211974897,0.3258448191438948,0.25,0,0,0,0.0,normal_diversification,0.18,1,0.2531028718825858,0.1505663817879176,0.6988672364241649,0.1505663817879176
2025-05-19,0.4045873258890748,0.9752745862435696,0.3411236457807775,0.25,0,0,0,0.0,normal_diversification,0.18,1,0.2531028718826211,0.1505663817879049,0.6988672364241901,0.1505663817879049
2025-05-20,0.3661822150121453,0.9665940984595353,0.3250055032087936,0.25,0,0,0,0.0,normal_diversification,0.06,1,0.2531028718826283,0.1505663817879023,0.6988672364241953,0.1505663817879023
2025-05-21,0.3615741030979134,0.9707633772483397,0.3285608404451662,0.25,0,0,0,0.0,normal_diversification,0.0,1,0.2531028718826182,0.1505663817879059,0.6988672364241881,0.150566381787906
2025-05-22,0.3920757320624058,0.969704545157837,0.30807050038012346,0.25,0,0,0,0.0,normal_diversification,0.0,1,0.2531028718825896,0.1505663817879162,0.6988672364241676,0.1505663817879162
2025-05-23,0.3912428555146092,0.9652512547733184,0.32138523552734893,0.25,0,0,0,0.0,normal_diversification,0.0,1,0.2531028717676881,0.1505663818290327,0.6988672363419346,0.1505663818290327
2025-05-27,0.3926017817767927,0.966600107209531,0.3296566824045915,0.25,0,0,0,0.0,normal_diversification,0.0,1,0.2531028718276032,0.1505663818075925,0.6988672363848148,0.1505663818075925
2025-05-28,0.40919590830405117,0.970831327884703,0.33127748623791536,0.2857142857142857,0,0,0,0.0,normal_diversification,0.0,1,0.2531028718541127,0.1505663817981064,0.6988672364037871,0.1505663817981064
2025-05-29,0.40219080783287575,0.9718020473150475,0.3329176366926801,0.25,0,0,0,0.0,normal_diversification,0.0,1,0.2531028718825774,0.1505663817879206,0.6988672364241589,0.1505663817879205
2025-05-30,0.4072454166547129,0.9700068875009485,0.3337215807330466,0.2857142857142857,0,0,0,0.0,normal_diversification,0.0,1,0.2531028718824866,0.150566381787953,0.698867236424094,0.150566381787953
2025-06-02,0.40491648870681146,0.9724001234167854,0.3371209181837221,0.25,0,0,0,0.0,normal_diversification,0.0,1,0.253102871882492,0.1505663817879511,0.6988672364240978,0.1505663817879511
2025-06-03,0.412248971410449,0.9725322039481964,0.3245377321593541,0.25,0,0,0,0.0,normal_diversification,0.0,1,0.2531028718824968,0.1505663817879493,0.6988672364241012,0.1505663817879493
2025-06-04,0.4072374925889705,0.9717283569654902,0.3278673222369043,0.25,0,0,0,0.0,normal_diversification,0.0,1,0.2531028718824736,0.1505663817879577,0.6988672364240847,0.1505663817879577
2025-06-05,0.3987926357239405,0.9689720025596188,0.3282761299281445,0.25,0,0,0,0.0,normal_diversification,0.0,1,0.2531028718576413,0.1505663817968437,0.6988672364063127,0.1505663817968437
2025-06-06,0.402604460255242,0.9694764421156354,0.3240392727753296,0.25,0,0,0,0.0,normal_diversification,0.0,1,0.253102871857493,0.1505663817968967,0.6988672364062065,0.1505663817968967
2025-06-09,0.3757776770300683,0.968440194221909,0.33426263328996453,0.21428571428571427,0,0,0,0.0,normal_diversification,0.0,1,0.2531028718816586,0.1505663817882493,0.6988672364235012,0.1505663817882493
2025-06-10,0.3727715873872896,0.968228198832223,0.3437901429391648,0.25,0,0,0,0.0,normal_diversification,0.0,1,0.253102871882258,0.1505663817880349,0.6988672364239302,0.1505663817880349
2025-06-11,0.4069397241807956,0.9406728978616595,0.29231568159789095,0.25,0,0,0,0.0,normal_diversification,0.0,1,0.2531028718824294,0.1505663817879735,0.6988672364240529,0.1505663817879735
2025-06-12,0.42197060786380586,0.9599368316101003,0.3064304311695785,0.25,0,0,0,0.0,normal_diversification,0.0,1,0.2531028718824761,0.1505663817879568,0.6988672364240864,0.1505663817879568
2025-06-13,0.44027565232234067,0.9664785869490632,0.2941402921726316,0.25,0,0,0,0.0,normal_diversification,0.0,1,0.2531028717900266,0.150566381821039,0.698867236357922,0.150566381821039
2025-06-16,0.46865747152058507,0.9764259279047396,0.29765918004169645,0.25,0,0,0,0.0,normal_diversification,0.0,1,0.2531028715316522,0.1505663819134959,0.6988672361730082,0.1505663819134959
2025-06-17,0.4576075218585462,0.9768793632298384,0.30265537727872893,0.25,0,0,0,0.0,normal_diversification,0.0,1,0.2531028169563886,0.1505664014427608,0.6988671971144783,0.1505664014427608
2025-06-18,0.45043829707108396,0.9783266657708612,0.3066133344534569,0.25,0,0,0,0.0,normal_diversification,0.0,1,0.2531028170236727,0.1505664014186838,0.6988671971626323,0.1505664014186838
2025-06-20,0.45138161652977854,0.9780580190943949,0.3038405133242749,0.25,0,0,0,0.0,normal_diversification,0.0,1,0.2531028713239552,0.1505663819878184,0.6988672360243632,0.1505663819878184
2025-06-23,0.4614778175368713,0.9814630181673926,0.30896689087433965,0.25,0,0,0,0.0,normal_diversification,0.0,1,0.253102865508393,0.1505663840688647,0.6988672318622706,0.1505663840688646
2025-06-24,0.4709951447438933,0.9827203378443852,0.3120220578148085,0.25,0,0,0,0.0,normal_diversification,0.0,1,0.2531028659825666,0.150566383899186,0.698867232201628,0.150566383899186
2025-06-25,0.45164154920472094,0.9815649970846999,0.31733524344124064,0.25,0,0,0,0.0,normal_diversification,0.0,1,0.2531028717775491,0.1505663818255039,0.6988672363489921,0.150566381825504
2025-06-26,0.4413793350519276,0.9729097017567945,0.2994017453579407,0.25,0,0,0,0.0,normal_diversification,0.0,1,0.2531028718819254,0.1505663817881539,0.6988672364236922,0.1505663817881539
2025-06-27,0.44392916996037385,0.9753276745637061,0.29561601979898416,0.25,0,0,0,0.0,normal_diversification,0.0,1,0.2531028718822312,0.1505663817880445,0.6988672364239111,0.1505663817880445
2025-06-30,0.4482881857180394,0.9759358222343093,0.2895111699525676,0.25,0,0,0,0.0,normal_diversification,0.0,1,0.2531028718800431,0.1505663817888275,0.698867236422345,0.1505663817888274
2025-07-01,0.444360030962672,0.9755943713526876,0.28909093161819716,0.25,0,0,0,0.0,normal_diversification,0.0,1,0.2531028718791273,0.1505663817891552,0.6988672364216897,0.1505663817891552
2025-07-02,0.4627791663117103,0.9512191252512243,0.27325734843071586,0.25,0,0,0,0.0,normal_diversification,0.0,1,0.2531028718799778,0.1505663817888508,0.6988672364222984,0.1505663817888508
2025-07-03,0.4556297153287408,0.9500715909149324,0.2734000475934563,0.25,0,0,0,0.0,normal_diversification,0.0,1,0.2531028718814753,0.1505663817883149,0.6988672364233702,0.1505663817883149
2025-07-07,0.46201082913775704,0.9574544018206805,0.27041943812626756,0.25,0,0,0,0.0,normal_diversification,0.0,1,0.2531028718826079,0.1505663817879096,0.6988672364241807,0.1505663817879096
2025-07-08,0.4523859946618643,0.9566469928620374,0.27952771518746394,0.25,0,0,0,0.0,normal_diversification,0.0,1,0.2531028718826087,0.1505663817879093,0.6988672364241814,0.1505663817879093
2025-07-09,0.4214683328516326,0.9562012683056252,0.2720584911874012,0.25,0,0,0,0.0,normal_diversification,0.0,1,0.2531028718826292,0.150566381787902,0.698867236424196,0.150566381787902
2025-07-10,0.44613573171339355,0.9571437953495704,0.26135492044274017,0.25,0,0,0,0.0,normal_diversification,0.0,1,0.2531028718826316,0.1505663817879012,0.6988672364241976,0.1505663817879012
2025-07-11,0.4310129063864055,0.9479194490125259,0.26867327591210793,0.25,0,0,0,0.0,normal_diversification,0.0,1,0.2531028718826323,0.1505663817879008,0.6988672364241983,0.1505663817879008
2025-07-14,0.4304191401207279,0.9451718206128292,0.26673672286613376,0.25,0,0,0,0.0,normal_diversification,0.0,1,0.2531028718826327,0.1505663817879008,0.6988672364241983,0.1505663817879008
2025-07-15,0.4320401436672156,0.9464001835300463,0.27093503467326235,0.25,0,0,0,0.0,normal_diversification,0.0,1,0.2531028718826296,0.1505663817879018,0.6988672364241962,0.1505663817879018
2025-07-16,0.37060474893391593,0.9147766411721878,0.2612923860190428,0.17857142857142858,0,0,0,0.0,normal_diversification,0.0,1,0.2531028718826288,0.1505663817879021,0.6988672364241957,0.1505663817879021
2025-07-17,0.3721893709338145,0.9014984675286983,0.24506700650983862,0.14285714285714285,0,0,0,0.0,normal_diversification,0.0,1,0.2531028718826287,0.1505663817879022,0.6988672364241956,0.1505663817879022
2025-07-18,0.38674602143392206,0.8825983948044248,0.229824895878673,0.10714285714285714,0,0,0,0.0,normal_diversification,0.0,1,0.2531028718826309,0.1505663817879014,0.6988672364241973,0.1505663817879013
2025-07-21,0.3970793650644583,0.8835336305357504,0.23168895254281757,0.10714285714285714,0,0,0,0.0,normal_diversification,0.0,1,0.2531028718826309,0.1505663817879013,0.6988672364241973,0.1505663817879013
2025-07-22,0.37344930388309283,0.870208776969174,0.2352580580095705,0.07142857142857142,0,0,0,0.0,normal_diversification,0.0,1,0.2531028718826289,0.1505663817879021,0.6988672364241958,0.1505663817879021
2025-07-23,0.3385070951815071,0.848536660517513,0.2268351279778772,0.07142857142857142,0,0,0,0.0,normal_diversification,0.0,1,0.2531028718826277,0.1505663817879026,0.6988672364241949,0.1505663817879026
2025-07-24,0.2949894993303327,0.8454618768708394,0.21151927491153127,0.07142857142857142,0,0,0,0.0,normal_diversification,0.0,1,0.2531028718826267,0.1505663817879029,0.6988672364241942,0.1505663817879029
2025-07-25,0.30099721894080433,0.8307907355633455,0.21361345484024008,0.07142857142857142,0,0,0,0.0,normal_diversification,0.0,1,0.2531028718826281,0.1505663817879024,0.6988672364241952,0.1505663817879024
2025-07-28,0.3017880557462402,0.8185990854957689,0.20702536677576905,0.07142857142857142,0,0,0,0.0,normal_diversification,0.0,1,0.2531028718826307,0.1505663817879014,0.6988672364241971,0.1505663817879014
2025-07-29,0.3065328754392199,0.8172874397337142,0.20887727374929713,0.07142857142857142,0,0,0,0.0,normal_diversification,0.0,1,0.2531028718826296,0.1505663817879019,0.6988672364241961,0.1505663817879019
2025-07-30,0.3029036900505445,0.8183136603319002,0.21765522877838814,0.10714285714285714,0,0,0,0.0,normal_diversification,0.0,1,0.2531028718825449,0.1505663817879322,0.6988672364241356,0.1505663817879321
2025-07-31,0.31406923573398365,0.9095655885066656,0.233787703281642,0.07142857142857142,0,0,0,0.0,normal_diversification,0.0,1,0.2531028676466883,0.1505663833036951,0.6988672333926099,0.1505663833036951
2025-08-01,0.3473966649477415,0.9327563676048488,0.2307170407153002,0.10714285714285714,0,0,0,0.0,normal_diversification,0.0,1,0.0964454678521867,0.1505671659696461,0.5161010645131315,0.3333317695172224
2025-08-04,0.4370575749507086,0.8940287363850754,0.26198215805585173,0.14285714285714285,0,0,0,0.0,normal_diversification,0.0,2,0.0964240159661384,0.1505816766213876,0.3333447930381552,0.5160735303404573
2025-08-05,0.43314470623761486,0.9123404493171811,0.2752634113005117,0.21428571428571427,0,0,0,0.0,normal_diversification,0.0,1,0.0964390933890634,0.1505817555704573,0.5161115639016449,0.3333066805278977
2025-08-06,0.44042486184664764,0.9168789517807773,0.2764993610872252,0.21428571428571427,0,0,0,0.0,normal_diversification,0.0,1,0.2530990510526588,0.1505677490430807,0.6988645019138385,0.1505677490430807
2025-08-07,0.4525212588114753,0.9162898621688463,0.25442434196664654,0.17857142857142858,0,0,0,0.0,normal_diversification,0.0,1,0.2531026218580998,0.1505664712569397,0.6988670574861207,0.1505664712569397
2025-08-08,0.4537316597097473,0.9210417390546214,0.24964775229625688,0.17857142857142858,0,0,0,0.0,normal_diversification,0.0,1,0.2531028635789027,0.1505663847593153,0.6988672304813693,0.1505663847593153
2025-08-11,0.47771979310846263,0.9247506948042512,0.24912939982823223,0.17857142857142858,0,0,0,0.0,normal_diversification,0.0,1,0.2531028706677238,0.1505663822226449,0.6988672355547102,0.1505663822226449
2025-08-12,0.4702626221233305,0.9255340922233251,0.25881736379312786,0.17857142857142858,0,0,0,0.0,normal_diversification,0.0,1,0.2531028706623796,0.1505663822245573,0.6988672355508854,0.1505663822245573
2025-08-13,0.5194610709949294,0.944342737119964,0.2570249557346052,0.25,0,0,0,0.0,normal_diversification,0.0,1,0.2531028705039303,0.1505663822812569,0.6988672354374861,0.150566382281257
2025-08-14,0.5082305490584555,0.9427488343414806,0.2652774896423958,0.25,0,0,0,0.0,normal_diversification,0.0,1,0.2531028713552886,0.150566381976606,0.6988672360467879,0.150566381976606
2025-08-15,0.494328567932063,0.9412097612623308,0.26123221796936874,0.2857142857142857,0,0,0,0.0,normal_diversification,0.0,1,0.253102871353183,0.1505663819773595,0.6988672360452809,0.1505663819773595
2025-08-18,0.4883183897594648,0.9416862528761984,0.26580280012157126,0.25,0,0,0,0.0,normal_diversification,0.0,1,0.2531028714109939,0.1505663819566724,0.6988672360866551,0.1505663819566724
2025-08-19,0.4917796141680812,0.9447211903786061,0.2632334755566375,0.25,0,0,0,0.0,normal_diversification,0.0,1,0.2531028704555699,0.1505663822985623,0.6988672354028754,0.1505663822985623
2025-08-20,0.49755664982368647,0.9434543378230975,0.26976299608152987,0.25,0,0,0,0.0,normal_diversification,0.0,1,0.2531028698083567,0.1505663825301616,0.6988672349396768,0.1505663825301616
2025-08-21,0.49095853787547133,0.953561077175672,0.2710574471722348,0.21428571428571427,0,0,0,0.0,normal_diversification,0.0,1,0.2531028698134043,0.1505663825283553,0.6988672349432892,0.1505663825283554
2025-08-22,0.49647442074851256,0.9552783443296159,0.2753975917450273,0.25,0,0,0,0.0,normal_diversification,0.0,1,0.253102870918421,0.1505663821329352,0.6988672357341296,0.1505663821329352
2025-08-25,0.5103028122958639,0.9600005269601494,0.31541634710457966,0.39285714285714285,0,0,1,0.3,partial_breakdown,0.06,1,0.2531028717488877,0.1505663818357602,0.6988672363284796,0.1505663818357602
2025-08-26,0.509144466064609,0.9619881293385221,0.3182749185022572,0.39285714285714285,0,0,1,0.3,partial_breakdown,0.12,1,0.253102871717122,0.1505663818471273,0.6988672363057453,0.1505663818471273
2025-08-27,0.515114685977412,0.9632905455651809,0.31755504212008634,0.39285714285714285,0,0,1,0.3,partial_breakdown,0.18,1,0.2531028716345732,0.1505663818766665,0.6988672362466668,0.1505663818766666
2025-08-28,0.5163583223866787,0.9666505768155157,0.32036319223209847,0.39285714285714285,0,0,1,0.3,partial_breakdown,0.24,1,0.2531028716348984,0.1505663818765502,0.6988672362468996,0.1505663818765502
2025-08-29,0.5102785870830343,0.9645711583251948,0.32207132322612764,0.39285714285714285,0,0,1,0.3,partial_breakdown,0.3,1,0.2531028666163732,0.1505663836723839,0.698867232655232,0.150566383672384
2025-09-02,0.5711936146034089,0.9542005228811168,0.24734651998414883,0.32142857142857145,1,0,1,0.7,severe_collapse,0.38,1,0.2530835553831597,0.1505732941701519,0.698853411659696,0.1505732941701519
2025-09-03,0.4896315625541347,0.944254517726716,0.30066952370803507,0.2857142857142857,0,0,0,0.0,normal_diversification,0.32,1,0.2530827613035009,0.1505735783367746,0.6988528433264506,0.1505735783367747
2025-09-04,0.49701458922603553,0.9440808750822546,0.28576768153086024,0.25,0,0,0,0.0,normal_diversification,0.26,1,0.25308277001149,0.1505735752205608,0.6988528495588784,0.1505735752205609
2025-09-05,0.4962284704794966,0.9458759461383486,0.2846585521335059,0.21428571428571427,0,0,0,0.0,normal_diversification,0.2,1,0.2531020585608337,0.1505666728280008,0.6988666543439983,0.1505666728280009
2025-09-08,0.49241171096546166,0.9427172653753219,0.2881060066200662,0.25,0,0,0,0.0,normal_diversification,0.13999999999999999,1,0.2531028394369198,0.1505663933983056,0.6988672132033888,0.1505663933983056
2025-09-09,0.5087988162275506,0.9363362520699158,0.27774050191269894,0.21428571428571427,0,0,0,0.0,normal_diversification,0.0,1,0.2531028550857943,0.1505663877984973,0.6988672244030054,0.1505663877984973
2025-09-10,0.5178911578340971,0.9420360750857595,0.26931758064425726,0.25,0,0,0,0.0,normal_diversification,0.0,1,0.2531028714698181,0.1505663819356227,0.6988672361287546,0.1505663819356227
2025-09-11,0.5143602810945286,0.9220473541955319,0.25455237252864954,0.21428571428571427,0,0,0,0.0,normal_diversification,0.0,1,0.2531028718509257,0.1505663817992467,0.6988672364015064,0.1505663817992468
2025-09-12,0.5209055830269125,0.9232393930313378,0.2532975352941998,0.21428571428571427,0,0,0,0.0,normal_diversification,0.0,1,0.2531028718741936,0.1505663817909206,0.6988672364181588,0.1505663817909206
2025-09-15,0.5013815785158071,0.9172098970429541,0.2548181422786615,0.21428571428571427,0,0,0,0.0,normal_diversification,0.0,1,0.2531028718823545,0.1505663817880003,0.6988672364239994,0.1505663817880003
2025-09-16,0.4840500275317901,0.9073773926997808,0.24253579002611297,0.21428571428571427,0,0,0,0.0,normal_diversification,0.0,1,0.2531028718810842,0.1505663817884548,0.6988672364230903,0.1505663817884549
2025-09-17,0.4761262332489893,0.9069513571987846,0.24770279730756856,0.21428571428571427,0,0,0,0.0,normal_diversification,0.0,1,0.253102871880744,0.1505663817885766,0.6988672364228468,0.1505663817885766
2025-09-18,0.48218968790663325,0.9184201642469927,0.22641340988522884,0.21428571428571427,0,0,0,0.0,normal_diversification,0.0,1,0.2531028718808558,0.1505663817885366,0.6988672364229268,0.1505663817885366
2025-09-19,0.48394695491123435,0.9154602400271169,0.22770277313030424,0.21428571428571427,0,0,0,0.0,normal_diversification,0.0,1,0.2531028718822601,0.1505663817880341,0.6988672364239318,0.1505663817880341
2025-09-22,0.45877122354930344,0.9107691912580763,0.2256118515504178,0.21428571428571427,0,0,0,0.0,normal_diversification,0.0,1,0.2531028718826176,0.1505663817879062,0.6988672364241877,0.1505663817879062
2025-09-23,0.34192476686160045,0.8910683111522257,0.23202878386446138,0.10714285714285714,0,0,0,0.0,normal_diversification,0.0,1,0.2531028718822259,0.1505663817880463,0.6988672364239074,0.1505663817880464
2025-09-24,0.3176252649195379,0.9021768297489071,0.24342116578214196,0.03571428571428571,0,0,0,0.0,normal_diversification,0.0,1,0.2531028718819373,0.1505663817881496,0.6988672364237007,0.1505663817881496
2025-09-25,0.3095406999210541,0.9081572781630797,0.2253791333840108,0.03571428571428571,0,0,0,0.0,normal_diversification,0.0,1,0.2531028718806715,0.1505663817886025,0.6988672364227948,0.1505663817886026
2025-09-26,0.3194580247306136,0.9151815727787589,0.23385049209966174,0.10714285714285714,0,0,0,0.0,normal_diversification,0.0,1,0.2531028718810406,0.1505663817884704,0.698867236423059,0.1505663817884704
2025-09-29,0.31593764826697684,0.9085583072574182,0.2331977531495496,0.10714285714285714,0,0,0,0.0,normal_diversification,0.0,1,0.2531028718825555,0.1505663817879284,0.6988672364241433,0.1505663817879284
2025-09-30,0.26339266403403494,0.9086554886222425,0.25335961261857165,0.10714285714285714,0,0,0,0.0,normal_diversification,0.0,1,0.2531028718825093,0.1505663817879448,0.6988672364241102,0.1505663817879449
2025-10-01,0.25426088750785053,0.8775858517650851,0.2333110523978373,0.10714285714285714,0,0,0,0.0,normal_diversification,0.0,1,0.2531028718824089,0.1505663817879808,0.6988672364240383,0.1505663817879808
2025-10-02,0.2552324801231299,0.874085725399889,0.24162376660824533,0.10714285714285714,0,0,0,0.0,normal_diversification,0.0,1,0.2531028718821992,0.1505663817880559,0.6988672364238883,0.1505663817880559
2025-10-03,0.29123897841283114,0.852559325030548,0.21087336875102916,0.07142857142857142,0,0,0,0.0,normal_diversification,0.0,1,0.2531028718820693,0.1505663817881023,0.6988672364237952,0.1505663817881024
2025-10-06,0.27734748062552733,0.8538090786817361,0.21493318514048876,0.07142857142857142,0,0,0,0.0,normal_diversification,0.0,1,0.2531028718821274,0.1505663817880815,0.6988672364238369,0.1505663817880816
2025-10-07,0.2710828369109512,0.851344334862315,0.20578607597604665,0.07142857142857142,0,0,0,0.0,normal_diversification,0.0,1,0.2531028718786302,0.150566381789333,0.698867236421334,0.1505663817893331
2025-10-08,0.3021830775602267,0.867630920073732,0.20702790183457193,0.07142857142857142,0,0,0,0.0,normal_diversification,0.0,1,0.2531028718784744,0.1505663817893887,0.6988672364212225,0.1505663817893887
2025-10-09,0.31204283983082615,0.8828331988586157,0.20639294017510396,0.07142857142857142,0,0,0,0.0,normal_diversification,0.0,1,0.2531028714088178,0.1505663819574511,0.6988672360850977,0.1505663819574511
2025-10-10,0.318963903651485,0.9074895644446143,0.2152522396868303,0.07142857142857142,0,0,0,0.0,normal_diversification,0.0,1,0.0964457246390199,0.150566381956144,0.5161002845422804,0.3333333335015756
2025-10-13,0.5630785834080086,0.9781271376313289,0.28910000263392177,0.42857142857142855,1,0,1,0.7,severe_collapse,0.13999999999999999,2,0.2531027939803435,0.1505664096645316,0.1505664096645316,0.6988671806709368
2025-10-14,0.5677469460466295,0.9819127500439967,0.2863921344280949,0.2857142857142857,1,0,0,0.4,partial_breakdown,0.22000000000000003,2,0.2531027939733925,0.150566409667019,0.150566409667019,0.698867180665962
2025-10-15,0.564173362299983,0.975680903587379,0.2842681250340652,0.2857142857142857,1,0,0,0.4,partial_breakdown,0.3,2,0.2531027915072833,0.150566410549494,0.150566410549494,0.698867178901012
2025-10-16,0.566730498596403,0.9758977016729029,0.2792662637613194,0.2857142857142857,1,0,0,0.4,partial_breakdown,0.38,2,0.2531028694095718,0.1505663826728631,0.1505663826728632,0.6988672346542737
2025-10-17,0.56390834732724,0.9716402483226193,0.2782200413254948,0.2857142857142857,1,0,0,0.4,partial_breakdown,0.45999999999999996,2,0.2531028689983381,0.1505663828200194,0.1505663828200195,0.6988672343599611
2025-10-20,0.5488722238567784,0.9713177118736648,0.28050955180702297,0.2857142857142857,1,0,0,0.4,partial_breakdown,0.4,2,0.2531012574646608,0.1505669594937801,0.1505669594937801,0.6988660810124397
2025-10-21,0.5679237338617009,0.9725563575575724,0.2654522864120811,0.32142857142857145,1,0,1,0.7,severe_collapse,0.4600000000000001,2,0.2530943177846062,0.1505694428233923,0.1505694428233923,0.6988611143532154
2025-10-22,0.5500306910068374,0.9717901547339864,0.2852086168640164,0.32142857142857145,1,0,1,0.7,severe_collapse,0.52,2,0.2530942520187661,0.1505694663575501,0.1505694663575501,0.6988610672848997
2025-10-23,0.555621805007496,0.9706851975690763,0.28816332589008115,0.35714285714285715,1,0,1,0.7,severe_collapse,0.58,2,0.2530472507497991,0.150586286532796,0.1505862865327961,0.6988274269344079
2025-10-24,0.5657941647168584,0.9713779675446866,0.2884395109710792,0.39285714285714285,1,0,1,0.7,severe_collapse,0.64,2,0.2528219808643898,0.1506669273833642,0.1506669273833642,0.6986661452332715
2025-10-27,0.5633658081648849,0.9748243727508441,0.29556036658986884,0.39285714285714285,1,0,1,0.7,severe_collapse,0.7,2,0.1855092082070907,0.1405065628937696,0.2200498404999502,0.6394435966062803
2025-10-28,0.5610396014695748,0.9763753451433762,0.30236204951044177,0.35714285714285715,1,0,1,0.7,severe_collapse,0.7,2,0.1461284037174571,0.1320684232618977,0.2827261272633088,0.5852054494747936
2025-10-29,0.5594861094506378,0.9753939327307047,0.30152177952262393,0.35714285714285715,1,0,1,0.7,severe_collapse,0.7,2,0.1057748378891847,0.1259281307362132,0.4072912487990668,0.4667806204647198
2025-10-30,0.5562247300314145,0.973549521974051,0.30604853408092525,0.39285714285714285,1,0,1,0.7,severe_collapse,0.7,1,0.1179707856772868,0.1336601765906125,0.5362749263872341,0.3300648970221533
2025-10-31,0.5504387396644099,0.9764890377610296,0.30339121946691605,0.4642857142857143,1,0,1,0.7,severe_collapse,0.7,1,0.1972364356159005,0.1427142879466454,0.6518555131724848,0.2054301988808698
2025-11-03,0.5515117409361441,0.9803534104479031,0.3096014655829474,0.42857142857142855,1,0,1,0.7,severe_collapse,0.7,1,0.2531028718788431,0.1505663817892568,0.6988672364214864,0.1505663817892568
2025-11-04,0.5332339208228106,0.9804613044359938,0.3125552582133376,0.4642857142857143,1,0,1,0.7,severe_collapse,0.7,1,0.2531027561291591,0.150566423209238,0.698867153581524,0.150566423209238
2025-11-05,0.5364174834890231,0.9793433953470747,0.31592731799418394,0.4642857142857143,1,0,1,0.7,severe_collapse,0.7,1,0.2531027556776664,0.1505664233708006,0.6988671532583988,0.1505664233708006
2025-11-06,0.5424146781738741,0.9798024272798271,0.3134683794036214,0.4642857142857143,1,0,1,0.7,severe_collapse,0.7,1,0.2530943423073162,0.1505694340479966,0.6988611319040067,0.1505694340479967
2025-11-07,0.5514048346876559,0.9801385245929112,0.31020716795588066,0.4642857142857143,1,0,1,0.7,severe_collapse,0.7,1,0.2530922362425482,0.1505701877001943,0.6988596245996113,0.1505701877001943
2025-11-10,0.43455644546543376,0.9683472689688478,0.27326487569316843,0.21428571428571427,0,0,0,0.0,normal_diversification,0.5599999999999999,1,0.2276532123298329,0.1469890807363282,0.6793469491119086,0.1736639701517632
2025-11-11,0.4292784341976998,0.9689616337497624,0.2688390083704401,0.14285714285714285,0,0,0,0.0,normal_diversification,0.42000000000000004,1,0.227683233814659,0.1469776875610544,0.6793697354624562,0.1736525769764894
2025-11-12,0.4101742060329885,0.9658322535334568,0.2654340360998608,0.14285714285714285,0,0,0,0.0,normal_diversification,0.27999999999999997,1,0.253102441272592,0.1505665358778764,0.698866928244247,0.1505665358778765
2025-11-13,0.41192809323970936,0.9653919118060142,0.2639561208015098,0.10714285714285714,0,0,0,0.0,normal_diversification,0.13999999999999999,1,0.096430987959151,0.1506111634425359,0.5161446145402682,0.333244222017196
2025-11-14,0.4349665211919666,0.9757271792123251,0.2742445810484891,0.25,0,0,0,0.0,normal_diversification,0.0,2,0.0963777890645111,0.1506112275307311,0.3333777272256146,0.5160110452436544
2025-11-17,0.44912281293119044,0.9752830653910395,0.2755505821841016,0.25,0,0,0,0.0,normal_diversification,0.0,2,0.2531022487019566,0.1505666047876142,0.1505666047876143,0.6988667904247715
2025-11-18,0.43131632712658746,0.9706620215829356,0.2755199338956491,0.25,0,0,0,0.0,normal_diversification,0.0,2,0.2531024098848297,0.1505665471097139,0.1505665471097139,0.6988669057805721
2025-11-19,0.42055092775205083,0.9719782716463978,0.27069470482675256,0.25,0,0,0,0.0,normal_diversification,0.0,2,0.2531028718823175,0.1505663817880136,0.1505663817880136,0.6988672364239729
2025-11-20,0.41757920124465137,0.9725795565354696,0.2701906394156748,0.25,0,0,0,0.0,normal_diversification,0.0,2,0.2531028718826217,0.1505663817879047,0.1505663817879047,0.6988672364241905
2025-11-21,0.4286053301984215,0.975450463723846,0.2730751288390065,0.25,0,0,0,0.0,normal_diversification,0.0,2,0.2531028718826208,0.1505663817879049,0.150566381787905,0.69886723642419
2025-11-24,0.4086297405353284,0.9683437813319838,0.2751112244836786,0.25,0,0,0,0.0,normal_diversification,0.0,2,0.2530809692655664,0.1505742196311597,0.1505742196311597,0.6988515607376806
2025-11-25,0.4595256991592427,0.9682907772573603,0.2799853958261013,0.21428571428571427,0,0,0,0.0,normal_diversification,0.0,2,0.2198378170870484,0.1458281228461436,0.1814133925055007,0.6727584846483556
2025-11-26,0.4645106368732126,0.9643285392242797,0.2809628985214511,0.21428571428571427,0,0,0,0.0,normal_diversification,0.0,2,0.091401904699898,0.1458695700569851,0.3640974496292426,0.4900329803137722
2025-11-28,0.47544589012218214,0.968160522440853,0.2850744077043476,0.21428571428571427,0,0,0,0.0,normal_diversification,0.0,1,0.2529863700216794,0.1506080763043947,0.6987838473912105,0.1506080763043948
2025-12-01,0.49885990660153656,0.9668267486720888,0.29183197976393066,0.21428571428571427,0,0,0,0.0,normal_diversification,0.0,1,0.2530942384059172,0.1505694712288779,0.6988610575422443,0.1505694712288779
2025-12-02,0.5075689594846919,0.9659159601292691,0.29147119383662484,0.21428571428571427,0,0,0,0.0,normal_diversification,0.0,1,0.2530882037654887,0.1505716307260259,0.6988567385479482,0.1505716307260259
2025-12-03,0.49639980560218394,0.9642748333778901,0.29481836401780653,0.25,0,0,0,0.0,normal_diversification,0.0,1,0.2530892133800294,0.1505712694332723,0.6988574611334553,0.1505712694332724
2025-12-04,0.4757141584605818,0.9612203863140334,0.2786656751631011,0.25,0,0,0,0.0,normal_diversification,0.0,1,0.2530967720931641,0.1505685645570524,0.698862870885895,0.1505685645570525
2025-12-05,0.4919577001044476,0.9619958182808446,0.2530888710859031,0.25,0,0,0,0.0,normal_diversification,0.0,1,0.2531028518569193,0.150566388953921,0.6988672220921579,0.1505663889539211
2025-12-08,0.5113540728369991,0.9599199126985956,0.22436806095355522,0.21428571428571427,0,0,0,0.0,normal_diversification,0.0,1,0.2531028702066737,0.1505663823876274,0.698867235224745,0.1505663823876275
2025-12-09,0.5103320878386582,0.9565492668886639,0.22513035334857254,0.21428571428571427,0,0,0,0.0,normal_diversification,0.0,1,0.253102871846636,0.1505663818007818,0.6988672363984363,0.1505663818007819
2025-12-10,0.49028719007111615,0.9676325667074654,0.23291170296355113,0.21428571428571427,0,0,0,0.0,normal_diversification,0.0,1,0.2531028718814558,0.1505663817883218,0.6988672364233564,0.1505663817883218
2025-12-11,0.5103518949512484,0.9686039835184646,0.22821527840236938,0.25,0,0,0,0.0,normal_diversification,0.0,1,0.2531028718822156,0.15056638178805,0.6988672364238999,0.15056638178805
2025-12-12,0.506703772950419,0.965260955972089,0.22230450980090447,0.21428571428571427,0,0,0,0.0,normal_diversification,0.0,1,0.2531028718826297,0.1505663817879018,0.6988672364241962,0.1505663817879018
2025-12-15,0.465403155734952,0.9522771473173326,0.24143524993688398,0.21428571428571427,0,0,0,0.0,normal_diversification,0.0,1,0.2531028718811449,0.1505663817884331,0.6988672364231336,0.1505663817884331
2025-12-16,0.45896659329687456,0.9484982567224415,0.254035290745072,0.21428571428571427,0,0,0,0.0,normal_diversification,0.0,1,0.2531028717376317,0.150566381839788,0.6988672363204239,0.1505663818397881
2025-12-17,0.42691221036799093,0.944235336321629,0.27313806658835404,0.21428571428571427,0,0,0,0.0,normal_diversification,0.0,1,0.2531027605150027,0.1505664216398032,0.6988671567203936,0.1505664216398032
2025-12-18,0.45063203869237284,0.9433915326521856,0.2735643864060306,0.21428571428571427,0,0,0,0.0,normal_diversification,0.0,1,0.2531027548596736,0.150566423663512,0.6988671526729759,0.150566423663512
2025-12-19,0.44992690758044873,0.9387336047225373,0.2724254928630347,0.21428571428571427,0,0,0,0.0,normal_diversification,0.0,1,0.2531027548588792,0.1505664236637962,0.6988671526724075,0.1505664236637963
2025-12-22,0.43181527662285674,0.9244359435031078,0.2749940407534371,0.21428571428571427,0,0,0,0.0,normal_diversification,0.0,1,0.2531028717341321,0.1505663818410403,0.6988672363179194,0.1505663818410403
2025-12-23,0.45989595930557725,0.9214470121419481,0.25301672751878596,0.17857142857142858,0,0,0,0.0,normal_diversification,0.0,1,0.2531028718473006,0.150566381800544,0.6988672363989119,0.150566381800544
2025-12-24,0.44301615013005513,0.9019838181865346,0.24587615504013882,0.21428571428571427,0,0,0,0.0,normal_diversification,0.0,1,0.2531028718415646,0.1505663818025966,0.6988672363948067,0.1505663818025966
2025-12-26,0.452093106983801,0.9143442317062872,0.23591519000749253,0.21428571428571427,0,0,0,0.0,normal_diversification,0.0,1,0.2531028718315121,0.1505663818061937,0.6988672363876125,0.1505663818061937
2025-12-29,0.43421701979877864,0.9103884191195467,0.23819936198676886,0.17857142857142858,0,0,0,0.0,normal_diversification,0.0,1,0.2531028718336222,0.1505663818054387,0.6988672363891225,0.1505663818054387
2025-12-30,0.43145792275430356,0.9086172726568459,0.24128533294687166,0.21428571428571427,0,0,0,0.0,normal_diversification,0.0,1,0.2531028717549495,0.150566381833591,0.6988672363328178,0.1505663818335911
2025-12-31,0.3891471297363373,0.9135849169079598,0.25366209914922827,0.17857142857142858,0,0,0,0.0,normal_diversification,0.0,1,0.2531028660369956,0.150566383879709,0.6988672322405819,0.150566383879709
2026-01-02,0.4013685270719774,0.925193555180559,0.2513048751486775,0.21428571428571427,0,0,0,0.0,normal_diversification,0.0,1,0.2531028661544772,0.1505663838376693,0.6988672323246613,0.1505663838376694
2026-01-05,0.3853386158178573,0.9202325818871542,0.25931723578154076,0.21428571428571427,0,0,0,0.0,normal_diversification,0.0,1,0.2531028718813962,0.1505663817883432,0.6988672364233135,0.1505663817883432
2026-01-06,0.4073371989339093,0.924927693333136,0.23413512403544653,0.14285714285714285,0,0,0,0.0,normal_diversification,0.0,1,0.2531028718819562,0.1505663817881428,0.6988672364237144,0.1505663817881428
2026-01-07,0.4204816326936509,0.9294932683774036,0.23442951031804424,0.14285714285714285,0,0,0,0.0,normal_diversification,0.0,1,0.2531028718824947,0.1505663817879501,0.6988672364240998,0.1505663817879501
2026-01-08,0.42328133303529053,0.9184120239226626,0.2420868595175515,0.14285714285714285,0,0,0,0.0,normal_diversification,0.0,1,0.2531028718822633,0.1505663817880329,0.6988672364239341,0.1505663817880329
2026-01-09,0.44408471823919105,0.9163566715801084,0.247620774893256,0.14285714285714285,0,0,0,0.0,normal_diversification,0.0,1,0.2531028718822544,0.1505663817880361,0.6988672364239278,0.1505663817880361
2026-01-12,0.4454335866731034,0.9259615073027906,0.24889682223053686,0.17857142857142858,0,0,0,0.0,normal_diversification,0.0,1,0.253102871882459,0.1505663817879629,0.6988672364240741,0.1505663817879629
2026-01-13,0.45944292939791787,0.9369822952668788,0.2554131643742231,0.17857142857142858,0,0,0,0.0,normal_diversification,0.0,1,0.2531028718798135,0.1505663817889096,0.6988672364221808,0.1505663817889096
2026-01-14,0.36274418904468625,0.9196773510356947,0.2544605131573472,0.17857142857142858,0,0,0,0.0,normal_diversification,0.0,1,0.2531028711152381,0.1505663820625059,0.6988672358749881,0.150566382062506
2026-01-15,0.32999429499043736,0.923616780382009,0.26673111276656486,0.17857142857142858,0,0,0,0.0,normal_diversification,0.0,1,0.2531028711065488,0.1505663820656153,0.6988672358687693,0.1505663820656154
2026-01-16,0.3259672772129987,0.9410850199915739,0.273395124704407,0.17857142857142858,0,0,0,0.0,normal_diversification,0.0,1,0.2531028711039745,0.1505663820665365,0.6988672358669269,0.1505663820665365
2026-01-20,0.3027807731452433,0.9173294076185822,0.2810329710992148,0.14285714285714285,0,0,0,0.0,normal_diversification,0.0,1,0.1006043975892705,0.1493779566030441,0.5240803180352521,0.3265417253617038
2026-01-21,0.46349640640580464,0.9458264695602084,0.26461224831174585,0.25,0,0,0,0.0,normal_diversification,0.0,1,0.1006041993697647,0.149378082606929,0.5240800660274822,0.3265418513655887
2026-01-22,0.4733351196108448,0.9504826607259231,0.28059321187487957,0.25,0,0,0,0.0,normal_diversification,0.0,1,0.1006041995447162,0.149378082495716,0.5240800662499082,0.3265418512543757
2026-01-23,0.4740050405006138,0.9521232031512586,0.2859404799489026,0.25,0,0,0,0.0,normal_diversification,0.0,1,0.253102518308804,0.1505665083111419,0.6988669833777162,0.1505665083111419
2026-01-26,0.47398618066465265,0.9481269564666839,0.28462324911748665,0.25,0,0,0,0.0,normal_diversification,0.0,1,0.2531028675834433,0.1505663833263267,0.6988672333473465,0.1505663833263268
2026-01-27,0.4816114555462576,0.9482697737867267,0.28150971978581435,0.25,0,0,0,0.0,normal_diversification,0.0,1,0.2531028674220587,0.1505663833840767,0.6988672332318465,0.1505663833840768
2026-01-28,0.4635142897528963,0.9433087713554243,0.26910764867828935,0.21428571428571427,0,0,0,0.0,normal_diversification,0.0,1,0.2531028287909829,0.150566397207858,0.698867205584284,0.150566397207858
2026-01-29,0.4661547410874123,0.9383149570427526,0.2719574999054205,0.21428571428571427,0,0,0,0.0,normal_diversification,0.0,1,0.2530852830212072,0.1505726759252536,0.6988546481494926,0.1505726759252537
2026-01-30,0.4583108647607669,0.9342464842844829,0.2762014004537252,0.21428571428571427,0,0,0,0.0,normal_diversification,0.0,1,0.2530826651733707,0.1505736127376072,0.6988527745247856,0.1505736127376072
2026-02-02,0.4617046110091683,0.9161005925988983,0.26625295566112245,0.21428571428571427,0,0,0,0.0,normal_diversification,0.0,1,0.2530415972434322,0.1505883098508258,0.6988233802983481,0.1505883098508259
2026-02-03,0.46163646499810174,0.9251950732017226,0.2749152474819101,0.21428571428571427,0,0,0,0.0,normal_diversification,0.0,1,0.1844091316835211,0.1413448011550164,0.6386603665895717,0.219994832255412
2026-02-04,0.4660283589803651,0.9396528996250375,0.2727750536176202,0.21428571428571427,0,0,0,0.0,normal_diversification,0.0,1,0.0899283225348136,0.1407963785449343,0.459946403186303,0.3992572182687627
2026-02-05,0.4616560200890018,0.9440758604462581,0.2684759609639164,0.21428571428571427,0,0,0,0.0,normal_diversification,0.0,2,0.1382893359474374,0.1407950174751674,0.2771821737804042,0.5820228087444285
2026-02-06,0.4389762980005968,0.9534807003932598,0.30960121271490715,0.21428571428571427,0,0,0,0.0,normal_diversification,0.0,2,0.2482809424910114,0.15003045179443,0.154594384696842,0.6953751635087281
2026-02-09,0.47171324523186786,0.9689450001571331,0.32684495701312966,0.32142857142857145,0,0,1,0.3,partial_breakdown,0.06,2,0.2531028714882645,0.1505663819290218,0.1505663819290219,0.6988672361419562
2026-02-10,0.4605763646258937,0.9680706411045283,0.3276091709431474,0.32142857142857145,0,0,1,0.3,partial_breakdown,0.12,2,0.2531028714847981,0.1505663819302622,0.1505663819302623,0.6988672361394754
2026-02-11,0.4570406994644506,0.9674933339871088,0.33048735915326677,0.32142857142857145,0,0,1,0.3,partial_breakdown,0.18,2,0.25310287147907,0.150566381932312,0.1505663819323121,0.698867236135376
2026-02-12,0.4739275984329175,0.9690776382204929,0.3427086057473364,0.42857142857142855,0,0,1,0.3,partial_breakdown,0.24,2,0.2531028718734384,0.1505663817911909,0.1505663817911909,0.6988672364176182
2026-02-13,0.45825168676634764,0.9661929672171647,0.3470862712250542,0.42857142857142855,0,0,1,0.3,partial_breakdown,0.3,2,0.2531028718769047,0.1505663817899504,0.1505663817899505,0.6988672364200991
2026-02-17,0.45788280937495657,0.9681307000803865,0.3460193142362753,0.39285714285714285,0,0,1,0.3,partial_breakdown,0.3,2,0.2531028718826328,0.1505663817879007,0.1505663817879007,0.6988672364241985
2026-02-18,0.4561880318898357,0.9648761810439189,0.3469032280342286,0.39285714285714285,0,0,1,0.3,partial_breakdown,0.3,2,0.2531028718826328,0.1505663817879007,0.1505663817879007,0.6988672364241985
2026-02-19,0.5078388371437347,0.968390539366774,0.27109835085782713,0.2857142857142857,0,0,0,0.0,normal_diversification,0.24,2,0.2531028718826328,0.1505663817879007,0.1505663817879007,0.6988672364241985
2026-02-20,0.521456664184494,0.9668750702820762,0.255343337715689,0.25,0,0,0,0.0,normal_diversification,0.18,2,0.2531028718826247,0.1505663817879036,0.1505663817879037,0.6988672364241927
2026-02-23,0.5344158384100108,0.9677018571327399,0.25058361420149505,0.2857142857142857,1,0,0,0.4,partial_breakdown,0.2,2,0.2531028718826077,0.1505663817879097,0.1505663817879098,0.6988672364241806
2026-02-24,0.5344727689910195,0.9686598869938932,0.26770184249672363,0.32142857142857145,1,0,1,0.7,severe_collapse,0.27999999999999997,2,0.2531028716790952,0.1505663818607348,0.1505663818607349,0.6988672362785304
2026-02-25,0.5292149212324352,0.9696462620557312,0.27023846946646785,0.2857142857142857,1,0,0,0.4,partial_breakdown,0.3,2,0.1776816223294245,0.1407879973607029,0.2278896885087039,0.6313223141305931
2026-02-26,0.5398317155887851,0.9664034370383033,0.2896910343641507,0.42857142857142855,1,0,1,0.7,severe_collapse,0.44000000000000006,2,0.1383616562029418,0.1316666723913674,0.295885149581223,0.5724481780274097
2026-02-27,0.5363652957622576,0.9665279033298468,0.2914756269842954,0.39285714285714285,1,0,1,0.7,severe_collapse,0.58,2,0.1381669350784868,0.1317671672078533,0.2959856443977088,0.572247188394438
2026-03-02,0.5405090124990432,0.9626505178992177,0.290847396335901,0.42857142857142855,1,0,1,0.7,severe_collapse,0.64,2,0.2530885965891176,0.150571490153142,0.1505714901531421,0.6988570196937158
2026-03-03,0.540676966321935,0.9722228196376249,0.276697105296416,0.35714285714285715,1,0,1,0.7,severe_collapse,0.6399999999999999,2,0.2531008674620226,0.1505670990532505,0.1505670990532506,0.6988658018934988
2026-03-04,0.5543721632622353,0.970608463532237,0.24008325283077955,0.32142857142857145,1,0,1,0.7,severe_collapse,0.7,2,0.1248318827792226,0.1435723429799426,0.2928153627306882,0.5636122942893692
2026-03-05,0.6033969277980861,0.972249583590994,0.19625216519414151,0.39285714285714285,1,0,1,0.7,severe_collapse,0.7,2,0.1247312309682158,0.1436270334882622,0.2928700532390078,0.56350291327273
2026-03-06,0.6079399088084553,0.9718914981081708,0.20969825154020896,0.4642857142857143,1,0,1,0.7,severe_collapse,0.7,2,0.1247312432427224,0.1436270268171682,0.2928700465679138,0.5635029266149181
2026-03-09,0.5275202351433571,0.9703193995189244,0.2810538081002042,0.42857142857142855,1,0,1,0.7,severe_collapse,0.7,2,0.2531028713015322,0.1505663819958423,0.1505663819958423,0.6988672360083154
2026-03-10,0.46528994727564094,0.9727574514816456,0.31410145735943806,0.25,0,0,0,0.0,normal_diversification,0.5599999999999999,2,0.2531028445440937,0.1505663915707495,0.1505663915707496,0.698867216858501
2026-03-11,0.46939373767128184,0.9715682816585294,0.31750086731848653,0.25,0,0,0,0.0,normal_diversification,0.42000000000000004,2,0.2530988848332187,0.150567808523716,0.1505678085237161,0.6988643829525679
2026-03-12,0.4619341147531956,0.9725892479490665,0.3277847540211753,0.25,0,0,0,0.0,normal_diversification,0.27999999999999997,2,0.253098885414314,0.1505678083157745,0.1505678083157745,0.698864383368451
2026-03-13,0.4671518220874809,0.9754725665316022,0.3222389605144273,0.25,0,0,0,0.0,normal_diversification,0.14,2,0.2530989121715171,0.1505677987408674,0.1505677987408675,0.698864402518265
2026-03-16,0.4412552138841291,0.9710467792606139,0.34367901688396174,0.25,0,0,0,0.0,normal_diversification,0.0,2,0.2531022413839086,0.150566607406315,0.1505666074063151,0.6988667851873699
2026-03-17,0.45599293443025896,0.9701527806659078,0.34838608459397136,0.25,0,0,0,0.0,normal_diversification,0.0,2,0.2531002061841314,0.1505673356867775,0.1505673356867776,0.6988653286264448
2026-03-18,0.4619827253577634,0.97525463760916,0.3398519937022269,0.25,0,0,0,0.0,normal_diversification,0.0,2,0.2531002061010236,0.1505673357165171,0.1505673357165172,0.6988653285669657
2026-03-19,0.5035705328550949,0.9751257686170204,0.33371327130127165,0.4642857142857143,0,0,1,0.3,partial_breakdown,0.06000000000000002,2,0.2531008365152408,0.1505671101273256,0.1505671101273257,0.6988657797453487
2026-03-20,0.5009243394381563,0.9754519736944682,0.328066758434272,0.4642857142857143,0,0,1,0.3,partial_breakdown,0.12000000000000002,2,0.2531028717178621,0.1505663818468623,0.1505663818468624,0.6988672363062752
2026-03-23,0.5106566774923081,0.977744805855282,0.3082612354427654,0.2857142857142857,0,0,0,0.0,normal_diversification,0.12000000000000002,2,0.2531028718825971,0.1505663817879134,0.1505663817879135,0.698867236424173
2026-03-24,0.5290675267808361,0.975791675895154,0.2919829207369515,0.25,1,0,0,0.4,partial_breakdown,0.2,2,0.2531028718825971,0.1505663817879134,0.1505663817879135,0.698867236424173
2026-03-25,0.5413665868602026,0.9712100382416422,0.29364720689145757,0.4642857142857143,1,0,1,0.7,severe_collapse,0.34,2,0.253102871877089,0.1505663817898845,0.1505663817898846,0.698867236420231
2026-03-26,0.5458092295401328,0.9700523674586615,0.2729255717544943,0.32142857142857145,1,0,1,0.7,severe_collapse,0.42000000000000004,2,0.2531028718771243,0.1505663817898718,0.1505663817898719,0.6988672364202563
2026-03-27,0.5836385926765001,0.9810227829642528,0.2485600078181983,0.4642857142857143,1,0,1,0.7,severe_collapse,0.5,2,0.2531028718771245,0.1505663817898718,0.1505663817898718,0.6988672364202564
2026-03-30,0.5740231687108291,0.98339622620406,0.28084094709739754,0.4642857142857143,1,0,1,0.7,severe_collapse,0.64,2,0.2531028718826328,0.1505663817879007,0.1505663817879007,0.6988672364241985
2026-03-31,0.5861230954953243,0.9797084013907039,0.27539585252786364,0.5357142857142857,1,0,1,0.7,severe_collapse,0.7,2,0.2531028718826327,0.1505663817879007,0.1505663817879008,0.6988672364241985
2026-04-01,0.592627471331765,0.9856942156387184,0.25140978806566355,0.5,1,1,1,1.0,severe_collapse,0.76,2,0.2531028718822093,0.1505663817880522,0.1505663817880523,0.6988672364238955
2026-04-02,0.595078169137297,0.9894722467405542,0.24623829951352885,0.42857142857142855,1,1,1,1.0,severe_collapse,0.82,2,0.2531028718781803,0.1505663817894939,0.150566381789494,0.6988672364210121
2026-04-06,0.5806899232668974,0.9909739033125574,0.25489910003646815,0.32142857142857145,1,1,1,1.0,severe_collapse,0.8800000000000001,2,0.2531028718712518,0.1505663817919733,0.1505663817919733,0.6988672364160534
2026-04-07,0.5937332000551502,0.9906833018501929,0.2354707585007002,0.2857142857142857,1,1,0,0.7,severe_collapse,0.8799999999999999,2,0.2531023653980806,0.1505665630289112,0.1505665630289112,0.6988668739421776
2026-04-08,0.5608472841694337,0.9911836876090842,0.2405779050607081,0.25,1,1,0,0.7,severe_collapse,0.8800000000000001,2,0.144313595966169,0.1409501510869346,0.2682488976795991,0.5908009512334663
2026-04-09,0.5282397948517987,0.9934233417635259,0.2504775062118021,0.25,1,1,0,0.7,severe_collapse,0.82,1,0.0887699103854655,0.1409753134853301,0.4509655244255862,0.4080591620890838
2026-04-10,0.5351783818175324,0.9937403919975724,0.24859680052229957,0.25,1,1,0,0.7,severe_collapse,0.76,1,0.1798524787822188,0.1409752032598962,0.6337321527030516,0.2252926440370521
2026-04-13,0.5359637354981296,0.9927131667782042,0.24461301161092558,0.25,1,1,0,0.7,severe_collapse,0.7,1,0.2531024868494634,0.1505665195685911,0.6988669608628176,0.1505665195685912
2026-04-14,0.5318890788951992,0.9927071933096003,0.24830328654356587,0.25,1,1,0,0.7,severe_collapse,0.7,1,0.2531025072591124,0.150566512265177,0.6988669754696459,0.1505665122651771
2026-04-15,0.513222975208235,0.9915400114876883,0.26384425024374136,0.25,0,1,0,0.3,partial_breakdown,0.6199999999999999,1,0.2531028424566989,0.1505663923177049,0.6988672153645901,0.150566392317705
2026-04-16,0.5105992031003873,0.9899057545530482,0.26012544802825005,0.25,0,1,0,0.3,partial_breakdown,0.5399999999999999,1,0.2531028616800196,0.1505663854388134,0.6988672291223731,0.1505663854388135
2026-04-17,0.4614384382858476,0.989984846125153,0.28696651284760066,0.25,0,1,0,0.3,partial_breakdown,0.45999999999999996,1,0.2531028718769139,0.1505663817899472,0.6988672364201056,0.1505663817899473
2026-04-20,0.4802092097085889,0.9896792989145626,0.27883909379511734,0.25,0,1,0,0.3,partial_breakdown,0.38,1,0.2531028718826326,0.1505663817879008,0.6988672364241983,0.1505663817879009
2026-04-21,0.4418939844674878,0.9883631863390149,0.29077548767497946,0.25,0,1,0,0.3,partial_breakdown,0.3,1,0.2531028718826323,0.1505663817879008,0.6988672364241981,0.1505663817879009
2026-04-22,0.4609164196612949,0.9865156062529311,0.2781062523510926,0.25,0,1,0,0.3,partial_breakdown,0.3,1,0.2531028718826325,0.1505663817879008,0.6988672364241982,0.1505663817879009
2026-04-23,0.45958959529760335,0.9856593865903807,0.27758442059335725,0.25,0,1,0,0.3,partial_breakdown,0.3,1,0.2531028718826323,0.1505663817879008,0.6988672364241982,0.1505663817879009
2026-04-24,0.46810877530690137,0.9859028001354515,0.2746856356604619,0.25,0,1,0,0.3,partial_breakdown,0.3,1,0.2531028718826326,0.1505663817879007,0.6988672364241985,0.1505663817879008
2026-04-27,0.36633413718235924,0.9713508669425928,0.32139554697988815,0.25,0,0,0,0.0,normal_diversification,0.24,1,0.2531028718826326,0.1505663817879007,0.6988672364241985,0.1505663817879008
2026-04-28,0.397646264003753,0.9614579577827888,0.3329818172596773,0.32142857142857145,0,0,1,0.3,partial_breakdown,0.24,1,0.2531028718826319,0.150566381787901,0.6988672364241979,0.1505663817879011
2026-04-29,0.43316573090090177,0.961565988881746,0.31502679677150575,0.32142857142857145,0,0,1,0.3,partial_breakdown,0.24,1,0.2531028718826235,0.150566381787904,0.6988672364241918,0.1505663817879041
2026-04-30,0.41750983293501903,0.9414644443957959,0.29838921783304984,0.21428571428571427,0,0,0,0.0,normal_diversification,0.18,1,0.2531028718826232,0.1505663817879041,0.6988672364241917,0.1505663817879042
2026-05-01,0.4184235912080211,0.9536383284181364,0.29957250056691925,0.17857142857142858,0,0,0,0.0,normal_diversification,0.12,1,0.2531028718826238,0.1505663817879039,0.6988672364241921,0.150566381787904
2026-05-04,0.4375921405871793,0.944658205104429,0.2942477488374736,0.17857142857142858,0,0,0,0.0,normal_diversification,0.12,1,0.2531028718826243,0.1505663817879036,0.6988672364241926,0.1505663817879038
2026-05-05,0.45346241597064224,0.9446753243365429,0.3017839996055647,0.21428571428571427,0,0,0,0.0,normal_diversification,0.06,1,0.2531028718826227,0.1505663817879043,0.6988672364241912,0.1505663817879044
2026-05-06,0.44859132797052836,0.9319945865943537,0.32538613403877953,0.25,0,0,0,0.0,normal_diversification,0.0,1,0.2531028718826227,0.1505663817879043,0.6988672364241912,0.1505663817879044
2026-05-07,0.46664709572081187,0.9233591437596665,0.2870601413812015,0.25,0,0,0,0.0,normal_diversification,0.0,1,0.2531028718826276,0.1505663817879025,0.6988672364241948,0.1505663817879026
2026-05-08,0.4836001760381499,0.9310724974084683,0.2720632939457355,0.25,0,0,0,0.0,normal_diversification,0.0,1,0.2531028718826286,0.1505663817879021,0.6988672364241956,0.1505663817879022
2026-05-11,0.4822310593422708,0.92796932944894,0.2652701293005705,0.2857142857142857,0,0,0,0.0,normal_diversification,0.0,1,0.2531028718826319,0.150566381787901,0.6988672364241979,0.1505663817879011
2026-05-12,0.4772542687101587,0.9081258730216858,0.26368561656785544,0.21428571428571427,0,0,0,0.0,normal_diversification,0.0,1,0.2531028718826316,0.1505663817879011,0.6988672364241977,0.1505663817879012
2026-05-13,0.49659298736053753,0.9128343288594843,0.23196691689358398,0.21428571428571427,0,0,0,0.0,normal_diversification,0.0,1,0.2531028718826316,0.1505663817879011,0.6988672364241977,0.1505663817879012
2026-05-14,0.5043743372676527,0.9059340658243045,0.2350996604866788,0.25,0,0,0,0.0,normal_diversification,0.0,1,0.2531028718826316,0.1505663817879011,0.6988672364241977,0.1505663817879012
2026-05-15,0.5046704745058265,0.9052401668052024,0.23772011971976761,0.25,0,0,0,0.0,normal_diversification,0.0,1,0.2531028718826217,0.1505663817879046,0.6988672364241906,0.1505663817879048
