asset,weight,scaled_weight,instability_score,target_exposure
BTC-USD,0.0032160906438461,0.002022770071846457,0.3710469337308726,0.6289530662691274
DIA,0.0817861329315062,0.051439639085565286,0.3710469337308726,0.6289530662691274
ETH-USD,4.235106453669169e-19,2.6636831900113936e-19,0.3710469337308726,0.6289530662691274
GLD,0.057542409407565,0.03619147483740149,0.3710469337308726,0.6289530662691274
QQQ,0.0136595389515258,0.008591208907384733,0.3710469337308726,0.6289530662691274
SPY,0.342158879677122,0.2152018765241353,0.3710469337308726,0.6289530662691274
TLT,0.3857454241127724,0.2426157672950132,0.3710469337308726,0.6289530662691274
VIX,0.1158915242756623,0.07289032954778081,0.3710469337308726,0.6289530662691274
CASH_RESERVE,0.0,0.3710469337308727,0.3710469337308726,0.6289530662691274
