Date,state_0_probability,state_1_probability,state_2_probability
2024-06-07,3.191292881869369e-102,5.098346550843979e-170,1.0
2024-06-08,4.1012436782018977e-08,3.71084658641533e-70,0.9999999589872468
2024-06-09,2.462234067572094e-08,3.642641007898901e-15,0.9999999753772503
2024-06-10,8.663152337143295e-09,1.5627656975325172e-15,0.999999991337063
2024-06-11,2.928780616508274e-09,3.459736361660449e-16,0.9999999970714271
2024-06-12,7.883489661110804e-10,2.2074287546369798e-16,0.9999999992114681
2024-06-13,2.411383029009617e-09,5.496786954285977e-17,0.9999999975889295
2024-06-14,2.4915654857281137e-09,1.3304674081761346e-16,0.9999999975079845
2024-06-15,2.469139380332707e-09,1.340647909597453e-16,0.9999999975307219
2024-06-16,2.4332390526004378e-09,1.2838116709075643e-16,0.9999999975671017
2024-06-17,3.3026846422173863e-09,1.7718664458232548e-16,0.9999999966976247
2024-06-18,7.462810236438535e-09,1.4984572133829773e-15,0.999999992537596
2024-06-19,9.641558556530731e-10,1.5994110932816583e-14,0.9999999990359356
2024-06-20,3.368805037745283e-10,2.771023104567852e-16,0.999999999663487
2024-06-21,4.860469501366878e-10,7.147763162344964e-17,0.9999999995143298
2024-06-22,4.854905747713066e-10,1.0252024384888185e-16,0.9999999995143298
2024-06-23,2.0043903619006524e-10,6.994096565395861e-17,0.9999999997999112
2024-06-24,3.411532683199822e-10,1.1832022183209938e-17,0.9999999996589395
2024-06-25,3.4239774466548336e-10,4.946484564720807e-17,0.99999999965803
2024-06-26,2.789180879392593e-10,9.083286131307375e-17,0.9999999997207851
2024-06-27,2.6725375823670827e-10,7.517665647726135e-17,0.9999999997326086
2024-06-28,2.1965954272088974e-10,5.437295915027032e-17,0.9999999997799023
2024-06-29,2.2380958043734248e-10,4.531036674627667e-17,0.9999999997762643
2024-06-30,5.767562711041847e-10,4.6229503222938516e-17,0.9999999994233804
2024-07-01,3.07993422530857e-10,3.0673851364715635e-16,0.9999999996916813
2024-07-02,3.3240528055166005e-10,2.1816955495132843e-16,0.9999999996680344
2024-07-03,2.418107262572978e-10,2.5260380134552845e-16,0.9999999997580744
2024-07-04,5.632767145140227e-10,4.117070227898758e-16,0.9999999994370228
2024-07-05,2.5894897012772944e-10,5.330616424933178e-16,0.999999999740794
2024-07-06,3.476893170656245e-10,3.0907951551196715e-16,0.999999999652573
2024-07-07,9.055929082017547e-10,4.3064770321930554e-16,0.9999999990941433
2024-07-08,1.1289482148271502e-09,1.684281374033218e-15,0.9999999988713171
2024-07-09,1.1974754530095807e-09,2.9320218661702483e-15,0.9999999988021955
2024-07-10,3.485448670260852e-10,2.0153987943627102e-15,0.9999999996516635
2024-07-11,5.80447665028395e-09,1.2032177828302255e-16,0.9999999941956048
2024-07-12,4.711075352139506e-09,2.929139385283252e-15,0.9999999952888174
2024-07-13,5.677914999334607e-09,2.7652556156414373e-15,0.9999999943220246
2024-07-14,1.2069285064442629e-09,4.294787032405352e-15,0.9999999987931005
2024-07-15,3.0955668347899854e-09,2.306312829863525e-15,0.99999999690408
2024-07-16,5.00891023427867e-09,2.490260954877448e-15,0.9999999949914127
2024-07-17,2.261025110928009e-06,6.608865982163323e-15,0.9999977389750806
2024-07-18,9.689313666688289e-06,2.2926777682138844e-12,0.9999903106842002
2024-07-19,0.00021825178050509465,2.6107775022130092e-11,0.999781748193343
2024-07-20,0.0015026596510827734,1.9316808850183254e-10,0.9984973401553465
2024-07-21,0.016530454212699077,3.0337436618127933e-10,0.9834695454835003
2024-07-22,0.043000638726457506,9.863308244835846e-10,0.9569993602871116
2024-07-23,0.22527932846990584,4.133732618885613e-15,0.7747206715297976
2024-07-24,0.9999958003369976,4.460158750661068e-17,4.199662553278659e-06
2024-07-25,0.9999999999727152,2.200267951167563e-15,2.6887597908260148e-11
2024-07-26,0.999999999562533,4.616315566204323e-15,4.3760006893406567e-10
2024-07-27,0.9999999991214281,4.394297991899553e-15,8.786463043111251e-10
2024-07-28,0.9999999992714947,2.132941887518591e-15,7.285516618666657e-10
2024-07-29,0.9999999997116902,5.415474485843572e-18,2.8873376106778124e-10
2024-07-30,0.9999999999990905,9.963037452915114e-15,6.858740204555417e-13
2024-07-31,0.9999999984411261,1.1414193233793943e-19,1.5591702308173275e-09
2024-08-01,1.0,8.032037374188517e-24,1.669388572653575e-14
2024-08-02,1.0,2.171220122111919e-23,6.435505110170818e-24
2024-08-03,1.0,5.998512740992993e-23,5.879187262429979e-24
2024-08-04,1.0,3.3922400035455523e-20,6.950590068520405e-25
2024-08-05,1.0,2.663646197539344e-17,3.6133087137864804e-53
2024-08-06,1.0,6.523787009121921e-19,3.292960855814493e-30
2024-08-07,1.0,2.327901627276157e-20,5.608412021373834e-32
2024-08-08,1.0,3.8259505756090945e-22,5.98444142611262e-29
2024-08-09,1.0,9.278596352477236e-23,3.85075414166408e-27
2024-08-10,1.0,1.0146671616915386e-22,3.658042416925562e-27
2024-08-11,1.0,5.632997880549151e-23,1.0737798124397635e-28
2024-08-12,1.0,1.399406002895082e-22,9.892778715350915e-29
2024-08-13,1.0,2.812267071514475e-20,2.647661280046521e-21
2024-08-14,1.0,7.279164083043953e-17,1.062245993120008e-19
2024-08-15,1.0,1.0766110986778724e-13,4.3263596608245113e-19
2024-08-16,0.9999999999936335,6.43464459039745e-12,3.2863084470720114e-19
2024-08-17,0.9999999996371116,3.6320953656116447e-10,3.4332294634084256e-19
2024-08-18,0.9999999786923583,2.1307801935318196e-08,5.847186897519484e-19
2024-08-19,0.9999989906032717,1.0093963339452716e-06,5.794581187365408e-18
2024-08-20,0.9999937853346935,6.214665717607918e-06,2.5125525588257496e-17
2024-08-21,0.9972262253253479,0.0027737746747505438,1.462152515544689e-14
2024-08-22,0.7380551177337668,0.2619448822626874,3.957381231676731e-12
2024-08-23,0.21947450067799457,0.7805254993221679,2.3751280384126164e-13
2024-08-24,0.04506322363430431,0.9549367763658413,6.944701324513789e-17
2024-08-25,3.2842523933807515e-06,0.9999967157472655,2.3158672566143385e-13
2024-08-26,1.1257803366484445e-07,0.9999998787016084,8.720024506792421e-09
2024-08-27,1.9511978819250686e-08,0.9999770015518025,2.2978936333456322e-05
2024-08-28,1.057688022435726e-10,0.0009494171451971608,0.9990505827490626
2024-08-29,7.536673408572952e-07,4.2774796840024095e-07,0.9999988185843607
2024-08-30,8.786428939356033e-07,4.49755275284927e-09,0.9999991168592067
2024-08-31,5.154445470151231e-07,1.4519260701606943e-10,0.9999994844103149
2024-09-01,7.613104729628427e-07,7.315263337032566e-11,0.9999992386168003
2024-09-02,0.00010410220030051095,3.4009044680403354e-14,0.9998958977996741
2024-09-03,0.9530050614287793,6.30926839636387e-15,0.04699493857162689
2024-09-04,0.99984144866313,6.183703448363879e-12,0.00015855133042679033
2024-09-05,0.9999975460771662,7.421987895869252e-18,2.4539232749386237e-06
2024-09-06,0.999999999996362,3.3879579604362664e-18,3.997825497774307e-12
2024-09-07,0.999999999996362,4.4538535099138935e-19,3.411266348168989e-12
2024-09-08,1.0,2.1527830756384811e-16,4.361912531192877e-13
2024-09-09,0.9999999998772182,1.92332309937671e-16,1.2302613689303164e-10
2024-09-10,0.9999999997871782,5.660619814067725e-14,2.1260388646460068e-10
2024-09-11,0.9999999353322003,9.36667651975176e-13,6.466714655844657e-08
2024-09-12,0.9999993017647903,3.340481833743075e-12,6.982321999532612e-07
2024-09-13,0.9999990023430175,3.745022645022166e-12,9.976534095485795e-07
2024-09-14,0.9999990254459791,1.2471429070853657e-11,9.745414349613954e-07
2024-09-15,0.9999967557257936,5.674184108747006e-12,3.244268116094946e-06
2024-09-16,0.999998736253363,2.5418281657669334e-11,1.2637211832038899e-06
2024-09-17,0.9999897073068872,2.437869439619488e-11,1.02926685111607e-05
2024-09-18,0.9999947177478493,1.1933708053029463e-11,5.282240365800339e-06
2024-09-19,0.9999975606717919,3.242956309689198e-11,2.4392960355457994e-06
2024-09-20,0.9999976022692505,5.756207113535906e-10,2.3971551912089244e-06
2024-09-21,0.9999694001460511,1.1452490114906897e-07,3.0485328677207782e-05
2024-09-22,0.9942987933241038,1.815610565046888e-05,0.005683050570626344
2024-09-23,0.0030114102178166982,7.2481260087260246e-06,0.9969813416557222
2024-09-24,4.647756366980434e-06,8.067365772051608e-08,0.9999952715700524
2024-09-25,5.288656252372502e-07,3.867206151611037e-10,0.9999994707478926
2024-09-26,5.577888882200247e-09,6.778971295803222e-10,0.9999999937444954
2024-09-27,6.805888958641091e-09,1.3285714015987094e-11,0.9999999931806087
2024-09-28,6.000131034160863e-09,2.1035769312637667e-12,0.999999993997335
2024-09-29,1.5556075459305268e-09,4.838117711944052e-14,0.9999999984447641
2024-09-30,2.029415745880347e-09,2.1345048931368294e-14,0.9999999979709173
2024-10-01,2.746528590546759e-08,1.5648584242362103e-15,0.9999999725350793
2024-10-02,2.9188972707092022e-08,1.0937609225577378e-14,0.9999999708106775
2024-10-03,1.8961424903774794e-07,6.185288644110837e-14,0.9999998103858341
2024-10-04,6.518778029419597e-08,5.625072934303264e-13,0.9999999348119694
2024-10-05,6.593347664403923e-08,1.9773940720606267e-13,0.9999999340661838
2024-10-06,8.395822375306013e-08,4.1933105248666465e-13,0.9999999160409097
2024-10-07,2.1744855173188123e-05,2.2370080005507097e-11,0.9999782551221417
2024-10-08,1.467102833735458e-06,1.152170946668803e-09,0.9999985317446637
2024-10-09,2.5870871604645014e-07,1.3900576194672585e-11,0.9999997412769851
2024-10-10,3.316874948405699e-07,3.016032712206274e-12,0.9999996683091562
2024-10-11,2.351278737081147e-07,6.72675988969552e-12,0.9999997648656339
2024-10-12,2.8416301925204203e-07,5.873072455515267e-12,0.9999997158311493
2024-10-13,4.084288868469367e-07,6.262362958640163e-12,0.9999995915651122
2024-10-14,4.7554744589873705e-07,1.0976921663318216e-11,0.9999995244417045
2024-10-15,5.140787474128975e-06,8.495729178264894e-12,0.9999948592044611
2024-10-16,2.3828240893630645e-06,3.7808832293174485e-11,0.9999976171385438
2024-10-17,1.3703355667959334e-06,5.471289049057778e-11,0.9999986296097927
2024-10-18,4.5009953078281745e-07,2.055428496575057e-11,0.9999995498802594
2024-10-19,4.6866317026630946e-07,7.13097856743441e-12,0.9999995313293045
2024-10-20,3.9421423787090773e-07,3.360595597602642e-12,0.9999996057823277
2024-10-21,1.4213647183231634e-07,4.143209764555233e-11,0.9999998578223414
2024-10-22,7.179928760917028e-08,4.502008818762445e-12,0.9999999281963053
2024-10-23,1.0707268080639286e-06,1.5124344486330683e-12,0.9999989292715602
2024-10-24,7.047558279899293e-07,4.452368403054963e-12,0.9999992952400799
2024-10-25,2.2036973888177667e-06,1.350374175622949e-11,0.9999977962894898
2024-10-26,2.2858860071491e-06,4.445002505983384e-11,0.9999977140695343
2024-10-27,2.1964248944569278e-07,2.8487668271765684e-11,0.9999997803288593
2024-10-28,2.0102666046578403e-07,2.707382907625014e-12,0.9999997989707683
2024-10-29,5.894465023480671e-07,1.3253097628093252e-12,0.9999994105521101
2024-10-30,0.0013627310286085691,3.827312421795441e-15,0.998637268971558
2024-10-31,0.9984589277555779,1.3412480439801915e-12,0.001541072243469117
2024-11-01,0.9999448522403511,1.279887723781191e-09,5.514647983497246e-05
2024-11-02,0.9999835806676972,5.497732839964452e-10,1.64187823824674e-05
2024-11-03,0.9999941038860123,1.1541367551281585e-08,5.8845723718994425e-06
2024-11-04,0.9998869113727578,1.3772369180540944e-07,0.00011295090385842006
2024-11-05,0.9992097337080288,2.7219049105706164e-08,0.0007902390729399908
2024-11-06,0.9996235372284654,1.4678430901785517e-07,0.00037631598751686955
2024-11-07,0.9995427816027227,3.1742530243457074e-07,0.0004569009722627567
2024-11-08,0.9993569837751701,2.3472326790412696e-07,0.000642781501392179
2024-11-09,0.9993224724847983,1.1772329766559663e-07,0.0006774097919553168
2024-11-10,0.9996017644560015,1.57688577443583e-09,0.00039823396691090346
2024-11-11,0.9999869508125029,5.743808142017208e-09,1.3043443520620602e-05
2024-11-12,0.9998898928602095,2.9306079831793266e-08,0.0001100778340943245
2024-11-13,0.9999400342985044,5.493161043326638e-09,5.996020855090335e-05
2024-11-14,0.9999886597713153,1.4755612529744348e-12,1.1340226822764899e-05
2024-11-15,0.9999999681058404,1.1496145407510685e-13,3.189361548018693e-08
2024-11-16,0.9999999701640268,7.674550731590923e-14,2.983577249876205e-08
2024-11-17,0.999999978487722,4.478391313975041e-13,2.151228147368206e-08
2024-11-18,0.9999999165374936,2.15470168771064e-09,8.130736530103509e-08
2024-11-19,0.9997281257827962,5.55984667473168e-06,0.0002663143701873295
2024-11-20,0.4409447154836836,0.00030377096632985736,0.5587515135499556
2024-11-21,0.12547582077318817,6.16724582665154e-05,0.8744625067682337
2024-11-22,0.015851441699695146,2.0851429258974765e-05,0.9841277068714114
2024-11-23,0.00197746907899444,2.7343137537618266e-06,0.9980197966074815
2024-11-24,0.00025047202478497253,1.0347442163548222e-06,0.999748493230978
2024-11-25,0.00035223702532999926,1.4010136751105379e-08,0.9996477489641258
2024-11-26,4.429662419933417e-06,2.1895176497321846e-10,0.9999955701185066
2024-11-27,3.2623110280896295e-05,1.8326364239903016e-11,0.9999673768717007
2024-11-28,3.0268352198640832e-05,2.2150874856924708e-10,0.9999697314266897
2024-11-29,1.494251553681511e-05,8.640226975766992e-11,0.9999850573983635
2024-11-30,9.799835986415066e-06,3.3450672384024304e-11,0.9999902001307396
2024-12-01,3.970438405663105e-07,2.6369424825961923e-12,0.9999996029538003
2024-12-02,5.122695292973761e-07,7.963234336629573e-14,0.9999994877299689
2024-12-03,3.3213891500243923e-07,8.698588019672274e-14,0.9999996678607755
2024-12-04,3.4028899406674875e-08,2.3674920962469714e-14,0.9999999659712563
2024-12-05,8.14178696149337e-10,2.68473501744783e-14,0.9999999991860022
2024-12-06,1.1618601894644994e-09,1.8366228371756186e-15,0.9999999988385753
2024-12-07,1.0870672252461162e-09,2.574349880582211e-15,0.9999999989131538
2024-12-08,1.4614901723052912e-09,1.4678737606606517e-15,0.999999998538442
2024-12-09,2.0576507559564387e-09,3.585203118789213e-16,0.999999997942723
2024-12-10,2.648408529134433e-09,3.9518287212850737e-16,0.9999999973515514
2024-12-11,1.9269746556456283e-09,5.5410708710245e-16,0.9999999980727807
2024-12-12,5.1746557724944905e-09,2.6373733906464813e-16,0.9999999948249751
2024-12-13,4.002433171409926e-09,1.116555454077824e-15,0.9999999959973138
2024-12-14,4.0086186456623754e-09,8.832399915460935e-16,0.9999999959909474
2024-12-15,1.2818010012641265e-09,1.4094139134844277e-15,0.999999998718522
2024-12-16,1.6244989365562177e-09,4.134151976549877e-16,0.9999999983756425
2024-12-17,2.1270865629068564e-06,9.634148787117538e-23,0.9999978729133431
2024-12-18,0.9999999506753751,3.581066803273055e-18,4.932484128104206e-08
2024-12-19,0.9999999976444087,1.9101234035208498e-10,2.164845848390173e-09
2024-12-20,0.9999943954428713,2.2133885264328315e-10,5.604335446590922e-06
2024-12-21,0.9999946584045447,1.2242100607904538e-10,5.341472844060506e-06
2024-12-22,0.9999969488218249,3.456016119050373e-10,3.0508322539652335e-06
2024-12-23,0.9999884169190046,5.581302927828363e-10,1.1582522440362803e-05
2024-12-24,0.9999888358938921,2.4269654636100197e-09,1.1161679215445247e-05
2024-12-25,0.99998019845458,2.157564322823285e-09,1.979938797603996e-05
2024-12-26,0.9999886107128192,1.683968079761449e-11,1.1389269886717047e-05
2024-12-27,0.9999998681560187,5.251698651775689e-12,1.3183845067098695e-07
2024-12-28,0.9999998752073302,4.60754069422648e-11,1.247469448349435e-07
2024-12-29,0.9999988714277608,1.1973405337513083e-12,1.1285710402851694e-06
2024-12-30,0.9999999753135856,2.9041726632518506e-14,2.468679467389772e-08
2024-12-31,0.9999999975116225,1.0858122461185455e-13,2.4882476850305183e-09
2025-01-01,0.9999999799647414,3.167105797333514e-14,2.0035604296391596e-08
2025-01-02,0.9999999949586709,2.8583542526966997e-13,5.041147255411852e-09
2025-01-03,0.9999999496521935,7.36391264038132e-13,5.034678304587781e-08
2025-01-04,0.9999999379897436,9.72350442084696e-12,6.200038519376178e-08
2025-01-05,0.999999954417036,1.3741423356885043e-08,3.184158927478028e-08
2025-01-06,0.999717136404121,2.04918982292182e-05,0.00026237169736953897
2025-01-07,0.03150869279322319,5.043946283770597e-06,0.9684862632601251
2025-01-08,0.009533117848509878,3.081441062402135e-08,0.9904668513371815
2025-01-09,0.037402150765157814,1.3258625329586974e-11,0.962597849221359
2025-01-10,0.974071051879869,1.3343629517731785e-11,0.02592894810643998
2025-01-11,0.9992219843883999,8.002422660444757e-11,0.0007780155311639134
2025-01-12,0.9999906109164513,1.531459225286869e-11,9.389068407190476e-06
2025-01-13,0.9999989091344598,2.763705377964757e-10,1.0905888371050059e-06
2025-01-14,0.9999918814639704,6.805726329037576e-08,8.050478322698203e-06
2025-01-15,0.9973774728305063,9.693872890195372e-07,0.002621557782297793
2025-01-16,0.904134705612765,3.036301782716581e-06,0.09586225808578659
2025-01-17,0.6623856808765344,6.350349954393989e-06,0.33760796877354055
2025-01-18,0.3536339156470195,7.302543169431913e-06,0.6463587818098834
2025-01-19,0.011145584151562719,1.3872282373160166e-06,0.9888530286198921
2025-01-20,0.00013595807562922021,2.3428360533679106e-08,0.9998640184962274
2025-01-21,8.31964651406676e-06,5.689708950777826e-10,0.9999916797842685
2025-01-22,3.6829326454732187e-06,1.3966244635794348e-10,0.9999963169279522
2025-01-23,1.7504921254586727e-06,1.1416995030659236e-11,0.9999982494961701
2025-01-24,3.454979148489625e-06,4.698270600806083e-12,0.9999965450165859
2025-01-25,3.3933710261385586e-06,9.027184143989056e-12,0.999996606620089
2025-01-26,7.538716709457633e-06,4.20398008492428e-12,0.9999924612786745
2025-01-27,0.0004034095223772402,3.469101577866575e-11,0.9995965904426419
2025-01-28,0.00015858789652074587,2.275914253429155e-09,0.9998414098274989
2025-01-29,0.00016118830541384687,9.447568034835741e-10,0.999838810749931
2025-01-30,1.8477081623535334e-06,2.003614256465758e-10,0.9999981520912818
2025-01-31,2.350500613957276e-06,2.417292632069749e-12,0.9999976494973792
2025-02-01,2.4819497208114197e-06,3.1745082344586994e-12,0.9999975180475181
2025-02-02,3.563551423166431e-06,3.855547903191334e-12,0.9999964364451274
2025-02-03,0.00010584942606635193,1.9271516430883287e-11,0.9998941505545705
2025-02-04,6.586490443736918e-06,4.704333708802495e-11,0.9999934134628801
2025-02-05,2.5246141707355205e-06,1.7753129661773725e-12,0.999997475384138
2025-02-06,1.1361418438284078e-06,2.6564188351816584e-13,0.9999988638580449
2025-02-07,1.8311459034698498e-05,5.983938948380831e-13,0.999981688540484
2025-02-08,1.5388397987750617e-05,8.277643221256244e-12,0.999984611593559
2025-02-09,1.4777287365797622e-05,6.8473388234240225e-12,0.999985222705664
2025-02-10,4.294047421277406e-06,4.4487738925904025e-12,0.9999957059482194
2025-02-11,1.1407964603906461e-05,2.159441156853769e-12,0.9999885920329205
2025-02-12,3.989633400272692e-05,1.9677220395121352e-11,0.99996010364619
2025-02-13,7.217252048260908e-06,1.5937652379488393e-11,0.9999927827317482
2025-02-14,8.309934541482567e-06,3.015031618017218e-12,0.9999916900623826
2025-02-15,7.794443345812604e-06,3.3154555864455818e-12,0.9999922055534622
2025-02-16,3.7406126804199426e-09,2.2871095959234346e-13,0.9999999962592483
2025-02-17,6.981790813774298e-09,1.087294449289667e-16,0.9999999930178092
2025-02-18,1.3677238602889689e-09,1.6345311731864633e-16,0.99999999863212
2025-02-19,1.6205244220555187e-09,3.0974469664720455e-17,0.9999999983792804
2025-02-20,2.5951151899070616e-09,3.0000566158798586e-17,0.9999999974052116
2025-02-21,1.0792325224777608e-05,1.2774782277988977e-15,0.9999892076748736
2025-02-22,1.0291414949599136e-05,4.82185716490754e-12,0.9999897085801666
2025-02-23,2.9872892726610888e-05,8.630859404395521e-13,0.9999701271068318
2025-02-24,0.029656486622610948,2.5286129585513966e-13,0.9703435133773409
2025-02-25,0.7074261608164606,2.391180044352128e-11,0.29257383915993745
2025-02-26,0.9742907018839299,2.1969415500509184e-13,0.025709298115703546
2025-02-27,0.9999987972694683,1.0268013563875131e-12,1.2027298820552968e-06
2025-02-28,0.9999996701135931,2.8893630074290564e-13,3.2988620010415586e-07
2025-03-01,0.9999997375462388,1.1994615053491259e-15,2.6245372915035094e-07
2025-03-02,0.999999998874955,1.2338324442246572e-23,1.1254503690937453e-09
2025-03-03,1.0,2.2831599534334322e-25,4.0584319631762826e-17
2025-03-04,1.0,7.11342933231934e-24,3.133362040122898e-19
2025-03-05,1.0,3.848613949138041e-25,2.0072007753804824e-17
2025-03-06,1.0,5.5819906664763304e-24,1.86869314880362e-24
2025-03-07,1.0,2.5434039585860837e-24,9.07715788046209e-23
2025-03-08,1.0,2.7885999794739585e-24,6.465800449463572e-23
2025-03-09,1.0,1.9415589991756064e-24,9.999210073994442e-24
2025-03-10,1.0,9.283890361210787e-22,3.026450268459155e-39
2025-03-11,1.0,1.897427780735095e-21,7.787886260916833e-41
2025-03-12,1.0,3.4157474874888186e-22,2.5036235021132038e-36
2025-03-13,1.0,2.3552753590799274e-22,2.1836254413743345e-35
2025-03-14,1.0,1.0063248729723139e-22,4.225498714528046e-32
2025-03-15,1.0,1.0604807107103633e-22,3.202528399264641e-32
2025-03-16,1.0,8.362887828632813e-23,1.6468402126157394e-30
2025-03-17,1.0,7.158162260915021e-23,3.7315010003659905e-27
2025-03-18,1.0,3.8349778624288257e-22,4.1042754592582786e-30
2025-03-19,1.0,4.1328954716271703e-23,2.8036050393280037e-24
2025-03-20,1.0,2.0803790349414898e-23,9.877646064660091e-26
2025-03-21,1.0,2.645785177032766e-23,3.6278818552913453e-25
2025-03-22,1.0,2.2755033929810824e-21,2.5573815324299584e-23
2025-03-23,1.0,2.442324644076502e-19,9.508263773742415e-18
2025-03-24,1.0,4.344292790687123e-18,3.1626248328858066e-15
2025-03-25,1.0,5.12874861980863e-17,4.248212911933052e-15
2025-03-26,1.0,7.854088645998926e-18,2.5260308148895277e-13
2025-03-27,1.0,4.4213302323126456e-17,5.476375682371677e-14
2025-03-28,1.0,1.0936316040528331e-14,1.59474504166883e-20
2025-03-29,0.999999999998181,1.615485386193469e-12,6.6635387184961e-20
2025-03-30,0.9999999998208295,1.6411114364325916e-10,1.538238342018595e-11
2025-03-31,0.9999999424699143,5.736919355629266e-08,1.60897012120468e-10
2025-04-01,0.9999864588387989,1.3541064356143612e-05,9.695330333098634e-11
2025-04-02,0.9892727194737153,0.010727262495944702,1.8030446168832476e-08
2025-04-03,0.21591219583585533,0.7840878041645948,4.077776573620586e-50
2025-04-04,3.212759058099714e-18,1.0,1.2759033353539456e-121
2025-04-05,2.7611773039545805e-35,1.0,6.174213198583486e-124
2025-04-06,7.519567765575e-38,1.0,1.4500182942953274e-126
2025-04-07,7.499764226587916e-38,1.0,9.493218393276411e-132
2025-04-08,4.109062505731774e-43,1.0,7.013479873218919e-188
2025-04-09,2.175590123590467e-74,1.0,2.1856111985361426e-232
2025-04-10,1.7154873432434413e-84,1.0,4.708821710573454e-271
2025-04-11,9.240373862320268e-85,1.0,2.9775044424147945e-266
2025-04-12,3.2549068783443487e-85,1.0,1.147191251410319e-267
2025-04-13,2.8253315005996586e-84,1.0,3.942866480828362e-269
2025-04-14,8.854776465367765e-83,1.0,6.951903086171836e-259
2025-04-15,4.417749228065047e-82,1.0,1.97208899538525e-255
2025-04-16,1.2264990788692882e-85,1.0,7.480399376103892e-270
2025-04-17,3.131300119340901e-83,1.0,2.147747487501078e-257
2025-04-18,1.6534284709583384e-83,1.0,3.892691374031359e-258
2025-04-19,9.113472930828939e-84,1.0,6.039527384931963e-259
2025-04-20,5.914762162633319e-84,1.0,4.472370897127983e-260
2025-04-21,1.1495906369842488e-87,1.0,3.4531392281087846e-277
2025-04-22,2.1750918674630383e-89,1.0,4.497734429903574e-276
2025-04-23,1.3609227662770577e-81,1.0,1.3715449360380666e-241
2025-04-24,5.921235933514228e-76,1.0,1.8193996573503183e-215
2025-04-25,3.97505859735255e-76,1.0,5.432058491023744e-213
2025-04-26,8.950465140520673e-76,1.0,1.2327267928071238e-208
2025-04-27,5.705474165993363e-74,1.0,1.998981897864841e-204
2025-04-28,2.22547395523844e-73,1.0,1.2497571130439234e-154
2025-04-29,1.876260079100441e-26,1.0,1.5598218569233606e-44
2025-04-30,1.139254540294387e-24,1.0,6.597976513776739e-30
2025-05-01,1.844098861393792e-23,1.0,2.21966619285137e-28
2025-05-02,5.380349323874883e-25,1.0,3.052877602359712e-28
2025-05-03,1.0442528121251392e-24,1.0,2.1505046704679115e-26
2025-05-04,7.278678881806482e-24,1.0,6.831346894706268e-25
2025-05-05,7.425040465615107e-24,1.0,2.734662061949339e-26
2025-05-06,7.265480295367287e-25,1.0,1.0549562979917206e-24
2025-05-07,2.6402486604083892e-24,1.0,1.9138706866359503e-24
2025-05-08,2.060302295680484e-24,1.0,4.586425146080155e-25
2025-05-09,7.507361792809896e-25,1.0,5.419673582011094e-24
2025-05-10,5.797190675784428e-24,1.0,1.3399123076901628e-25
2025-05-11,1.3766059294611262e-25,1.0,7.523975468763717e-28
2025-05-12,7.851316541702529e-28,1.0,2.594435597580376e-30
2025-05-13,2.182585800543739e-28,1.0,2.0680723298269694e-24
2025-05-14,2.2881449808169248e-24,1.0,5.0323164941107984e-18
2025-05-15,5.032316604175254e-18,1.0,4.934587348784357e-17
2025-05-16,4.934591728149232e-17,1.0,1.2538311763168077e-17
2025-05-17,1.2538867367318619e-17,1.0,2.421913699624097e-17
2025-05-18,2.4219274703008392e-17,1.0,3.260371156641074e-17
2025-05-19,3.2604154011422193e-17,1.0,3.361646960739418e-16
2025-05-20,3.3117389671599035e-16,0.9999999999890861,1.1063301265136392e-11
2025-05-21,1.1047639309241655e-11,0.9999999949750418,5.014032479728936e-09
2025-05-22,4.908061034340875e-09,0.9999931756852701,6.819406313084752e-06
2025-05-23,6.820769989972991e-06,0.9999930200899906,1.5914023851558096e-07
2025-05-24,6.3109443695905585e-06,0.9999936402102649,4.884539368107094e-08
2025-05-25,4.572017844680854e-06,0.9999954127338866,1.5248520931457686e-08
2025-05-26,1.4154817734751293e-06,0.999998583844083,6.743054682624247e-10
2025-05-27,3.581154586619731e-08,0.9999999636065702,5.817519265867623e-10
2025-05-28,1.7850806069607738e-08,0.9999999115334542,7.061558032911441e-08
2025-05-29,8.08339269348951e-08,0.9999994851124445,4.3405354895710753e-07
2025-05-30,3.268459978348888e-07,0.9999382677489254,6.140540530516023e-05
2025-05-31,1.9354702846918223e-06,0.9915545688069903,0.008443495723002336
2025-06-01,5.165535452803935e-08,9.291315946454066e-05,0.9999070351855474
2025-06-02,2.7877838754135633e-06,8.820593427943774e-09,0.9999972033959236
2025-06-03,1.5080610947664218e-06,3.6898781780214006e-12,0.9999984919352303
2025-06-04,3.1054757532494035e-06,1.528947547179744e-12,0.9999968945224299
2025-06-05,5.3899797164754705e-05,1.858845493459833e-11,0.9999461001845725
2025-06-06,5.9217791225920354e-06,1.2775320446669216e-10,0.999994078092895
2025-06-07,4.593460626712295e-06,1.1878948549471783e-11,0.9999954065275232
2025-06-08,5.799634125096967e-06,7.992440514066896e-12,0.9999942003582797
2025-06-09,5.407472241023263e-06,8.460389718872159e-12,0.9999945925192837
2025-06-10,6.471160404880997e-08,1.3797193263080156e-12,0.9999999352867256
2025-06-11,8.132674977206763e-08,1.324639273472105e-14,0.9999999186729871
2025-06-12,3.6156499869822316e-08,3.394944584974647e-14,0.9999999638430388
2025-06-13,1.7694791058169462e-06,9.367782095106535e-14,0.9999982305205061
2025-06-14,1.6432762691598925e-06,4.2186122867535035e-12,0.9999983567199565
2025-06-15,1.548686581813547e-06,3.676320891948936e-12,0.9999984513099831
2025-06-16,2.7268004866119334e-08,3.9090757321693455e-13,0.9999999727315302
2025-06-17,1.6528484283133584e-06,7.607505532611304e-14,0.9999983471511785
2025-06-18,4.513948656901618e-07,1.0567658667894854e-12,0.999999548604239
2025-06-19,3.2506713496945215e-07,2.9115852411989386e-13,0.999999674933004
2025-06-20,9.307404475180395e-07,4.410975691224244e-13,0.9999990692590256
2025-06-21,1.0111636278274689e-06,1.379022436480869e-12,0.9999989888352158
2025-06-22,5.601485319846592e-06,2.6619666890988944e-12,0.9999943985123987
2025-06-23,4.145882418511564e-06,8.58414393585592e-12,0.9999958541088285
2025-06-24,3.6291839827391726e-07,1.025115795770019e-12,0.999999637080757
2025-06-25,5.2129095789344455e-08,5.5310289113822706e-14,0.9999999478704935
2025-06-26,9.619860259354566e-08,5.347014616944943e-15,0.9999999038018406
2025-06-27,4.6691795586438413e-08,1.0255668898574647e-14,0.9999999533083621
2025-06-28,4.587013610730208e-08,4.8750496865268745e-15,0.9999999541296357
2025-06-29,4.0302834220658634e-08,3.44237888482321e-15,0.9999999596975621
2025-06-30,5.199512974811944e-08,3.1179426018081976e-15,0.9999999480050987
2025-07-01,5.4040956601854165e-08,4.020839425179299e-15,0.9999999459587358
2025-07-02,2.1084243728829883e-08,5.8227977002094e-15,0.999999978916094
2025-07-03,3.1109292348948837e-09,2.371478497180299e-14,0.9999999968886186
2025-07-04,2.721110970091461e-09,3.0037827865650645e-15,0.9999999972787919
2025-07-05,2.3349417306824743e-09,2.2134807573024216e-15,0.9999999976653271
2025-07-06,1.7495945753502206e-09,2.0714587932628984e-16,0.9999999982501322
2025-07-07,1.0369379840077511e-09,6.328032477206549e-16,0.999999998963176
2025-07-08,6.327299231757547e-10,2.7168515195518157e-16,0.9999999993669917
2025-07-09,4.531455697459252e-10,2.2238991678679437e-16,0.9999999995470716
2025-07-10,3.9046353709077897e-10,4.132238638653278e-16,0.9999999996098268
2025-07-11,3.3856707967828704e-10,3.5074855047258916e-16,0.999999999661668
2025-07-12,2.8987027272501647e-10,2.6272216298957463e-16,0.9999999997098712
2025-07-13,1.8673991740419807e-10,3.884026492245125e-17,0.9999999998135536
2025-07-14,1.690287689824242e-10,3.6580401106627134e-17,0.999999999830834
2025-07-15,3.422998957261887e-10,3.7853769811651435e-17,0.99999999965803
2025-07-16,4.0061154333709186e-10,1.1024161272025016e-16,0.9999999995998223
2025-07-17,2.271086621045743e-10,6.4566802060234e-17,0.9999999997726263
2025-07-18,2.448907832676308e-10,3.254356075930488e-17,0.9999999997553459
2025-07-19,2.453576464231283e-10,3.5149056153195716e-17,0.9999999997544364
2025-07-20,4.80105383977837e-10,6.332540901429157e-17,0.9999999995197868
2025-07-21,1.810609949500503e-10,1.322856232882285e-16,0.9999999998190106
2025-07-22,3.9381203786095855e-10,2.5859825542090593e-17,0.9999999996061888
2025-07-23,3.3516231196329613e-10,7.020351690905786e-17,0.9999999996643965
2025-07-24,2.9196030756966036e-10,5.715023478667327e-17,0.9999999997080522
2025-07-25,2.0858322058076285e-10,3.6004103257722594e-17,0.9999999997917257
2025-07-26,2.0209725498773622e-10,2.5024334464271423e-17,0.9999999997980922
2025-07-27,6.547637130196472e-11,5.940767780941836e-17,0.9999999999345164
2025-07-28,4.8774666487292165e-11,2.3500354572122295e-17,0.9999999999508873
2025-07-29,1.7824040319329983e-10,1.6826909076410896e-17,0.999999999821739
2025-07-30,2.5918852103194047e-10,6.887365562929007e-17,0.999999999740794
2025-07-31,8.321352878074106e-10,7.196425001147992e-17,0.9999999991678123
2025-08-01,5.134348955179448e-06,1.2061838046637866e-15,0.9999948656509263
2025-08-02,5.819395691365351e-06,7.89981606897126e-12,0.9999941805959841
2025-08-03,1.1559051427778146e-05,1.6386977204321897e-11,0.9999884409321154
2025-08-04,4.1756362771586584e-07,4.4266880854283554e-13,0.9999995824356082
2025-08-05,4.169480194692289e-06,5.4727494243234494e-14,0.9999958305193625
2025-08-06,1.3654552110018772e-06,2.520770972453855e-13,0.9999986345447042
2025-08-07,7.3506565924435e-07,6.940240152204427e-14,0.9999992649339192
2025-08-08,1.406370455998132e-07,1.9840999820309928e-14,0.9999998593630252
2025-08-09,1.366543819472513e-07,3.69516161628739e-15,0.9999998633457019
2025-08-10,1.2873226198396023e-07,3.5913034864475944e-15,0.9999998712673998
2025-08-11,2.0800607770240433e-07,3.732929133930788e-15,0.9999997919940359
2025-08-12,1.3254447920993962e-07,7.016240081421291e-15,0.9999998674557079
2025-08-13,1.5713715737508432e-07,4.486929140653019e-15,0.9999998428629747
2025-08-14,1.4283091872599854e-07,6.935885880443864e-15,0.9999998571693243
2025-08-15,1.9753330661494518e-07,8.039286167133487e-15,0.9999998024668653
2025-08-16,1.9331071368941912e-07,1.0867060433894959e-14,0.9999998066896483
2025-08-17,2.5507396737854025e-07,1.0066075644638986e-14,0.999999744925877
2025-08-18,9.205264882751508e-08,1.6386666050156e-14,0.999999907947317
2025-08-19,1.0326445346114678e-06,1.2652888216631547e-14,0.9999989673557013
2025-08-20,9.253430331420065e-07,1.2893757174143112e-13,0.9999990746568717
2025-08-21,8.367119586602298e-09,4.009574508351885e-14,0.9999999916326487
2025-08-22,8.907023395558564e-09,2.0074400686074153e-15,0.9999999910933184
2025-08-23,8.104764665673735e-09,2.0227646682638336e-15,0.9999999918954927
2025-08-24,5.286347065885498e-09,3.369937834089599e-16,0.9999999947140168
2025-08-25,4.1807679592172736e-09,2.880722370859751e-16,0.9999999958190529
2025-08-26,4.357266757431939e-09,1.9063845179703861e-16,0.9999999956426109
2025-08-27,3.463497340121063e-09,1.9009640195500315e-16,0.9999999965366442
2025-08-28,4.685249077093327e-09,1.1509092638428599e-16,0.9999999953151928
2025-08-29,3.548975088975977e-08,3.4925776530067827e-16,0.9999999645106079
2025-08-30,2.9430086036132285e-08,2.282709431051331e-15,0.9999999705696614
2025-08-31,1.664954179692409e-08,1.7609519430073494e-15,0.9999999833507901
2025-09-01,5.7923116558787396e-08,2.916238732499231e-15,0.9999999420770126
2025-09-02,9.289181573185469e-07,8.555491797282663e-14,0.9999990710816513
2025-09-03,3.023813174979885e-07,2.3591846010506564e-13,0.9999996976185233
2025-09-04,6.492751578930447e-08,1.3991023614988432e-14,0.9999999350720848
2025-09-05,2.957775193390547e-07,5.231835615840958e-15,0.9999997042223623
2025-09-06,2.959008255134605e-07,2.3817150064496326e-14,0.9999997040995805
2025-09-07,3.657998766449677e-07,2.5664281355722134e-14,0.9999996342003884
2025-09-08,4.8516372415085136e-08,1.455440934367894e-14,0.9999999514839158
2025-09-09,6.188904673759765e-09,1.0496054714062175e-15,0.9999999938108886
2025-09-10,5.770810581710222e-09,1.6544201289449614e-16,0.9999999942292561
2025-09-11,3.1826886951461326e-09,2.4101114848680024e-16,0.999999996817678
2025-09-12,1.986468087250947e-09,1.1637091485083265e-16,0.9999999980136636
2025-09-13,1.944729175425121e-09,7.009899145499001e-17,0.9999999980555003
2025-09-14,1.157331783386711e-09,7.025348941227021e-17,0.9999999988431227
2025-09-15,1.5772741264123773e-09,3.8095887009281943e-17,0.9999999984229362
2025-09-16,4.307764645956066e-09,6.510557754299659e-17,0.9999999956926331
2025-09-17,3.112179803090376e-09,1.3821159154233796e-16,0.9999999968877091
2025-09-18,2.916394591719446e-10,1.4721264302572385e-16,0.9999999997080522
2025-09-19,1.5638645141797058e-10,1.852511480645291e-17,0.9999999998435669
2025-09-20,1.5919964984784356e-10,9.964731225402367e-18,0.9999999998408384
2025-09-21,1.5920201550462966e-10,1.0147950438577827e-17,0.9999999998408384
2025-09-22,5.884825369829099e-11,1.457822377972548e-16,0.9999999999408828
2025-09-23,1.3016019730164048e-10,6.286908303978747e-18,0.9999999998699423
2025-09-24,1.607639711895939e-10,9.445609379449406e-18,0.9999999998390194
2025-09-25,1.4539997205919017e-10,1.1027897332657397e-17,0.9999999998544808
2025-09-26,5.88560891843143e-11,9.263156694571925e-18,0.9999999999408828
2025-09-27,5.881867727076664e-11,3.724438712559646e-18,0.9999999999408828
2025-09-28,6.265200210335346e-11,5.274237850468074e-18,0.9999999999372449
2025-09-29,9.902747327153514e-11,4.193374893785878e-18,0.9999999999008651
2025-09-30,7.418968393069674e-11,9.382491645588034e-18,0.9999999999254214
2025-10-01,1.0594314834304155e-10,1.2759364936899802e-17,0.9999999998944986
2025-10-02,1.241700689252751e-10,1.585218028030245e-17,0.9999999998753992
2025-10-03,1.6415245652491875e-10,1.8270535566455367e-17,0.999999999836291
2025-10-04,1.682570932190308e-10,2.4505697106489696e-17,0.9999999998317435
2025-10-05,2.89292556948547e-10,3.682048961268469e-17,0.9999999997107807
2025-10-06,1.3212431469369323e-10,8.992708519163899e-17,0.9999999998681233
2025-10-07,4.470531980833868e-10,3.484102404251645e-17,0.9999999995525286
2025-10-08,6.157490070087513e-10,7.222036233465771e-17,0.9999999993842721
2025-10-09,1.932687222373149e-06,6.401733996294314e-20,0.9999980673128934
2025-10-10,0.9993205770477628,2.913579051259413e-18,0.0006794229525248084
2025-10-11,0.9999993228059357,2.701531420157911e-13,6.771941924935137e-07
2025-10-12,0.9999999430001497,7.764245396222732e-11,5.69218110998052e-08
2025-10-13,0.9999774085859683,1.371802923895625e-11,2.2591400336140473e-05
2025-10-14,0.9999979963487995,7.604488896607969e-11,2.0035753327861263e-06
2025-10-15,0.9999838132153347,8.115803191298384e-15,1.6186784876164337e-05
2025-10-16,0.9999999995598046,4.834618896816379e-12,4.3566267132587485e-10
2025-10-17,0.9999991207445647,4.382490181649847e-12,8.792506212262936e-07
2025-10-18,0.9999991550470372,6.615939449873461e-12,8.449465228240522e-07
2025-10-19,0.9999988193346929,2.808231188839261e-11,1.1806373655076123e-06
2025-10-20,0.9999964441758048,7.52771143249171e-11,3.5557488767187904e-06
2025-10-21,0.9999896279197339,6.772867529703206e-12,1.0372073713942102e-05
2025-10-22,0.9999991214639743,4.116084237758159e-11,8.784947881449394e-07
2025-10-23,0.9999909906260867,3.5807392768949814e-10,9.009016150241858e-06
2025-10-24,0.9999678416166249,9.111307852016408e-10,3.215747236487861e-05
2025-10-25,0.9999666215567302,3.004626561020178e-10,3.33781430836188e-05
2025-10-26,0.9999891308515978,2.2628550245171704e-09,1.0866885889550955e-05
2025-10-27,0.999773532228521,2.260951097214631e-07,0.0002262416767624524
2025-10-28,0.9968880988342687,2.5283914507272785e-06,0.0031093727745500144
2025-10-29,0.9053980148046771,8.831915636872212e-05,0.09451366603916138
2025-10-30,0.00016099753071764284,5.009803849724047e-06,0.999833992665196
2025-10-31,1.362423002434866e-07,5.517650717322472e-09,0.9999998582397994
2025-11-01,6.9979636466446e-08,3.5564327293621232e-12,0.9999999300171136
2025-11-02,2.6062767516607008e-08,1.43662964106848e-14,0.9999999739375202
2025-11-03,1.3690392148762083e-08,1.2002382016279817e-14,0.9999999863093763
2025-11-04,8.640060870405637e-06,1.4204226562330652e-14,0.9999913599395222
2025-11-05,1.3761189142902846e-06,1.2625225588670152e-11,0.9999986238681605
2025-11-06,0.0001417529333348982,6.094089760568697e-12,0.999858247060529
2025-11-07,0.00012323013862303772,5.445223798082306e-10,0.9998767693170234
2025-11-08,0.00018177147178626504,4.024911443858807e-10,0.9998182281257788
2025-11-09,0.0007820800945227685,6.671584277419524e-10,0.9992179192383828
2025-11-10,5.213187125279546e-05,6.56481645474202e-09,0.9999478615641394
2025-11-11,9.592189205920984e-05,2.4025019217606455e-10,0.9999040778681385
2025-11-12,0.011288468328075167,1.1352084602379176e-13,0.9887115316716207
2025-11-13,0.9910103007931887,5.172556554815989e-13,0.008989699206320936
2025-11-14,0.9999540603996738,4.233072238558202e-11,4.593955843833988e-05
2025-11-15,0.9999964749966521,1.2995100041436542e-11,3.5249900624717727e-06
2025-11-16,0.9999990583678368,9.046259476820957e-15,9.416321055033996e-07
2025-11-17,0.9999999993278834,6.301697042835844e-18,6.718184403782534e-10
2025-11-18,1.0,6.4933622181554806e-15,1.8885247118524366e-13
2025-11-19,0.9999999996443876,1.4993406814230603e-21,3.5525021683959086e-10
2025-11-20,1.0,1.2565441715762836e-18,5.762403955146884e-17
2025-11-21,1.0,3.5063047757613903e-19,5.5403779209912615e-14
2025-11-22,1.0,4.697180253448293e-18,4.477348982682964e-14
2025-11-23,1.0,1.0004541925137866e-14,1.0233472632631368e-14
2025-11-24,0.9999999988531272,8.038539528425979e-14,1.147095556815096e-09
2025-11-25,0.9999999942729119,2.713031446431288e-11,5.699512005959454e-09
2025-11-26,0.9999966041762851,1.9370489189850426e-10,3.39562980048068e-06
2025-11-27,0.9999955605897729,6.546845944913289e-10,4.438755787679508e-06
2025-11-28,0.9999829988381889,2.95157611821524e-09,1.6998210449416742e-05
2025-11-29,0.9999741350709792,3.1577116202149954e-09,2.5861771753336274e-05
2025-11-30,0.9999728499108164,1.1747978151148933e-09,2.7148913996617745e-05
2025-12-01,0.999936255169791,1.1286488342032117e-07,6.363196517830532e-05
2025-12-02,0.995266127659917,1.2995301286947388e-05,0.0047208770384851995
2025-12-03,0.17178940601931034,2.323450092702967e-05,0.8281873594799419
2025-12-04,0.009533434503329576,2.0732230587483865e-06,0.9904644922737853
2025-12-05,0.00035106511900837674,1.2511230650652087e-07,0.9996488097683874
2025-12-06,2.6493096886527106e-05,3.5843734052132843e-09,0.9999735033188483
2025-12-07,1.7340440795361714e-06,1.7650180670880058e-10,0.9999982657797349
2025-12-08,3.6581445518426496e-07,1.1121660925217383e-11,0.999999634174013
2025-12-09,4.4572355111276313e-07,9.588351114136174e-13,0.9999995542758454
2025-12-10,1.5980367564753969e-09,1.1517348940928804e-11,0.9999999983901944
2025-12-11,6.851281441948993e-10,7.766844557061935e-15,0.9999999993151505
2025-12-12,1.0793697538606235e-08,5.815636435881562e-16,0.9999999892061169
2025-12-13,7.76664737378794e-09,6.972073144557463e-15,0.9999999922329152
2025-12-14,3.257876565815776e-09,1.8047486306964922e-15,0.99999999674219
2025-12-15,1.505637767528075e-08,1.4348726027464032e-15,0.9999999849433153
2025-12-16,3.941117356001692e-08,1.2811969359562493e-14,0.9999999605888669
2025-12-17,5.670992193982456e-06,2.3454170995422566e-13,0.9999943290073864
2025-12-18,3.7458479194377996e-06,1.0241100728564229e-11,0.9999962541421281
2025-12-19,7.730081972338568e-07,1.9033450435690055e-12,0.9999992269898289
2025-12-20,7.480528317552723e-07,3.850593010330464e-13,0.9999992519463445
2025-12-21,1.8134278432280015e-07,9.911450736925208e-14,0.9999998186567773
2025-12-22,5.3523603640240506e-08,1.590648420178472e-14,0.9999999464762382
2025-12-23,4.271437227215482e-08,4.556312529163758e-15,0.9999999572855822
2025-12-24,3.26554399426166e-08,2.3969487249664244e-15,0.9999999673445933
2025-12-25,5.1689197956915653e-08,1.8493694649794577e-15,0.999999948310689
2025-12-26,5.059618320492497e-08,3.279224252465341e-15,0.9999999494039016
2025-12-27,4.878746397450391e-08,3.1249249411941802e-15,0.9999999512128864
2025-12-28,3.130612294210757e-08,2.3623173653912413e-15,0.9999999686942833
2025-12-29,5.748514320017766e-08,1.1104420963420322e-15,0.9999999425144795
2025-12-30,1.5988885918645953e-07,4.71864307825893e-15,0.9999998401108442
2025-12-31,1.5404205881494143e-06,4.8870785592943174e-14,0.9999984595790962
2026-01-01,2.3049690892657042e-08,4.3190149501534175e-14,0.999999976950676
2026-01-02,1.7672945528950246e-08,6.663348306787112e-16,0.9999999823266991
2026-01-03,1.719935545847851e-08,4.859235551760222e-16,0.9999999828005458
2026-01-04,9.371411804649737e-09,3.590640671286156e-16,0.9999999906285666
2026-01-05,2.454202443150046e-09,1.2671120002422791e-16,0.9999999975461833
2026-01-06,5.367060431983437e-11,1.1191096148178057e-16,0.9999999999463398
2026-01-07,1.0413730807134871e-10,1.723686011819129e-18,0.9999999998954081
2026-01-08,3.4344799219809426e-10,9.559939284096227e-18,0.999999999656211
2026-01-09,1.6600988305012905e-10,1.3416215558182028e-17,0.9999999998335625
2026-01-10,1.6556898729666002e-10,6.50283249975702e-18,0.999999999834472
2026-01-11,4.143818036304196e-10,8.450957097624381e-18,0.9999999995852704
2026-01-12,5.598315313222376e-10,3.012743908455667e-17,0.9999999994397513
2026-01-13,1.4668989474782612e-09,8.270590502834805e-17,0.999999998532985
2026-01-14,1.3271086401613266e-08,3.19368196308808e-16,0.9999999867286533
2026-01-15,7.440813138031551e-09,1.4412938994366025e-15,0.9999999925594238
2026-01-16,7.464462224385948e-09,9.043721065199204e-16,0.999999992535777
2026-01-17,7.702503411177543e-09,9.17317345724201e-16,0.9999999922974894
2026-01-18,2.5403450440698354e-09,9.563546015529869e-16,0.9999999974597813
2026-01-19,2.086910235279631e-09,2.725288916147958e-16,0.9999999979127097
2026-01-20,1.3292409359031198e-05,9.515201348409427e-15,0.9999867075904478
2026-01-21,8.845472199184288e-07,2.9183706673797684e-12,0.9999991154494912
2026-01-22,5.588492973938543e-07,1.336204394827395e-13,0.9999994411502228
2026-01-23,9.666409055637227e-07,1.0615931260480186e-13,0.9999990333585753
2026-01-24,9.753223164333828e-07,1.8380845119759886e-13,0.9999990246774568
2026-01-25,8.232358055441316e-07,1.8401907432371891e-13,0.9999991767639336
2026-01-26,1.7775843921031234e-06,2.2213304546099702e-13,0.9999982224151037
2026-01-27,1.0060000749017528e-06,4.531014055870627e-13,0.9999989939993215
2026-01-28,3.7791845257017535e-06,5.05758218212501e-13,0.9999962208147297
2026-01-29,2.6737561332225925e-05,7.19828909458077e-12,0.9999732624310365
2026-01-30,4.668120562140833e-06,2.2383477383059414e-11,0.9999953318574445
2026-01-31,1.408328538844708e-05,8.909567527658542e-12,0.9999859167055903
2026-02-01,2.006112502655704e-05,2.819221523405612e-11,0.9999799388472203
2026-02-02,3.854514194557521e-05,6.464070076360255e-12,0.999961454851299
2026-02-03,0.013197185419927258,1.381285176294947e-12,0.986802814578362
2026-02-04,0.6044446766139355,1.228605803611332e-16,0.39555532338631927
2026-02-05,0.9999998040430192,2.4842626293752454e-19,1.9595723343043396e-07
2026-02-06,1.0,1.7373208643945547e-20,3.4220708748182646e-13
2026-02-07,1.0,1.26521883743699e-20,2.9851762275242256e-13
2026-02-08,1.0,6.544625010892959e-16,1.8216835582780008e-13
2026-02-09,0.9999999872916305,1.7249702503772584e-15,1.270827441753728e-08
2026-02-10,0.9999999974497769,2.826078336393303e-16,2.5504750839240494e-09
2026-02-11,0.999999998025487,6.755270399612654e-21,1.97416044747144e-09
2026-02-12,1.0,1.7921201570628438e-22,4.1684388110555136e-14
2026-02-13,1.0,9.868009318915713e-23,1.4727330644374302e-14
2026-02-14,1.0,4.9006077473129014e-23,1.116534499611254e-14
2026-02-15,1.0,6.001153728915893e-24,5.6680146584513204e-15
2026-02-16,1.0,3.8250419450593355e-25,6.169691914032437e-16
2026-02-17,1.0,6.505498073446231e-24,6.589606997674767e-17
2026-02-18,1.0,1.1012059721565708e-22,7.0570437043047265e-15
2026-02-19,1.0,3.225435616108409e-20,4.436134911442922e-14
2026-02-20,0.999999999998181,7.538559969844242e-20,2.065255007655327e-12
2026-02-21,0.999999999998181,1.5769289032358653e-20,2.1159969016797297e-12
2026-02-22,1.0,2.2522989489314463e-21,4.208786055270475e-13
2026-02-23,1.0,1.2286249626824271e-17,6.894606757435868e-14
2026-02-24,0.9999999999672582,6.220506593075021e-12,2.659481405229224e-11
2026-02-25,0.999917327652504,1.728584639464758e-08,8.265506147664139e-05
2026-02-26,0.9992247582631243,8.608368206849737e-10,0.0007752408760442025
2026-02-27,0.9999109213636742,4.6418305082542894e-10,8.90781719110631e-05
2026-02-28,0.9999556538106601,1.2443519056305932e-10,4.434606508944921e-05
2026-03-01,0.9999886580460234,1.840169266259202e-10,1.1341770313807038e-05
2026-03-02,0.9999810490657552,3.354671812519082e-11,1.8950900532318098e-05
2026-03-03,0.9999999074616469,1.6404002365033947e-08,7.61339440899125e-08
2026-03-04,0.9987895563276199,4.188180625943458e-09,0.0012104394839679887
2026-03-05,0.99996198517191,2.5217190360606436e-16,3.80148282123909e-05
2026-03-06,0.9999999999990905,5.122607882507667e-16,9.26274358237427e-13
2026-03-07,0.9999999999990905,1.5524991672388897e-14,5.423050242928605e-13
2026-03-08,0.9999999999990905,6.706540706302789e-13,2.8623256157941613e-13
2026-03-09,0.9999999986475814,1.142524070068914e-13,1.3527540225837837e-09
2026-03-10,0.9999999991123332,4.856754860837217e-13,8.871930019901485e-10
2026-03-11,0.9999999950841811,5.800927611149051e-19,4.916151602019119e-09
2026-03-12,1.0,1.958384652191359e-20,3.3672311388348693e-15
2026-03-13,1.0,2.5408307443269204e-20,2.74414712178633e-16
2026-03-14,1.0,4.214308050235122e-18,1.5554553919996155e-16
2026-03-15,1.0,7.834634121663927e-16,9.091369143301393e-15
2026-03-16,0.9999999999936335,9.28211788500433e-16,5.981611649583754e-12
2026-03-17,0.9999999999827196,1.2781893648702167e-19,1.7635764218325273e-11
2026-03-18,1.0,7.769684914449328e-20,1.7861663145036403e-15
2026-03-19,1.0,8.537112707993038e-24,1.6797560301448096e-15
2026-03-20,1.0,6.795433825883831e-24,1.6112130888722283e-21
2026-03-21,1.0,8.310468001267297e-24,7.781031927559274e-22
2026-03-22,1.0,1.0480198262915894e-23,3.5163068987925144e-22
2026-03-23,1.0,9.307819681694794e-24,5.747517683926682e-19
2026-03-24,1.0,3.778094251418084e-22,7.486748610489648e-21
2026-03-25,1.0,3.6743524232647787e-23,1.9605079114750693e-17
2026-03-26,1.0,8.905854845248496e-24,9.217397576387434e-22
2026-03-27,1.0,3.8411974420808293e-22,7.973633186045857e-29
2026-03-28,1.0,1.1398018424836171e-20,7.714681269550227e-29
2026-03-29,1.0,8.198058650747284e-19,7.406696686254873e-30
2026-03-30,1.0,2.3034400938147268e-17,8.371838435243813e-31
2026-03-31,1.0,8.757355517787507e-16,7.320592125184732e-25
2026-04-01,1.0,8.435989858388894e-14,7.877941754542944e-20
2026-04-02,0.999999999996362,3.6340470100005697e-12,1.074197859347421e-18
2026-04-03,0.9999999997135092,2.860745244121498e-10,1.4925191945316237e-18
2026-04-04,0.999999974137609,2.5862541250482228e-08,2.399390935526465e-18
2026-04-05,0.9999974359849276,2.564015142490832e-06,8.128726297550653e-19
2026-04-06,0.9996187737053712,0.00038122629474680945,6.905080645583914e-19
2026-04-07,0.9604646339684366,0.03953536603188335,3.1444566704444566e-18
2026-04-08,0.14266855376609475,0.8573314462339182,2.2830071084567603e-17
2026-04-09,0.003938960449393814,0.996061039550701,3.623543876139727e-16
2026-04-10,0.00011950841071565491,0.9998804915889025,2.756714152567164e-16
2026-04-11,5.577632858424941e-06,0.9999944223674019,3.558758478091364e-15
2026-04-12,1.2343361371231312e-06,0.9999987656636564,1.0342237624841944e-14
2026-04-13,4.779350978518116e-08,0.9999999522060545,1.9774795726342622e-16
2026-04-14,1.974817560016737e-10,0.9999999998026396,2.1920818200576004e-20
2026-04-15,1.0048719037449151e-15,1.0,4.4404286863420785e-25
2026-04-16,4.291996988734494e-24,1.0,6.446420654984584e-29
2026-04-17,6.596311920222423e-29,1.0,8.074831625789881e-32
2026-04-18,2.0931053087114434e-30,1.0,7.716911546875945e-33
2026-04-19,7.670153846671284e-32,1.0,5.369421650604298e-29
2026-04-20,2.327200404164124e-26,1.0,9.0644786092971e-15
2026-04-21,9.064212965768803e-15,1.0,8.042854791330349e-14
2026-04-22,8.042480511934149e-14,1.0,1.893668019237547e-15
2026-04-23,1.895096436487036e-15,1.0,2.688070094002194e-16
2026-04-24,2.6880786131397244e-16,1.0,1.1005654381205223e-18
2026-04-25,1.1006933395176023e-18,1.0,2.3498100836024483e-17
2026-04-26,1.167695288823096e-17,0.9999999999563443,4.339130643309093e-11
2026-04-27,8.447786689981996e-15,0.9999934426902097,6.5573098146725544e-06
2026-04-28,6.032845310224484e-13,0.009002356019452434,0.9909976439802347
2026-04-29,2.211697701671129e-07,7.086419495760544e-05,0.9999289146354556
2026-04-30,1.0277625743801727e-07,4.064350937688998e-06,0.999995832873125
2026-05-01,1.6083978488149074e-07,8.26851139064635e-07,0.9999990123092505
2026-05-02,1.0976778549153802e-07,1.1348345708048217e-07,0.9999997767490889
2026-05-03,2.418512499964705e-08,4.5218856925290304e-10,0.9999999753626984
2026-05-04,5.421678049352085e-08,2.1082054831737172e-13,0.9999999457832033
2026-05-05,1.6483920056016524e-08,6.53047155027974e-14,0.9999999835163181
2026-05-06,4.3988099488119284e-08,2.5605482236723043e-13,0.9999999560113803
2026-05-07,2.7165274152894195e-08,5.098001309851545e-14,0.9999999728343031
2026-05-08,9.77223569662046e-08,1.0191857019110128e-12,0.9999999022766181
2026-05-09,9.230570512291193e-08,3.3282733875148693e-12,0.9999999076908395
2026-05-10,6.484370389627305e-08,4.86477947120059e-12,0.9999999351512109
2026-05-11,5.273689837096471e-08,4.306029299371836e-11,0.9999999472202049
2026-05-12,2.2235397484735582e-08,5.015632600128152e-13,0.9999999777637643
2026-05-13,1.9451555323138055e-08,3.778902745225697e-12,0.9999999805449991
2026-05-14,7.136533830943253e-09,5.199046179770871e-13,0.9999999928631951
2026-05-15,2.1217685846637377e-07,1.4278723804102382e-13,0.9999997878230941
2026-05-16,2.1223937825446942e-07,4.238796040964501e-12,0.999999787756701
2026-05-18,6.556877359917732e-06,5.927426991428516e-11,0.9999934430631001
