Date,state_0_filtered_probability,state_1_filtered_probability,state_2_filtered_probability
2024-08-03,0.0,0.0,1.0
2024-08-04,1.0880159068581758e-127,1.3256749046413158e-32,1.0
2024-08-05,8.98655951108352e-112,1.2977397264287565e-133,1.0
2024-08-06,2.6182742538482775e-105,2.1473971495041793e-45,1.0
2024-08-07,2.633070144693088e-103,3.5189221458769053e-43,1.0
2024-08-08,1.3239839814991549e-78,4.2394274851656395e-30,1.0
2024-08-09,2.784571115963927e-79,5.4191416628961005e-24,1.0
2024-08-10,4.5845706276397076e-79,1.4408449130863208e-23,1.0
2024-08-11,2.1927804880934545e-82,2.0141311604533645e-24,1.0
2024-08-12,1.0767647978447032e-79,1.6686472073654277e-24,1.0
2024-08-13,1.7282212586742005e-88,1.8876439511120706e-18,1.0
2024-08-14,5.426656762422902e-89,2.793548923858588e-17,1.0
2024-08-15,2.454057495745088e-83,1.1364262205654276e-16,1.0
2024-08-16,6.250744218166115e-82,5.882915238761299e-17,1.0
2024-08-17,4.140995820193347e-82,1.0672142274502297e-16,1.0
2024-08-18,3.3677040866279923e-81,4.873217907350494e-16,1.0
2024-08-19,2.818738261421367e-82,1.7034594845220436e-14,1.0
2024-08-20,8.088517879314057e-91,9.709277294771982e-14,1.0
2024-08-21,1.0999820883529092e-94,2.3969115555374785e-09,0.999999997602572
2024-08-22,4.919148307351824e-90,0.011461359705328163,0.9885386402952319
2024-08-23,7.263782851540021e-90,0.19242597647343299,0.8075740235258608
2024-08-24,4.649501245869529e-98,0.899508698042302,0.10049130195851952
2024-08-25,3.315913510379712e-121,0.9999999996471161,3.536753593529045e-10
2024-08-26,1.2219929771421774e-130,0.9999999998562998,1.4454093934350244e-10
2024-08-27,1.1008394677292777e-134,0.9999999997125997,2.8821676554507085e-10
2024-08-28,3.667141725908302e-169,0.9999999998854037,1.1472074268205486e-10
2024-08-29,2.687135176662892e-170,0.9999999999890861,1.1343788165531183e-11
2024-08-30,2.454879562612894e-170,0.999999999998181,1.135379485838415e-12
2024-08-31,1.1271406735948474e-173,1.0,1.419517179280885e-13
2024-09-01,1.0332076195013211e-173,0.999999999998181,2.0103082090458997e-12
2024-09-02,6.750594814938685e-172,0.9999999952997314,4.699443252689716e-09
2024-09-03,1.5026905833894224e-148,1.1488420756166912e-06,0.9999988511578755
2024-09-04,1.0896629110487644e-155,2.480679160583859e-12,0.999999999998181
2024-09-05,7.341589066369095e-157,4.889774336612856e-09,0.9999999951105565
2024-09-06,1.8356248856891844e-143,1.1923233863737443e-19,1.0
2024-09-07,1.9381336827702032e-142,3.849661740256827e-18,1.0
2024-09-08,5.362321510405885e-146,1.914521465705126e-17,1.0
2024-09-09,1.9333441011541697e-136,6.550346953569154e-09,0.9999999934498192
2024-09-10,5.49462633341993e-137,7.294735077154314e-07,0.9999992705273076
2024-09-11,7.817155432291299e-134,0.01008371864293346,0.9899162813562488
2024-09-12,4.284215233305645e-143,0.2858393742397532,0.7141606257605528
2024-09-13,3.408018725073636e-136,0.6387608960843139,0.3612391039159631
2024-09-14,2.8751612739122734e-137,0.846397704507693,0.1536022954918686
2024-09-15,9.288925642945255e-140,0.9869596992337348,0.013040300765953155
2024-09-16,1.886077805116398e-153,0.9981364474703328,0.0018635525290091293
2024-09-17,8.70808824367861e-154,0.9999945878281353,5.412172538072037e-06
2024-09-18,9.860785985900871e-155,0.9999970599153605,2.9400845009204175e-06
2024-09-19,2.0710281971714225e-144,0.9999993409512524,6.590491784126817e-07
2024-09-20,2.165328215470867e-142,0.9999994119354506,5.880648453918628e-07
2024-09-21,2.0777176332402847e-145,0.999999768568186,2.314316481944414e-07
2024-09-22,6.99152712648475e-154,0.9999997202158221,2.797837337740913e-07
2024-09-23,4.359829069195157e-174,0.999999999998181,1.849930864588752e-12
2024-09-24,4.219473187274467e-178,1.0,5.908122990162582e-13
2024-09-25,8.453998319607903e-185,1.0,6.277484495652263e-14
2024-09-26,1.1159450038602835e-215,1.0,1.898464151181838e-17
2024-09-27,3.766252515717187e-219,1.0,3.219218034069213e-17
2024-09-28,1.0180999544148099e-217,1.0,5.1761017934077625e-17
2024-09-29,4.334664340033514e-225,1.0,4.73258978822554e-16
2024-09-30,1.0847934816707635e-210,1.0,8.206317338222746e-16
2024-10-01,7.412472228657583e-200,0.9999999993870006,6.136094410277148e-10
2024-10-02,4.6591919203927866e-194,0.9999999996980478,3.0131283202242574e-10
2024-10-03,1.4743400766491155e-202,0.999999626587011,3.7341386349425616e-07
2024-10-04,1.38725399117399e-196,0.9999999999399733,6.02355238294257e-11
2024-10-05,5.356292150359364e-203,0.9999999999708962,2.850212299600356e-11
2024-10-06,9.568931773375646e-197,0.9999999999781721,2.2233204893777323e-11
2024-10-07,3.373557855676219e-193,0.9969852818797998,0.0030147181196869743
2024-10-08,7.825337995457928e-189,0.9999997286377407,2.7136204464829156e-07
2024-10-09,1.1596162646398963e-212,0.9999999901556293,9.843489660521627e-09
2024-10-10,5.509954463863063e-218,0.9999999940282578,5.971990489855005e-09
2024-10-11,4.4428554710209254e-210,0.9999999997780833,2.2178012411890256e-10
2024-10-12,1.3982940695372662e-210,0.9999999998763087,1.24468750201556e-10
2024-10-13,2.2872366170208452e-213,0.9999999998672138,1.3233700197052295e-10
2024-10-14,1.0848970123325231e-199,0.999999999992724,6.662030038256277e-12
2024-10-15,8.236372682943181e-200,0.9999999996798579,3.194516275851085e-10
2024-10-16,2.7673202820083382e-204,0.9999999999654392,3.369599359982586e-11
2024-10-17,3.4801798323549206e-204,0.999999999998181,1.4468777885298778e-12
2024-10-18,9.077933738661629e-203,1.0,3.847255657602259e-13
2024-10-19,2.3396800852724706e-203,1.0,3.9483623549094784e-13
2024-10-20,2.6253340577561165e-209,1.0,4.06758590520777e-13
2024-10-21,3.399971387053778e-221,1.0,9.530645584427984e-15
2024-10-22,2.6984985804913554e-222,1.0,1.2289290755096791e-14
2024-10-23,2.2728917459304957e-210,0.999999999998181,1.2855148018333923e-12
2024-10-24,4.6401117135787e-210,0.999999999994543,5.208548676139634e-12
2024-10-25,1.1242306306718622e-202,0.9999999999454303,5.4550573945894475e-11
2024-10-26,1.2681802179791323e-202,0.9999999999417923,5.796787799984197e-11
2024-10-27,3.278537355768505e-209,0.999999999992724,6.389419413352315e-12
2024-10-28,1.2175878938280805e-213,0.999999999994543,4.9073640804189565e-12
2024-10-29,1.1690277133582665e-210,0.999999999998181,2.0108233238169504e-12
2024-10-30,1.5779206213892888e-201,0.999999988327545,1.167331817966363e-08
2024-10-31,4.763535925290146e-174,0.5164173392233372,0.4835826607770752
2024-11-01,2.1079285565243104e-164,0.9127351749935114,0.08726482500606658
2024-11-02,7.405646345355296e-165,0.9837149345138517,0.01628506548671819
2024-11-03,1.6224722469868104e-181,0.9931915148531685,0.0068084851462900196
2024-11-04,3.881029274303121e-188,0.9989903435743499,0.0010096564249178204
2024-11-05,3.1172508737691137e-184,0.9999996763854666,3.236139664580247e-07
2024-11-06,6.324699732578319e-144,0.9999999392839546,6.071581990221766e-08
2024-11-07,2.8128183496792196e-139,0.9999993879448138,6.12055959918917e-07
2024-11-08,5.479493870540577e-140,0.9999988125626034,1.187438057521382e-06
2024-11-09,1.1321292339353943e-139,0.9999989015492823,1.09845095930705e-06
2024-11-10,7.192717955276723e-142,0.9999995537001355,4.462998062140216e-07
2024-11-11,2.7327816243885155e-141,0.9999984202489686,1.579750344988076e-06
2024-11-12,5.338589423103236e-143,0.9999999345855052,6.541452923062901e-08
2024-11-13,8.024274274204495e-144,0.9999998076364321,1.923635190064789e-07
2024-11-14,4.046600770242822e-144,0.9999970141187999,2.985880618700724e-06
2024-11-15,5.139212385369731e-134,0.9999910641962719,8.935803191361694e-06
2024-11-16,5.643635532117894e-133,0.9999833617004626,1.6638298990441396e-05
2024-11-17,1.6307693984939828e-132,0.9998889301228469,0.00011106987650574844
2024-11-18,1.2909145868799932e-131,0.9996137178116951,0.000386282187424815
2024-11-19,5.7930106071225976e-136,0.9999889701892989,1.102981025762783e-05
2024-11-20,1.4158228297373458e-151,0.9999999998581188,1.411352667982302e-10
2024-11-21,2.4082632524738626e-155,0.9999999999108695,8.935031129627978e-11
2024-11-22,7.779546727904401e-155,0.999999999990905,8.333377109703307e-12
2024-11-23,7.928938438807039e-158,0.999999999990905,9.027579233322538e-12
2024-11-24,4.2140105056863157e-154,1.0,5.140188906789568e-13
2024-11-25,4.349529915350943e-165,0.9999999983629095,1.6377328684581433e-09
2024-11-26,1.218052696088271e-182,0.999999997422492,2.578392645063125e-09
2024-11-27,3.457519528798838e-185,0.9999999389929163,6.10067548987718e-08
2024-11-28,1.41469846276679e-181,0.9999999714309529,2.8569123582994046e-08
2024-11-29,8.763305168353325e-180,0.9999999802748791,1.972516441813996e-08
2024-11-30,1.7888555952322488e-181,0.999999945830497,5.416949153825494e-08
2024-12-01,7.183848415243814e-191,0.9999999965039024,3.4960421055092376e-09
2024-12-02,3.3114437668908227e-193,0.999999993133315,6.867436320316867e-09
2024-12-03,5.496367092920221e-195,0.9999999935771484,6.422907160567263e-09
2024-12-04,3.643855849979707e-199,0.9999999999054126,9.457428471869923e-11
2024-12-05,7.819318060563452e-226,0.999999999992724,7.648101911780687e-12
2024-12-06,3.027858982563102e-223,0.999999999992724,7.982480424687963e-12
2024-12-07,4.753437798397334e-224,0.999999999994543,5.3604974634337825e-12
2024-12-08,5.269524056548501e-227,0.9999999999890861,1.1638716861735296e-11
2024-12-09,8.646560006591447e-215,0.9999999999672582,3.291294696876184e-11
2024-12-10,1.3572134807415278e-213,0.9999999999345164,6.577451989856997e-11
2024-12-11,6.759337490121783e-207,0.999999999992724,7.705987635641425e-12
2024-12-12,5.5314873393184725e-207,0.9999999998781277,1.2263975253081254e-10
2024-12-13,4.9657422274201e-206,0.9999999999727152,2.6571344208564162e-11
2024-12-14,1.2309791848424406e-208,0.9999999999672582,3.1896576257420883e-11
2024-12-15,5.0924980340874246e-207,1.0,3.715112463842459e-13
2024-12-16,1.0156594237802899e-203,0.999999999998181,1.924065693915711e-12
2024-12-17,1.804146316778872e-204,0.9999999585415944,4.145832156001436e-08
2024-12-18,1.4247103402298884e-151,1.3778367304561286e-64,1.0
2024-12-19,5.8563393881447e-139,1.9353459003623972e-33,1.0
2024-12-20,5.42818704612555e-133,1.6803625203455055e-05,0.9999831963752802
2024-12-21,3.0838538873977464e-132,6.937356522485814e-05,0.9999306264343683
2024-12-22,7.654172159789281e-133,0.011682429049024959,0.9883175709514039
2024-12-23,2.0574649211277048e-133,0.9569147411255614,0.04308525887436877
2024-12-24,2.362804618896632e-135,0.9999538928320779,4.610716847178456e-05
2024-12-25,1.9073633322259517e-138,0.9999998632101872,1.3678975067393633e-07
2024-12-26,1.733398089982875e-138,0.9999994012634461,5.987362212164001e-07
2024-12-27,3.661336235605295e-132,0.9991055755548343,0.0008944244443847624
2024-12-28,3.540944217459992e-128,0.9983093990827622,0.0016906009171713194
2024-12-29,9.226576047272403e-134,0.9948565518985413,0.005143448101690149
2024-12-30,7.759928826217983e-134,0.06620879606756316,0.933791203932794
2024-12-31,1.3092349280998469e-144,0.0008748888002021172,0.9991251112000243
2025-01-01,2.2392901033195272e-143,0.00017506904428956553,0.9998249309551525
2025-01-02,9.71276287714025e-140,0.00036430343797463807,0.999635696561804
2025-01-03,3.0811690295008385e-132,0.0138376757132801,0.9861623242862592
2025-01-04,6.074703299974611e-135,0.048949175812014065,0.951050824187492
2025-01-05,1.5060270664242143e-139,0.14409100528395208,0.8559089947162216
2025-01-06,1.7206278952740972e-136,0.7373071276859654,0.2626928723132369
2025-01-07,1.7153671355600167e-161,0.9999949368721838,5.063128304579555e-06
2025-01-08,2.957432782816659e-166,0.9999999736592148,2.634145740847169e-08
2025-01-09,1.5915333255610812e-167,0.9992062179308447,0.0007937820699876069
2025-01-10,6.167420755703184e-154,0.03756556770385662,0.9624344322965862
2025-01-11,6.641002006597235e-152,0.003765952502596697,0.9962340474980071
2025-01-12,8.683297681191657e-156,0.0020721767194664164,0.9979278232800609
2025-01-13,6.476551795595617e-168,0.04276491282748106,0.9572350871724644
2025-01-14,1.735316874743234e-167,0.5486981632975633,0.4513018367017287
2025-01-15,6.878940339559821e-154,0.9996020612887188,0.00039793871124306544
2025-01-16,5.989506263551596e-162,0.999999497751686,5.022484734893194e-07
2025-01-17,4.455570985029269e-156,0.9999999944575393,5.5429067606155145e-09
2025-01-18,1.1894175378755463e-159,0.9999999957472028,4.2526940298054675e-09
2025-01-19,1.9118583602115975e-162,0.9999999999217835,7.760194545295111e-11
2025-01-20,1.1684324160671905e-166,0.9999999999527063,4.70078226118514e-11
2025-01-21,4.390920870226325e-162,0.9999999999708962,2.9945167905260975e-11
2025-01-22,8.656100464772374e-160,0.9999999999781721,2.0928582449279383e-11
2025-01-23,1.7525042535765334e-163,0.9999999999581632,4.2176432265157416e-11
2025-01-24,2.882103928693525e-162,0.9999999998672138,1.3195428376125552e-10
2025-01-25,2.245878482330468e-161,0.9999999998763087,1.2419059681642876e-10
2025-01-26,5.265983372517026e-162,0.9999999996271072,3.7299109813583135e-10
2025-01-27,4.5911123363475774e-166,0.9999988902297238,1.1097698212381362e-06
2025-01-28,2.041208817201458e-161,0.9999999961364665,3.863456649734215e-09
2025-01-29,9.372615926633216e-168,0.9999999969822966,3.018022167480725e-09
2025-01-30,8.975332783675433e-177,0.9999999999690772,3.160540688869537e-11
2025-01-31,6.670383943579927e-174,0.9999999998799467,1.209444513405517e-10
2025-02-01,7.414128710330651e-170,0.9999999997435225,2.562480104436484e-10
2025-02-02,5.054855142308874e-159,0.9999999989904609,1.00876170608401e-09
2025-02-03,2.811512472093404e-154,0.9999583067635116,4.169323626070219e-05
2025-02-04,4.641972051104787e-165,0.999999330080979,6.699187247294e-07
2025-02-05,1.881965200670139e-169,0.9999999583596955,4.163997034042359e-08
2025-02-06,1.654691107609426e-182,0.9999999630981626,3.690217223238858e-08
2025-02-07,8.418250710229268e-177,0.9999992654505119,7.345492133825061e-07
2025-02-08,1.8526807046817174e-178,0.9999996300158047,3.6998445051284407e-07
2025-02-09,7.034861515138229e-181,0.9999996502629686,3.4973731356180964e-07
2025-02-10,3.168703161202732e-186,0.9999999644296629,3.5570989492575064e-08
2025-02-11,7.785028494456769e-190,0.9999986394423265,1.3605583414857718e-06
2025-02-12,1.3283828032333985e-184,0.9999981296513608,1.8703493311992414e-06
2025-02-13,7.698373975559739e-182,0.9999999775736799,2.2426062249559304e-08
2025-02-14,2.744810870882255e-184,0.9999999533392849,4.666137652760872e-08
2025-02-15,1.519377531556167e-188,0.9999999664869398,3.351369176226666e-08
2025-02-16,9.047223149246213e-206,0.9999999999818101,1.8440071973238448e-11
2025-02-17,3.8931844444111606e-215,0.9999999999054126,9.436910081909566e-11
2025-02-18,2.8859442598204758e-216,0.9999999999890861,1.1342890323036007e-11
2025-02-19,2.1026647774240496e-219,0.9999999999872671,1.2381062420037036e-11
2025-02-20,4.267228883901537e-213,0.9999999999618012,3.877838827842417e-11
2025-02-21,1.7692969330264405e-194,0.9997194917937549,0.00028050820660468985
2025-02-22,5.945529314724644e-194,0.9998797939773127,0.00012020602207792774
2025-02-23,9.248944363363646e-204,0.9992997997618391,0.0007002002389526314
2025-02-24,2.044686310417249e-189,0.06458249692961719,0.9354175030706794
2025-02-25,5.204468032070662e-185,2.3451389310894353e-05,0.9999765486103139
2025-02-26,5.601183136455992e-176,6.981495444650606e-07,0.9999993018502827
2025-02-27,7.059581212943404e-167,3.9826146945848777e-13,1.0
2025-02-28,1.5224777613113787e-160,1.6279512388333867e-09,0.9999999983720045
2025-03-01,4.803003628493779e-158,3.132073005536533e-09,0.9999999968677002
2025-03-02,2.842248277477509e-138,6.9563342977286095e-12,0.999999999992724
2025-03-03,1.3546360594931088e-123,1.9476295752018993e-25,1.0
2025-03-04,2.8747356642177206e-121,8.222326506919224e-27,1.0
2025-03-05,5.333358631677609e-119,3.074499312606937e-20,1.0
2025-03-06,6.7472823875481955e-108,8.356421822910788e-30,1.0
2025-03-07,1.1935553343539902e-105,1.2420566750273248e-23,1.0
2025-03-08,9.176869929760501e-105,1.0632977734903436e-22,1.0
2025-03-09,1.6464535987593818e-105,5.356843970582226e-23,1.0
2025-03-10,1.4343727472634383e-97,2.583473413899007e-44,1.0
2025-03-11,7.475207747121946e-96,2.781265532118769e-40,1.0
2025-03-12,2.062818751757658e-91,8.33682223524381e-31,1.0
2025-03-13,5.999811545968738e-90,2.8732629709045785e-29,1.0
2025-03-14,2.054593595160361e-82,7.251290894208576e-24,1.0
2025-03-15,2.361921123638044e-82,1.0641400753354253e-23,1.0
2025-03-16,3.2248641447091784e-82,8.666292515067385e-22,1.0
2025-03-17,1.4802508937991025e-77,4.721636648892949e-19,1.0
2025-03-18,3.178272328397582e-73,2.11454055770446e-20,1.0
2025-03-19,7.760129149835518e-77,2.2806660817510416e-15,1.0
2025-03-20,3.757730669376636e-82,6.000391944893338e-18,1.0
2025-03-21,5.653186907438856e-82,1.9937579368955792e-17,1.0
2025-03-22,8.209103045999909e-81,5.799964470705789e-15,1.0
2025-03-23,3.054858050410383e-92,2.4639018399943674e-09,0.9999999975352694
2025-03-24,2.1873228812210437e-89,2.5688738734367204e-07,0.9999997431132545
2025-03-25,3.72375924429051e-94,1.4682411916560862e-08,0.9999999853171175
2025-03-26,1.2732829028687848e-97,1.9355500903864365e-06,0.9999980644498097
2025-03-27,1.1043192099433168e-98,6.517760815674746e-06,0.9999934822384188
2025-03-28,3.235888307428594e-92,5.286576939986944e-12,0.999999999994543
2025-03-29,6.863031667542893e-99,1.3730510838215934e-09,0.999999998626663
2025-03-30,1.2633128616091188e-118,0.007582471325331236,0.992417528674196
2025-03-31,2.6391724126995694e-127,0.046099987635486186,0.9539000123647634
2025-04-01,1.425703716453723e-126,0.23855394035348979,0.7614460596462984
2025-04-02,2.363599348452847e-127,0.7622350616389331,0.23776493836057078
2025-04-03,3.916142545432153e-100,6.158221291510512e-36,1.0
2025-04-04,1.2079396590996516e-70,4.014572326198439e-148,1.0
2025-04-05,1.0648334510977672e-69,5.860219155914936e-133,1.0
2025-04-06,5.754233441704799e-56,1.1283109325458484e-123,1.0
2025-04-07,3.2697352634240237e-56,5.773921442788983e-122,1.0
2025-04-08,7.115997345025098e-55,2.47521623415285e-178,1.0
2025-04-09,1.0,1.8249645783210418e-136,4.102810465172968e-30
2025-04-10,1.0,7.283717386073018e-205,5.7812604197917174e-43
2025-04-11,1.0,3.9073059568427323e-193,1.4995085865081494e-45
2025-04-12,1.0,2.7243510850798e-191,4.300665320423614e-46
2025-04-13,1.0,4.054921467815572e-190,1.60526757169825e-45
2025-04-14,1.0,1.6829734298203687e-173,4.959401337212513e-45
2025-04-15,1.0,1.5401390564960525e-172,2.7304467881004294e-44
2025-04-16,1.0,3.173666566445994e-182,1.7837009554014253e-46
2025-04-17,1.0,3.939399961216164e-172,2.1777074773117968e-46
2025-04-18,1.0,4.223237181884529e-172,1.4392246294002889e-46
2025-04-19,1.0,4.2803161859178294e-172,9.105562916280858e-47
2025-04-20,1.0,1.1266319121007326e-174,1.0047119403575332e-46
2025-04-21,1.0,8.453505179692896e-188,1.6519967843682935e-49
2025-04-22,1.0,9.344735932208908e-182,4.897265080503443e-51
2025-04-23,1.0,4.961461541066086e-166,6.131133262301709e-48
2025-04-24,1.0,6.259707858981779e-153,4.357305748499464e-49
2025-04-25,1.0,3.145357341205693e-149,3.4127072056300113e-49
2025-04-26,1.0,1.2647033839609062e-139,2.190039562088725e-47
2025-04-27,1.0,5.661241398209167e-128,2.5390134324193544e-43
2025-04-28,1.0,4.0175744697368546e-85,6.286853214620466e-36
2025-04-29,1.9231896525411318e-67,4.31995223482828e-27,1.0
2025-04-30,6.383297353372841e-112,0.9978987183069128,0.0021012816934073875
2025-05-01,1.0923603589941842e-130,0.9999948120919693,5.187908225343043e-06
2025-05-02,6.483379542670823e-133,0.9999999889241735,1.1075576521322342e-08
2025-05-03,4.507537987086471e-139,0.9999999978790584,2.1207484468419184e-09
2025-05-04,7.05388127110156e-137,0.9999999969386408,3.061937670781005e-09
2025-05-05,8.703814097104242e-136,0.9999999962565198,3.742756758037707e-09
2025-05-06,1.74149766945651e-148,0.9999999999563443,4.2758783963081985e-11
2025-05-07,9.784821383666777e-154,0.999999999992724,7.874325763376034e-12
2025-05-08,5.69228550543965e-126,0.9999999999636202,3.6412632462572744e-11
2025-05-09,6.429399506188748e-125,0.999999999990905,9.27757018997973e-12
2025-05-10,4.147659956577845e-126,0.999999999994543,5.126768772554022e-12
2025-05-11,3.478189152562827e-147,1.0,3.8983153313023554e-13
2025-05-12,2.5256797873026795e-150,0.999999999998181,2.110535152610586e-12
2025-05-13,2.23942144687501e-147,1.0,6.610821083001805e-13
2025-05-14,3.636446995163806e-164,1.0,3.8826710943684636e-13
2025-05-15,4.579025247382865e-161,1.0,5.914962367284389e-13
2025-05-16,5.590115078833291e-163,1.0,6.566943422757603e-13
2025-05-17,2.0015556852628327e-164,1.0,2.6465073131577874e-13
2025-05-18,4.770640405308526e-165,1.0,1.2723517584332052e-13
2025-05-19,6.364417344076085e-163,1.0,1.582949831567582e-14
2025-05-20,3.769316197689677e-159,1.0,6.912788005074675e-15
2025-05-21,4.9350776743853727e-147,1.0,4.491132323582045e-13
2025-05-22,6.337793137158354e-148,0.999999999998181,9.440861089199195e-13
2025-05-23,5.013596546059234e-135,0.9999999963765731,3.6232893077243854e-09
2025-05-24,1.3916796450506557e-133,0.9999999980118446,1.988257025375677e-09
2025-05-25,3.6605973085276785e-138,0.9999999991614459,8.377566133447469e-10
2025-05-26,2.5832615253078595e-147,0.9999999991086952,8.913937982843387e-10
2025-05-27,4.7556388631001365e-142,1.0,3.7273259635606256e-13
2025-05-28,2.2868641444736194e-173,1.0,6.963170632964997e-13
2025-05-29,2.1403608160498708e-172,1.0,7.26181857654582e-13
2025-05-30,5.363645697650173e-179,0.999999999996362,3.293038721987497e-12
2025-05-31,2.3567704272442956e-179,1.0,6.504559322834897e-13
2025-06-01,5.35701080771286e-212,0.999999999998181,1.1804958117964412e-12
2025-06-02,9.821662153343404e-217,0.999999999996362,2.9207814334684643e-12
2025-06-03,6.719868617082152e-216,1.0,5.243493345195295e-13
2025-06-04,8.79565070041007e-216,0.999999999998181,2.000913471427521e-12
2025-06-05,6.328994184356908e-204,0.9999999991887307,8.105754092415539e-10
2025-06-06,5.452764756950317e-195,0.999999999994543,5.562616321317212e-12
2025-06-07,5.941293770419838e-201,0.9999999999799911,2.0662148695253343e-11
2025-06-08,3.8966195438425023e-203,0.999999999990905,8.26487924420509e-12
2025-06-09,6.829394368165308e-197,0.999999999996362,3.634807874767301e-12
2025-06-10,1.2231458263230538e-211,1.0,7.711029274606749e-13
2025-06-11,3.982359788562132e-211,0.999999999998181,2.4378288909597743e-12
2025-06-12,6.246688387095447e-218,0.999999999998181,1.9674069859796043e-12
2025-06-13,6.624675546871571e-205,0.9999999971241778,2.876672182993489e-09
2025-06-14,4.0690723518358406e-202,0.9999999953852239,4.614952385943407e-09
2025-06-15,1.1941077698895573e-204,0.9999999937354005,6.2654784787368315e-09
2025-06-16,2.1647670095747313e-212,0.9999999999854481,1.4593792397913204e-11
2025-06-17,7.775279954574976e-212,0.9999983092871585,1.6907127918986137e-06
2025-06-18,6.348067239961616e-213,0.9999999957854016,4.213812303003914e-09
2025-06-19,3.2148560580763886e-216,0.9999999994706741,5.29307852065173e-10
2025-06-20,7.82129644661988e-213,0.9999999873307388,1.2669507348096194e-08
2025-06-21,2.694704817360961e-209,0.999999985238901,1.4761383609327096e-08
2025-06-22,1.188517232883438e-217,0.999999820964165,1.7903505568804839e-07
2025-06-23,4.615145542172656e-201,0.9999999967003532,3.2989270141126763e-09
2025-06-24,1.2234501640652132e-201,0.9999999999836291,1.688145202233507e-11
2025-06-25,1.4176406388092579e-211,1.0,8.014642980964696e-13
2025-06-26,3.462881997903655e-216,0.999999999994543,5.215101750914059e-12
2025-06-27,1.5658741605501141e-217,0.999999999992724,7.18787281260791e-12
2025-06-28,8.254049002138024e-217,0.999999999992724,7.285326691715699e-12
2025-06-29,3.1883141011953067e-229,0.9999999999727152,2.7895392024956144e-11
2025-06-30,5.99915848403552e-229,0.9999999999527063,4.796425479266918e-11
2025-07-01,1.687127619149289e-228,0.9999999999636202,3.635856129585269e-11
2025-07-02,3.6342941215348773e-224,1.0,5.196436582036505e-13
2025-07-03,5.900811511709519e-237,1.0,7.625471408649383e-14
2025-07-04,1.9522405669868536e-236,1.0,7.725143885113167e-14
2025-07-05,9.123814484766089e-236,1.0,6.498842561425505e-14
2025-07-06,6.757886866347463e-239,1.0,6.662110722029039e-13
2025-07-07,3.793823421297072e-238,1.0,7.438671775758512e-14
2025-07-08,7.62002281456651e-240,1.0,3.1827502587574863e-14
2025-07-09,4.717107596460328e-237,1.0,7.686789444066152e-15
2025-07-10,2.572612339089563e-233,1.0,1.7273275434669873e-15
2025-07-11,1.5350063121373942e-233,1.0,7.78764066639645e-16
2025-07-12,1.5797490892938169e-236,1.0,5.83756628040478e-16
2025-07-13,2.2903661294618962e-253,1.0,2.0000333522304637e-15
2025-07-14,1.3976928313149195e-255,1.0,6.221277819262003e-15
2025-07-15,2.577336355037677e-250,1.0,9.080219724097086e-14
2025-07-16,6.221608837000355e-250,1.0,2.706099191000127e-14
2025-07-17,1.2014514204124677e-247,1.0,1.2239477961974345e-14
2025-07-18,3.450529008671644e-246,1.0,1.8421269024247016e-14
2025-07-19,4.717911307258244e-246,1.0,2.26836375832199e-14
2025-07-20,3.025411509851011e-249,1.0,2.0885296151619026e-14
2025-07-21,6.551060499411635e-255,1.0,1.3290782768717825e-14
2025-07-22,2.4234041830469832e-260,1.0,8.791749562138328e-14
2025-07-23,1.608333966855689e-259,1.0,6.470806743236695e-14
2025-07-24,8.959746485315659e-265,1.0,4.007273881346075e-14
2025-07-25,7.673637262297086e-266,1.0,4.510337761214391e-14
2025-07-26,9.440371222253663e-267,1.0,5.1249422818886244e-14
2025-07-27,1.6872310033830345e-275,1.0,6.043059690597766e-15
2025-07-28,2.0514969289954113e-270,1.0,9.084330901146353e-15
2025-07-29,8.407329766745841e-276,1.0,9.41806813615019e-14
2025-07-30,2.7456878582699155e-289,0.999999999998181,2.6906533543432875e-12
2025-07-31,1.1015500725391431e-277,0.9999998678740755,1.321258088567336e-07
2025-08-01,1.4762968297892687e-242,8.500599759563538e-05,0.9999149940020029
2025-08-02,4.331188346353946e-237,8.125308360916654e-07,0.9999991874686774
2025-08-03,4.990319803451559e-238,0.0014016299859263622,0.9985983700136656
2025-08-04,5.038390480201462e-227,0.9998902585314664,0.0001097414689420273
2025-08-05,5.593645355389159e-234,0.9999925811937446,7.418806997436931e-06
2025-08-06,2.2022830310027449e-234,0.9999997987397566,2.0126094430699537e-07
2025-08-07,2.416704961558704e-229,0.9999999491155918,5.0883597975423324e-08
2025-08-08,1.3117127324762322e-227,0.9999999959873094,4.0134346633285396e-09
2025-08-09,4.010033849100337e-228,0.99999999587817,4.121549271414807e-09
2025-08-10,7.196656336809832e-224,0.9999999981901055,1.8100161445929159e-09
2025-08-11,7.081182742389397e-231,0.9999999685442167,3.1455253318419634e-08
2025-08-12,3.96638314686002e-222,0.999999995710823,4.289130240975206e-09
2025-08-13,3.340613730218639e-217,0.9999999932406354,6.7596669093034165e-09
2025-08-14,1.0779817484126158e-202,0.9999999946267053,5.373909460136688e-09
2025-08-15,6.054192566092586e-200,0.9999999956762622,4.324388244937087e-09
2025-08-16,4.131957182597182e-201,0.9999999953452061,4.65505147832092e-09
2025-08-17,5.050640860055965e-203,0.9999999925348675,7.465368296582855e-09
2025-08-18,6.348450814038458e-199,0.9999999975334504,2.4670186480369503e-09
2025-08-19,4.997991482302656e-190,0.9999999659594329,3.4040695127502955e-08
2025-08-20,3.1914958337442436e-189,0.9999999726805985,2.73201885361507e-08
2025-08-21,1.0426319528428978e-201,0.9999999977026164,2.2973211617103418e-09
2025-08-22,4.967395864032848e-182,0.9999999999745341,2.491536956175911e-11
2025-08-23,2.0246208956087537e-182,0.9999999999672582,3.2178630798688166e-11
2025-08-24,1.4198651765203587e-191,0.9999999981555447,1.844793580114244e-09
2025-08-25,2.770865826557389e-185,0.999999997771738,2.2286485777434794e-09
2025-08-26,1.5878429897339417e-186,0.9999999989904609,1.0095726105250104e-09
2025-08-27,3.6691956935282547e-190,0.9999999956326064,4.367867336841214e-09
2025-08-28,8.370972782288553e-190,0.999999997766281,2.232855754098931e-09
2025-08-29,2.6718068056466087e-180,0.9999998453840937,1.5461568750846571e-07
2025-08-30,4.532781918957379e-181,0.9999998530929696,1.4690690325327005e-07
2025-08-31,2.325510899938947e-179,0.9999999272804443,7.27192323828013e-08
2025-09-01,7.012492636205642e-186,0.9999996920214945,3.079785651120133e-07
2025-09-02,3.230342370674976e-181,0.9994888489387813,0.0005111510603245139
2025-09-03,3.204317740059038e-185,0.9999773567814123,2.2643218618079592e-05
2025-09-04,9.122852226852463e-187,0.9999999587471402,4.125198569792388e-08
2025-09-05,8.593464351523076e-189,0.9999995239251117,4.760744519812424e-07
2025-09-06,8.840998119317267e-188,0.9999995182444105,4.817561977424976e-07
2025-09-07,8.778700329830086e-190,0.999999496,5.039998466436642e-07
2025-09-08,4.5057680594486986e-201,0.999999988152922,1.1846779708995784e-08
2025-09-09,1.67762145079282e-207,0.9999999992724042,7.280548278599416e-10
2025-09-10,2.647703697137183e-211,0.9999999997780833,2.2265804530065266e-10
2025-09-11,2.442528965189435e-245,0.9999999999636202,3.576144808427423e-11
2025-09-12,1.2599794788906057e-243,0.999999999994543,5.701873682848332e-12
2025-09-13,4.137769867278276e-247,0.999999999996362,4.372222011065922e-12
2025-09-14,5.592557113314985e-263,1.0,7.012354718680532e-13
2025-09-15,9.953203203418707e-265,0.999999999996362,3.799781195289275e-12
2025-09-16,1.0210123737521026e-263,0.9999999999563443,4.419692577881917e-11
2025-09-17,4.619310452559733e-265,0.9999999999890861,1.149101343596481e-11
2025-09-18,7.864653065586139e-292,1.0,2.5138581418779737e-13
2025-09-19,1.1195435394930037e-286,1.0,8.691898317476558e-14
2025-09-20,6.142949781226006e-288,1.0,8.041587277411929e-14
2025-09-21,8.27417794029439e-288,1.0,9.836293478875125e-14
2025-09-22,6.169344492302835e-284,1.0,3.0799335929971405e-13
2025-09-23,2.5565426721434524e-280,0.9999999999872671,1.2417336570130034e-11
2025-09-24,6.745983996767609e-280,0.999999999990905,9.27785044316127e-12
2025-09-25,1.818658798873296e-258,0.9999999999599822,3.972931627542346e-11
2025-09-26,3.3165662698937995e-255,1.0,7.93165849627135e-13
2025-09-27,5.991939260321148e-258,1.0,8.817807284694773e-13
2025-09-28,1.8744585112359872e-253,1.0,4.3374228064238887e-13
2025-09-29,2.5168561424632774e-249,0.999999999998181,1.1340488960502608e-12
2025-09-30,2.7589602479623536e-250,0.999999999998181,2.31081601344159e-12
2025-10-01,2.316187352512307e-241,0.999999999996362,3.5751128875113464e-12
2025-10-02,8.86460424895962e-243,0.999999999992724,7.663879059942119e-12
2025-10-03,3.7525647839305125e-240,0.999999999994543,6.360774703157005e-12
2025-10-04,2.86924577639357e-240,0.999999999994543,4.8842211982161025e-12
2025-10-05,1.0929794144626392e-244,0.999999999990905,9.617337651717315e-12
2025-10-06,5.445243933014618e-239,0.999999999998181,1.3052592520766963e-12
2025-10-07,1.0131575719717877e-232,0.9999999998872227,1.1335025862452976e-10
2025-10-08,3.0852444740279834e-225,0.9999999999854481,1.4649617450320283e-11
2025-10-09,3.1419686809228305e-219,0.9999999851661414,1.4833900272313334e-08
2025-10-10,3.43437319072742e-156,4.3362851555924746e-14,1.0
2025-10-11,4.50357800374879e-147,8.525075420207862e-16,1.0
2025-10-12,8.546457656855042e-143,6.154734378377112e-15,1.0
2025-10-13,2.9322397383536328e-130,2.775010835013098e-06,0.9999972249899961
2025-10-14,3.5774278921282303e-130,2.733603187688962e-10,0.9999999997271516
2025-10-15,4.4863625561686654e-132,8.814810488749846e-08,0.9999999118517774
2025-10-16,2.5072029677700436e-133,4.310821347139009e-24,1.0
2025-10-17,7.813761117231451e-131,1.518595225993989e-08,0.9999999848132576
2025-10-18,1.0595351765255002e-131,4.084495106283978e-08,0.9999999591545938
2025-10-19,1.886222722107183e-132,1.8713007253257046e-07,0.9999998128696637
2025-10-20,5.698049125375818e-128,4.919470215670884e-05,0.999950805297447
2025-10-21,1.885514237254807e-135,0.00021210638134802024,0.9997878936178738
2025-10-22,1.63953608905953e-135,2.3778446692949297e-06,0.9999976221562141
2025-10-23,7.224480050236914e-133,0.0014812036516151878,0.9985187963474916
2025-10-24,1.6320380521025188e-130,0.0070246785580283435,0.9929753214423316
2025-10-25,9.416933306634049e-131,0.013322088667211898,0.9866779113319651
2025-10-26,4.965565137208023e-133,0.020127103201313293,0.9798728967993429
2025-10-27,5.481731752107475e-134,0.14533783452759763,0.8546621654718778
2025-10-28,1.2012123871088756e-140,0.2316384368950203,0.7683615631052887
2025-10-29,7.845417803046802e-143,0.8468931488085133,0.1531068511915909
2025-10-30,2.8023835193424513e-181,0.9999999977317202,2.2675520973852655e-09
2025-10-31,4.6814773808766453e-191,0.9999999999690772,3.069043719067857e-11
2025-11-01,5.5335579651268496e-211,0.9999999999872671,1.282644826191572e-11
2025-11-02,9.29727485409451e-226,0.9999999999254214,7.489137611606037e-11
2025-11-03,7.448072828924225e-212,0.9999999999708962,2.9498894172134867e-11
2025-11-04,5.601041063248027e-197,0.9999964572442878,3.542755610133036e-06
2025-11-05,3.8461236652674765e-187,0.999999986088369,1.3912324894324276e-08
2025-11-06,4.2290783648730047e-178,0.9997599323586278,0.00024006764060903346
2025-11-07,1.6418833448410397e-169,0.9999350073488074,6.49926514709716e-05
2025-11-08,6.429487496479387e-170,0.9990689131971521,0.0009310868026403792
2025-11-09,1.7141576595935256e-182,0.9660989243127768,0.03390107568692982
2025-11-10,9.758574107566323e-159,0.9999997062641773,2.937360194600194e-07
2025-11-11,2.038484208444433e-159,0.9999999959163688,4.082960087961605e-09
2025-11-12,2.1901259220290275e-158,0.9999870674309461,1.2932569134397636e-05
2025-11-13,5.014084737206519e-145,0.004664186531664618,0.9953358134684964
2025-11-14,3.755509834693292e-136,6.939305641634633e-06,0.9999930606940989
2025-11-15,3.3072661398420213e-139,6.1129361996526635e-06,0.9999938870646868
2025-11-16,4.03332089263438e-142,1.5946925101058037e-05,0.9999840530743376
2025-11-17,1.901327004360644e-142,1.2183620744543168e-11,0.9999999999872671
2025-11-18,1.2600134248024036e-139,7.401389469540557e-19,1.0
2025-11-19,1.6631102629140577e-143,4.528251015826799e-13,1.0
2025-11-20,2.0634412918155933e-133,3.1557228284511104e-24,1.0
2025-11-21,1.9289576204006203e-130,2.6543494095919865e-14,1.0
2025-11-22,7.395375713488811e-131,9.49452326344122e-14,1.0
2025-11-23,1.7911764449011794e-131,2.73716674038487e-13,1.0
2025-11-24,9.533004588988754e-124,0.0006700274921489173,0.999329972508292
2025-11-25,6.095033662409527e-131,0.05639483205410831,0.9436051679457643
2025-11-26,1.7120626269619869e-130,0.9963366191123745,0.0036633808881222788
2025-11-27,1.4110194696536628e-136,0.9999810764701306,1.892352906620356e-05
2025-11-28,7.896176079763693e-137,0.9999969696119011,3.0303879424627438e-06
2025-11-29,2.9219105497330323e-141,0.9999984503531961,1.5496460406488832e-06
2025-11-30,3.5320529829108612e-152,0.9999673228367468,3.267716332188282e-05
2025-12-01,2.0744286858877897e-144,0.9997659967411572,0.0002340032580267482
2025-12-02,1.2423954974633945e-136,0.9998095783802391,0.0001904216192050975
2025-12-03,1.3147476569755804e-147,0.9999994889386867,5.110615319098165e-07
2025-12-04,1.2231779655698836e-152,0.9999999722713259,2.772867859493371e-08
2025-12-05,2.478100093584132e-152,0.9999998940020361,1.059985488046195e-07
2025-12-06,2.49187680170365e-154,0.9999999469564514,5.304364243726267e-08
2025-12-07,8.655087795547119e-160,0.9999999988704076,1.1286915084131012e-09
2025-12-08,4.5693737437988655e-168,0.9999999999763531,2.416501241727638e-11
2025-12-09,1.2308022977717436e-172,0.9999999999872671,1.3295969448040787e-11
2025-12-10,1.1604715612107803e-200,1.0,3.086815867038768e-15
2025-12-11,1.39915871634344e-204,1.0,6.925060149923359e-15
2025-12-12,2.0415703962330585e-188,1.0,8.959105597014235e-14
2025-12-13,6.0011571383233e-188,1.0,1.1160212858328562e-13
2025-12-14,2.641579927821737e-203,0.999999999998181,1.6980428312868385e-12
2025-12-15,5.435969476702029e-200,0.9999999999545253,4.4880661009556254e-11
2025-12-16,5.58752969558591e-201,0.9999999955653038,4.434977909513062e-09
2025-12-17,5.276228784744503e-186,0.9999965925311546,3.4074692622068718e-06
2025-12-18,1.2777531174458191e-185,0.9999998263119929,1.736878400190576e-07
2025-12-19,6.533875177111998e-178,0.9999999955198291,4.480190205266664e-09
2025-12-20,2.0134475782259241e-181,0.9999999959109118,4.088410478424027e-09
2025-12-21,6.653331279487433e-192,0.9999999999399733,5.960703103912916e-11
2025-12-22,2.9397389198670107e-205,0.9999999995307007,4.691170905124105e-10
2025-12-23,9.520654755350358e-210,0.9999999994088284,5.902995996895943e-10
2025-12-24,1.0392540871528936e-211,0.9999999997544364,2.464610964144551e-10
2025-12-25,6.280695782051438e-218,0.9999999996416591,3.5882224822209015e-10
2025-12-26,1.6340758042176576e-216,0.999999998972271,1.0283263820159549e-09
2025-12-27,1.831921758071272e-218,0.9999999989449861,1.0547098588393216e-09
2025-12-28,7.446684185104525e-220,0.9999999999454303,5.486869213606769e-11
2025-12-29,4.252488109965681e-232,0.9999999995543476,4.453676443042308e-10
2025-12-30,2.550700701737565e-227,0.9999999964966264,3.503750642816124e-09
2025-12-31,6.994836137662287e-228,0.9999998236708207,1.763286716112561e-07
2026-01-01,5.884667885511383e-244,0.9999999998017302,1.976401812649645e-10
2026-01-02,3.38897044785897e-243,0.9999999999272404,7.356723475460951e-11
2026-01-03,9.74509695967967e-249,0.9999999999818101,1.8173034804407533e-11
2026-01-04,2.8827860674706294e-256,0.9999999999818101,1.8430558498797383e-11
2026-01-05,1.455138618785452e-249,0.999999999996362,3.1308088690379045e-12
2026-01-06,2.787745583927778e-268,1.0,1.7927642800705413e-14
2026-01-07,2.8351470453079314e-265,0.999999999998181,1.2112389323983395e-12
2026-01-08,8.199823349006172e-280,0.9999999999890861,1.0465951264352854e-11
2026-01-09,3.0584812502995476e-275,1.0,3.0927952826246763e-13
2026-01-10,3.5978726348000066e-276,1.0,3.458088517256087e-13
2026-01-11,1.626605420652359e-279,0.999999999998181,1.5495836761780288e-12
2026-01-12,3.749098260128087e-279,0.999999999996362,3.725477563296846e-12
2026-01-13,8.010967714637203e-253,0.9999999999163265,8.311267860010549e-11
2026-01-14,1.407389829834423e-246,0.9999999764349926,2.3564116010756778e-08
2026-01-15,6.444841152252334e-245,0.9999999997235136,2.7590080133278473e-10
2026-01-16,1.748321876228934e-246,0.999999999836291,1.6386940392438343e-10
2026-01-17,5.166901370499133e-247,0.9999999998562998,1.4307555481787446e-10
2026-01-18,1.5328648926557012e-239,0.9999999999727152,2.7662521509948895e-11
2026-01-19,2.4337017590475616e-231,0.9999999836873031,1.6312306094517434e-08
2026-01-20,8.530274716982334e-195,0.022023400575987284,0.977976599424237
2026-01-21,2.3762872841656226e-185,0.9999891838072621,1.0816192057637766e-05
2026-01-22,1.5091872150546836e-191,0.9999999935334927,6.466810443251315e-09
2026-01-23,1.0367268179375917e-194,0.9999999618758019,3.8124463126491834e-08
2026-01-24,1.4768649917938865e-194,0.9999999578503784,4.215010475399827e-08
2026-01-25,3.480508392853239e-196,0.9999999789361029,2.106455019288087e-08
2026-01-26,8.39935660978966e-195,0.999999931043933,6.895559465614036e-08
2026-01-27,3.13838809768627e-193,0.9999999529081844,4.7091743825898254e-08
2026-01-28,1.8030955725788005e-193,0.9999987918461579,1.2081546508859994e-06
2026-01-29,2.276650291653249e-180,0.999482942875001,0.0005170571253380159
2026-01-30,1.59825262582934e-169,0.9999300399711987,6.99600291826431e-05
2026-01-31,1.8885446690585208e-157,0.9994037015580264,0.0005962984422699943
2026-02-01,3.8003777017287475e-157,0.9990742164146563,0.0009257835860673152
2026-02-02,8.422110962456714e-165,0.9998835907230251,0.0001164092760819108
2026-02-03,2.06537676271837e-157,0.7828774095244878,0.2171225904753276
2026-02-04,8.094517133143943e-149,0.016205743055048065,0.9837942569458018
2026-02-05,2.783460414034767e-129,7.283704061723603e-17,1.0
2026-02-06,2.5179281013348535e-127,1.5734879559997379e-18,1.0
2026-02-07,6.062206758455598e-127,4.656667821611369e-18,1.0
2026-02-08,1.521635745850884e-127,1.2122282462974332e-17,1.0
2026-02-09,9.028200853625468e-138,1.2068024515040267e-08,0.9999999879328243
2026-02-10,1.8757376017920337e-145,1.10207468108468e-10,0.9999999998890416
2026-02-11,3.4334104768919046e-146,1.7778533036951282e-10,0.999999999821739
2026-02-12,2.8585728031115623e-148,2.867127399050663e-20,1.0
2026-02-13,1.267972508623269e-147,2.855203604066761e-19,1.0
2026-02-14,1.7570801718368774e-147,8.611509219839101e-19,1.0
2026-02-15,4.342734914349842e-149,2.5777297485035786e-19,1.0
2026-02-16,4.084199328235635e-155,3.990723148654356e-20,1.0
2026-02-17,1.849448729736883e-170,1.215323583877904e-21,1.0
2026-02-18,7.743623587975003e-162,1.9295209215349106e-18,1.0
2026-02-19,1.2443605375572612e-145,1.9404842295461093e-16,1.0
2026-02-20,1.725131127807017e-138,2.649561569487246e-13,1.0
2026-02-21,9.175330183001714e-139,6.508522005879753e-13,1.0
2026-02-22,8.504756735680629e-137,1.5292471894009368e-13,1.0
2026-02-23,5.4024619205899625e-140,2.011333690348186e-15,1.0
2026-02-24,2.2213310162945888e-142,6.219114919983106e-09,0.9999999937808752
2026-02-25,2.4878334089520673e-129,0.30916336531068267,0.6908366346899151
2026-02-26,1.2531095104896999e-164,0.23694875432623905,0.7630512456738793
2026-02-27,1.4063147919066293e-162,0.008538184498446079,0.9914618155023744
2026-02-28,4.920012436860544e-162,0.00037534995925137953,0.9996246500406049
2026-03-01,1.483661296939179e-165,2.5781750618122714e-05,0.9999742182493976
2026-03-02,2.172816404651663e-155,3.49291547921609e-05,0.9999650708457402
2026-03-03,7.086873924731332e-161,6.072584576932354e-07,0.999999392741486
2026-03-04,4.211203835216595e-149,0.8825297089421874,0.11747029105827986
2026-03-05,1.3083106162979342e-152,0.0047969484111771805,0.9952030515879305
2026-03-06,7.033644681968287e-141,3.783819522476734e-25,1.0
2026-03-07,1.0208945244564466e-141,8.992995312307349e-24,1.0
2026-03-08,6.294660450135419e-141,2.214418347889257e-22,1.0
2026-03-09,2.519538888451117e-131,1.8945221115301532e-08,0.9999999810552256
2026-03-10,3.099174090145358e-132,8.242596402695365e-07,0.9999991757398434
2026-03-11,2.146344113253112e-131,0.00012110130417449495,0.9998788986950868
2026-03-12,2.9536903688731104e-131,9.174450085221804e-15,1.0
2026-03-13,1.798405099249642e-131,1.8658176094663343e-14,1.0
2026-03-14,4.573545657328451e-131,8.267053785350426e-14,1.0
2026-03-15,3.2665546000167023e-139,2.5794054717257363e-11,0.9999999999745341
2026-03-16,1.6448578713906078e-133,1.928369026748772e-05,0.9999807163098332
2026-03-17,1.2552572776692126e-146,6.19247633277317e-05,0.9999380752362619
2026-03-18,9.147067783456873e-146,2.582035174978275e-09,0.999999997418854
2026-03-19,2.0334903709809607e-158,2.4742653727104445e-09,0.9999999975261744
2026-03-20,1.724824762865651e-157,5.9938206221453324e-15,1.0
2026-03-21,3.604879302734899e-156,6.659237503241827e-15,1.0
2026-03-22,5.089645694875371e-165,1.2478589198640696e-16,1.0
2026-03-23,1.331744098655388e-153,1.1111747411352073e-12,0.999999999998181
2026-03-24,1.721121510282265e-170,2.55972474485272e-15,1.0
2026-03-25,2.5844062171948253e-162,1.6843667975418434e-10,0.999999999830834
2026-03-26,2.069793825048204e-169,7.102177917147273e-16,1.0
2026-03-27,8.280349791379759e-151,3.080326658388258e-25,1.0
2026-03-28,1.2832217914460997e-151,4.092913578056954e-24,1.0
2026-03-29,1.6424433398364118e-158,1.0264767360326595e-24,1.0
2026-03-30,1.3127963164865212e-165,1.3650817792669186e-25,1.0
2026-03-31,2.3348650562642195e-130,5.395877103365757e-16,1.0
2026-04-01,4.178300043975409e-124,1.3323794777325078e-11,0.9999999999872671
2026-04-02,1.4678021968020063e-126,1.2316580393035977e-10,0.9999999998763087
2026-04-03,8.215575555531032e-127,1.5753560961975186e-10,0.9999999998417479
2026-04-04,1.6543516577994976e-129,2.2839913992838575e-10,0.9999999997708073
2026-04-05,1.979524072557452e-135,4.3953766393786527e-11,0.9999999999563443
2026-04-06,8.727175739424682e-135,7.56772178708832e-11,0.9999999999236024
2026-04-07,9.736752817191628e-127,1.5474077260911035e-05,0.9999845259222991
2026-04-08,4.0542940427714985e-108,0.7006053958354748,0.2993946041638606
2026-04-09,1.2936898377143814e-113,0.9976820530640205,0.0023179469361139507
2026-04-10,5.987991323716783e-119,0.999993438955849,6.561043319161478e-06
2026-04-11,4.6474960234509894e-122,0.9999989906287374,1.0093712175349234e-06
2026-04-12,1.3387797727408324e-126,0.999989139706342,1.0860294291657234e-05
2026-04-13,2.20723742814772e-115,0.9999993699659337,6.300334621932139e-07
2026-04-14,7.159708516917174e-117,0.9999996636507259,3.363489365747749e-07
2026-04-15,3.319267276419374e-136,0.9999999998090061,1.918650539541124e-10
2026-04-16,3.818494409932493e-161,1.0,7.94973438852412e-14
2026-04-17,1.468981146115525e-162,1.0,2.0164873717925812e-14
2026-04-18,9.476852985962291e-163,1.0,7.85421918457887e-15
2026-04-19,2.404821422450081e-160,1.0,8.240731344024992e-16
2026-04-20,9.66704680329239e-187,1.0,2.5586661989853195e-16
2026-04-21,1.8676641997064377e-193,1.0,1.1188965648662624e-14
2026-04-22,2.634679683950291e-186,1.0,2.0861156905937124e-16
2026-04-23,1.8617462729852561e-187,1.0,6.050914037439931e-16
2026-04-24,6.325081483284255e-183,1.0,1.913215770053173e-16
2026-04-25,3.9981107588263014e-185,1.0,2.5559692311254326e-16
2026-04-26,3.9919835346170154e-184,1.0,1.5539887320776926e-16
2026-04-27,2.511638043939159e-190,1.0,1.164373153987071e-15
2026-04-28,1.9540880085937573e-208,1.0,2.1621475398371797e-14
2026-04-29,3.8616528282162285e-210,1.0,2.67995614435596e-13
2026-04-30,4.241587742979642e-207,1.0,8.934533538736995e-15
2026-05-01,4.988147233969177e-208,1.0,4.7546705569896984e-15
2026-05-02,1.2662614629622482e-214,1.0,1.553141876992822e-15
2026-05-03,1.2701720210853844e-233,1.0,4.324448714542099e-15
2026-05-04,6.0309911949602e-243,1.0,2.56386081576505e-13
2026-05-05,1.4716762434997134e-241,1.0,5.820782083633779e-14
2026-05-06,1.6681766303203016e-230,1.0,4.6966482131407304e-15
2026-05-07,3.9050165675814223e-236,1.0,1.0069357241894497e-13
2026-05-08,2.674382289653467e-232,1.0,2.5010824867440144e-14
2026-05-09,2.0665144454204692e-241,1.0,1.3697106172764717e-14
2026-05-10,2.758087609784094e-245,1.0,7.813193211151614e-15
2026-05-11,2.302743353691175e-241,1.0,1.1782684879936622e-15
2026-05-12,1.3106462395164894e-246,1.0,2.7908665636287038e-14
2026-05-13,3.930036081859475e-244,1.0,4.5530934801776524e-15
2026-05-14,3.055692030499313e-245,1.0,2.6100902161693768e-15
2026-05-15,6.904889155601837e-231,1.0,3.3641336786076873e-13
2026-05-16,9.319943463309441e-228,0.999999999998181,1.9853626318700765e-12
2026-05-18,8.98571254490415e-216,0.9999999999599822,3.948059123727363e-11
