Date,rolling_return,rolling_volatility,vix_level,regime
2024-09-13,0.0008389546582131368,0.00879107064162271,-0.0298769910954639,normal
2024-09-16,0.0008006896064878968,0.008786306013325173,0.0350241511117734,normal
2024-09-17,0.00034306612426144185,0.008540922758978631,0.0274213090688311,normal
2024-09-18,0.00027607980490152687,0.008562406568477137,0.0352072067232249,normal
2024-09-19,0.0009574654439799419,0.009334562679859285,-0.1042237886034085,normal
2024-09-20,0.001263451474609377,0.0091287493745491,-0.0110226764247853,bull
2024-09-23,0.0008571381825395619,0.008867230420192263,-0.0160990267089047,normal
2024-09-24,0.001119377345311007,0.00884386623343182,-0.031466330345934,bull
2024-09-25,0.0009404497720582319,0.00887460970134116,0.0012995129072905,normal
2024-09-26,0.001428966305676677,0.008751780900605391,-0.0025957146170734,bull
2024-09-27,0.001351955453011725,0.008770941095603559,0.103448224512185,normal
2024-09-30,0.001075023021909865,0.008584054447545304,-0.0135612944959943,bull
2024-10-01,0.0016560511997002752,0.007345086556086203,0.1512253888745367,normal
2024-10-02,0.0017794936701882352,0.007300187981126677,-0.0186916202530317,bull
2024-10-03,0.0018096922576330949,0.007283078425179614,0.0841269938984015,normal
2024-10-04,0.0031055636285941,0.005981351981909818,-0.0624695315248242,bull
2024-10-07,0.002093741915892135,0.00624645529569937,0.1785528614599589,normal
2024-10-08,0.002348829401311005,0.006444721454894684,-0.0538868969189243,bull
2024-10-09,0.00218220537054954,0.006270165562828534,-0.0261437658238924,bull
2024-10-10,0.0016735272836356952,0.006148696109612512,0.0033556899700897,normal
2024-10-11,0.00171180378950761,0.006174282843192205,-0.0224558630602073,bull
2024-10-14,0.002046886803712075,0.006340472715549521,-0.037145569674535,bull
2024-10-15,0.001637960349274805,0.006704934697644497,0.0477156644824783,normal
2024-10-16,0.0020035772361698,0.006639730944889197,-0.0513565647910828,bull
2024-10-17,0.001154658694482186,0.0056198811252488904,-0.0240040508266524,bull
2024-10-18,0.0014334144572893458,0.005607591786964163,-0.0565149078603919,bull
2024-10-21,0.0012263520332821158,0.005642521828921132,0.0188574675340817,normal
2024-10-22,0.001056736403558326,0.005641780924193852,-0.0092542225654596,bull
2024-10-23,0.000710143099604906,0.006050830723091186,0.0571428002517699,normal
2024-10-24,0.000620036666095776,0.006013114381438398,-0.0083160004841733,normal
2024-10-25,0.000675302201178136,0.0059981438491244175,0.0655136270963465,normal
2024-10-28,0.0006295012319443461,0.005974813721844005,-0.0260698813888086,normal
2024-10-29,0.0011583317993944559,0.005533274242786082,-0.0232322778887614,bull
2024-10-30,0.000985982254219051,0.005610560810704195,0.0522233826738975,normal
2024-10-31,9.723270085264593e-05,0.007248526784968903,0.1380835092514842,normal
2024-11-01,-0.00014610826204370406,0.007008556932671722,-0.0552677329481301,normal
2024-11-04,0.00019820844179853603,0.006711461597157174,0.0045704015221827,normal
2024-11-05,0.00032991687508093103,0.006925180526573605,-0.0677888899977003,normal
2024-11-06,0.001226883934954561,0.008746743015092737,-0.2059540927522519,bull
2024-11-07,0.001700995502982591,0.008833434046600605,-0.0657652500549227,bull
2024-11-08,0.001618169199526031,0.008798817202668747,-0.0171052784305532,bull
2024-11-11,0.001256893129574541,0.008662561104133992,0.0020080781451226,normal
2024-11-12,0.001490057330913506,0.008467373226821557,-0.0173680844518407,bull
2024-11-13,0.001297020938628421,0.008442797807917159,-0.0469068374299079,bull
2024-11-14,0.000971230911259155,0.008615937191557557,0.020684732695029,normal
2024-11-15,0.00013847150319004994,0.009113907892198599,0.1278825238553527,normal
2024-11-18,0.00042544022566438,0.00914519282796013,-0.0346963746666274,normal
2024-11-19,0.000634774333124845,0.009170025803521364,0.0494223659521371,normal
2024-11-20,0.001108585503621725,0.008878720514018768,0.0495412505837244,normal
2024-11-21,0.001268871611215755,0.008927552216530082,-0.0168997092515968,bull
2024-11-22,0.00144110407335592,0.008928002545141945,-0.0966212796103989,bull
2024-11-25,0.0014561353223804551,0.008931179587101101,-0.04199471123755,bull
2024-11-26,0.0016363056587008948,0.008970878432098723,-0.0342465744476691,bull
2024-11-27,0.0016360484167194298,0.008971019204262623,0.0,normal
2024-11-29,0.0029268098105029996,0.007489025102169269,-0.0418439813209702,bull
2024-12-02,0.002805410541741095,0.007486629906891064,-0.0125832770846677,bull
2024-12-03,0.00293629529482369,0.007417930272220888,-0.0029984978557341,bull
2024-12-04,0.002642184561316555,0.007147502409814988,0.0112781666450476,normal
2024-12-05,0.0013166147607735898,0.004920461831719996,0.0066914612538429,normal
2024-12-06,0.0010248039702533598,0.004687517985543767,-0.0568685012007914,bull
2024-12-09,0.0005507304138604148,0.004813237043052239,0.1111980479026784,normal
2024-12-10,0.00034763309482837976,0.004880599499525484,-0.0007046705780981,normal
2024-12-11,0.0008894886268322648,0.005074670522664593,-0.0423131430576005,normal
2024-12-12,0.0006075602965648849,0.005251816196332714,0.0250368302281329,normal
2024-12-13,0.0009191352023965498,0.004990678589915315,-0.0079022741432721,normal
2024-12-16,0.0017730749675838099,0.0038485916087827267,0.0637218779165704,normal
2024-12-17,0.00136220362253148,0.00402214354113433,0.0803267759620312,normal
2024-12-18,-0.0003107443904697702,0.008004737200676905,0.7403907396600702,normal
2024-12-19,-0.00034303957712808524,0.008003281058427257,-0.1278059587033482,normal
2024-12-20,-1.0906813718540229e-05,0.00838166465138945,-0.2378580118697417,normal
2024-12-23,0.0001335297183913998,0.008462584706911426,-0.0860566378639023,normal
2024-12-24,0.0005196858680545948,0.008789006345767422,-0.149582844229526,normal
2024-12-26,0.0002619430768953326,0.00871917035303419,0.032235393813347,normal
2024-12-27,-0.0001128846572706824,0.009023950665779684,0.0828241890660361,normal
2024-12-30,-0.0009940736119104575,0.009231887043906813,0.0909090800379102,normal
2024-12-31,-0.0012655888773672225,0.009225471960690965,-0.0028735194342935,normal
2025-01-02,-0.0014116250300605176,0.009219772769606302,0.0334293896803317,crisis
2025-01-03,-0.0010969369484128224,0.009593427702495057,-0.1003904692566893,normal
2025-01-06,-0.0007266289744564825,0.009713320731479414,-0.0055795567217488,normal
2025-01-07,-0.0013866167597755025,0.00997078899034402,0.1109724861408061,crisis
2025-01-08,-0.0010560781181272075,0.00994902554455437,-0.0067339469102022,normal
2025-01-10,-0.0016640013895909776,0.010440400030953369,0.1039548063998117,crisis
2025-01-13,-0.0019730177060985074,0.010237182610405847,-0.0179119941182602,normal
2025-01-14,-0.0016465760546063124,0.010234544516779145,-0.0250131024609965,normal
2025-01-15,-0.0007271511659734423,0.011155969188785114,-0.1384285607682731,normal
2025-01-16,-0.0010368141925713573,0.011095749746587981,0.0297766449904945,crisis
2025-01-17,-0.0003288036442979524,0.011337778422413652,-0.0379518132508102,normal
2025-01-21,0.0016190442311390576,0.00914109951304735,-0.0569818304443531,bull
2025-01-22,0.0019154727344963425,0.009171430133153928,0.0026560398896753,normal
2025-01-23,0.0015878239656343426,0.008904967428221791,-0.005298008058611,bull
2025-01-24,0.0011424491020059176,0.008896048121682416,-0.0113182470780865,bull
2025-01-27,-0.0001205777055156774,0.009193866358767072,0.2053871487347855,normal
2025-01-28,0.00030570825310211985,0.009398386608665354,-0.0832402124509377,normal
2025-01-29,0.0006078981684416647,0.009124942310543423,0.0091407446633176,normal
2025-01-30,0.00144683257848978,0.008724230858106669,-0.0434782208076308,bull
2025-01-31,0.00136263223229473,0.008783810501975636,0.0372474840217409,normal
2025-02-03,0.001148996844626955,0.008932304346166504,0.1332927871807601,normal
2025-02-04,0.0008592501328852197,0.008633599358240792,-0.0757251176804346,normal
2025-02-05,0.0007739471502164199,0.008590947883168555,-0.0836722082111085,normal
2025-02-06,0.0015129338208874148,0.008120097392597187,-0.0171211445736356,bull
2025-02-07,0.000982202438582795,0.008463301679651156,0.0670968332598287,normal
2025-02-10,0.0020851361736176147,0.007630564936134675,-0.0441354568019,bull
2025-02-11,0.002045645867493825,0.0076355199025999205,0.0132827345081161,normal
2025-02-12,0.00181577454402059,0.007725414648734277,-0.0081148633412128,bull
2025-02-13,0.0014341488300574946,0.007031314971178939,-0.0497167995458852,bull
2025-02-14,0.0015278499297317221,0.00699662091584246,-0.0218542990310797,bull
2025-02-18,0.001172640595861282,0.006716453591139701,0.0392687817014376,normal
2025-02-19,0.000832713723959552,0.006458357509709469,-0.0052117212845564,normal
2025-02-20,0.0003436169861342422,0.006446992830820776,0.0255402343128385,normal
2025-02-21,-0.0007844882269001128,0.007407404833858715,0.1628352019097845,normal
2025-02-24,-0.0008660483138711577,0.007441051162490242,0.042284486352349,normal
2025-02-25,-0.0004074275014517428,0.0068377181726298865,0.0237092083136283,normal
2025-02-26,-0.0008118124010014027,0.006508687148220027,-0.0169840410974233,normal
2025-02-27,-0.0013857680818287628,0.007306668979541171,0.1062826564792283,crisis
2025-02-28,-0.0008738362034396027,0.008118299438661188,-0.0709891178218854,normal
2025-03-03,-0.0014837478891888529,0.008891455832996113,0.1604687549948877,crisis
2025-03-04,-0.001739105063342698,0.009120435995176413,0.0320456330216127,crisis
2025-03-05,-0.0015371254174160129,0.0093589706818417,-0.0672054405922566,normal
2025-03-06,-0.002627400328379943,0.009926228422367064,0.1340629499838053,crisis
2025-03-07,-0.002520943052154443,0.010006223458483435,-0.0603136288453071,normal
2025-03-10,-0.003395052287886168,0.01129652293527021,0.1921266414154498,crisis
2025-03-11,-0.004150254373945858,0.01108255079002619,-0.0337401476476763,normal
2025-03-12,-0.003922964009283289,0.01123414616711394,-0.0999257253504416,normal
2025-03-13,-0.004428409947260428,0.01142667974747325,0.0177466080602366,normal
2025-03-14,-0.003923497350865548,0.012312487068908098,-0.1171938121464231,normal
2025-03-17,-0.0035354679431393505,0.012560797840802223,-0.0578778228014454,normal
2025-03-18,-0.00422267856482042,0.012564095371979625,0.0580205032071075,crisis
2025-03-19,-0.0037958810056324455,0.012938691904059725,-0.0829493585771353,normal
2025-03-20,-0.0037324528874511905,0.012939920410963814,-0.0050251448938025,normal
2025-03-21,-0.0028607582107267305,0.012573769129406586,-0.026262554063221,normal
2025-03-24,-0.0017378064511165254,0.013391243287570454,-0.0933610518829477,normal
2025-03-25,-0.0013689596949326504,0.013399034411408566,-0.0188787146652199,normal
2025-03-26,-0.0019911088839019908,0.013594901704230992,0.0688046840479696,crisis
2025-03-27,-0.0013258002417283255,0.01319491159969938,0.0196399679132557,normal
2025-03-28,-0.0031129949036375103,0.013201587111465345,0.1583734082339292,crisis
2025-03-31,-0.0019013578195689203,0.012918722089857011,0.029099357007656,crisis
2025-04-01,-0.0011682896309443203,0.012740001229758869,-0.0228904943071894,normal
2025-04-02,-0.0013892690923739705,0.012559481012396243,-0.0119430511444528,normal
2025-04-03,-0.0029657543651762305,0.016178696834079447,0.3956299459939247,crisis
2025-04-04,-0.00617314543312127,0.020239197826227927,0.5093271379872046,crisis
2025-04-07,-0.00493041669171891,0.019671727334754717,0.0368571643860009,crisis
2025-04-08,-0.005297909980784761,0.01980643252290364,0.1138782958907558,crisis
2025-04-09,-0.00031226178525406016,0.0316343623132306,-0.3575387396234843,high_volatility
2025-04-10,-0.00183670703056854,0.03299986553768456,0.2111838939436969,crisis
2025-04-11,-0.001977345700778455,0.03290481912660607,-0.0776031373448359,high_volatility
2025-04-14,-0.0018778514936762102,0.03293864797373221,-0.1775825809310439,high_volatility
2025-04-15,-0.001477463976117835,0.03287298203102766,-0.0249271144587033,high_volatility
2025-04-16,-0.003133415950384915,0.03305083559564759,0.0836652881872621,crisis
2025-04-17,-0.002917485402128215,0.03306660081090599,-0.091605386857526,high_volatility
2025-04-21,-0.00412411398676212,0.03338068496482966,0.1406408138261097,crisis
2025-04-22,-0.003718650719324,0.03371001892495603,-0.0960969849002505,high_volatility
2025-04-23,-0.0030640711688168605,0.03396133234166939,-0.0693490007539548,high_volatility
2025-04-24,-0.0014147201910601503,0.03430692870135951,-0.0695958311594924,high_volatility
2025-04-25,-0.0009206525989902601,0.03435922656604362,-0.0615791160955656,high_volatility
2025-04-28,0.00010532136670668977,0.03406024224520466,0.0124798495989577,high_volatility
2025-04-29,8.465535579747977e-05,0.03405614739497509,-0.0389661851729921,high_volatility
2025-04-30,-3.6727461767105214e-05,0.034050194001818176,0.0219280382694468,high_volatility
2025-05-01,1.202149606229809e-06,0.034058079135801105,-0.0040485983150158,high_volatility
2025-05-02,0.0032074434013478945,0.03213875796143604,-0.0780487823788901,high_volatility
2025-05-05,0.005847882041485344,0.02879372896371103,0.0423280013913218,high_volatility
2025-05-06,0.005519025662032511,0.028922717536891993,0.0473773632889273,high_volatility
2025-05-07,0.006512433241250885,0.028494939923769277,-0.048869183385946,high_volatility
2025-05-08,0.0016098524868906193,0.016611898414764598,-0.045435232674673,high_volatility
2025-05-09,0.0037371074288126195,0.012767477401187352,-0.025800708875297,bull
2025-05-12,0.004497330196352349,0.014040769374159727,-0.160273985845731,bull
2025-05-13,0.004342455910497894,0.013997362562805867,-0.0092441588872288,bull
2025-05-14,0.004546388389938014,0.013917296714340364,0.021953981391521,normal
2025-05-15,0.005902018038841019,0.012410979476838389,-0.0424275445714678,bull
2025-05-16,0.006147381486690565,0.012366276166158088,-0.0330903059513449,bull
2025-05-19,0.007392210238207279,0.010267748376633135,0.0522041549001659,normal
2025-05-20,0.0059232076192670445,0.009538541675956965,-0.0027562976153726,bull
2025-05-21,0.004305899426039149,0.01052165749173555,0.1536761007847649,normal
2025-05-22,0.0032731924513740946,0.009779258938076666,-0.0282702505444443,bull
2025-05-23,0.002570628827604755,0.009982987863527117,0.0991124339658149,normal
2025-05-27,0.0035910917809981297,0.010760274832987951,-0.1493944232516827,bull
2025-05-28,0.00298685400802996,0.01093802873584178,0.0184599366229063,normal
2025-05-29,0.0031643877640977194,0.010922581916289855,-0.0067322198012426,bull
2025-05-30,0.0027541083454845797,0.010921593985784371,-0.0318039937771509,bull
2025-06-02,0.0022935577397833994,0.010573609343015352,-0.0113085130815155,bull
2025-06-03,0.0028653913296001195,0.010424816848863485,-0.0364923776699761,bull
2025-06-04,0.0032698903546176496,0.010118860688597972,-0.0045223245500776,bull
2025-06-05,0.0028179749017543144,0.010275495768259264,0.0494036855043242,normal
2025-06-06,0.00298302916422466,0.010371724081973786,-0.0925324202830431,bull
2025-06-09,0.0030918042356880794,0.010336073432800436,0.0232557769232431,normal
2025-06-10,0.0017229226997340895,0.007614685985003583,-0.0122377089941714,bull
2025-06-11,0.0012501301453110094,0.007589194275572559,0.0182890532146868,normal
2025-06-12,0.0013849437269222444,0.007613623370821381,0.0440324576363619,normal
2025-06-13,0.0005817181082749293,0.008059343799462599,0.1553828615944461,normal
2025-06-16,0.0007407240199957393,0.008208792757529832,-0.0821325220719267,normal
2025-06-17,0.00025878168863332937,0.008465896061008515,0.1302982570167672,normal
2025-06-18,0.00041935632668919936,0.008423953348225053,-0.0675926373165157,normal
2025-06-20,0.0011444640750218143,0.0074239579384835315,0.0238332405229202,normal
2025-06-23,0.0016186057463780247,0.007672215839646206,-0.0383123609783867,bull
2025-06-24,0.0025122552469481647,0.007677766001380046,-0.1185073318462488,bull
2025-06-25,0.0015007454225527544,0.006362985452946401,-0.0411898931470097,bull
2025-06-26,0.0021812102395907446,0.00626979961987506,-0.0101432025043168,bull
2025-06-27,0.0022322524110842995,0.006289061344040791,-0.0162748918191875,bull
2025-06-30,0.0025272407569604497,0.0062619250710076796,0.0251225401396384,normal
2025-07-01,0.0022294064680276346,0.006248074505844927,0.0059773092771022,normal
2025-07-02,0.0021709460122536143,0.006219271625173922,-0.0112893960141966,bull
2025-07-03,0.0025784323249057246,0.006317251051643293,-0.01562501432804,bull
2025-07-07,0.002447479999775155,0.006503371969992944,0.0860806976192025,normal
2025-07-08,0.0019066454450129445,0.006264060457028457,-0.0550872062479549,bull
2025-07-09,0.0021614074823680693,0.006324347029194189,-0.0517549026293385,bull
2025-07-10,0.0020189346125255446,0.006273039778494549,-0.0100376318459264,bull
2025-07-11,0.0019857642522338142,0.006301839686309161,0.0392902342237455,normal
2025-07-14,0.0018824588087071347,0.006284438146244631,0.0487805587205785,normal
2025-07-15,0.0022278036759991546,0.0056905556529754184,0.0104650226652889,normal
2025-07-16,0.0019192534079891445,0.0054363036632694844,-0.0126581889515343,bull
2025-07-17,0.0026524846033109646,0.004914551710640522,-0.0372960020594029,bull
2025-07-18,0.0026234058085546595,0.004933694278527062,-0.0066586324033585,bull
2025-07-21,0.0028356413698674347,0.004797988752063007,0.014625214707483,normal
2025-07-22,0.00234892340280388,0.004532441565271936,-0.00900898630432,bull
2025-07-23,0.0022219400092552397,0.0043058308609997525,-0.0684848554206617,bull
2025-07-24,0.002210474403866379,0.004310790635825359,0.0013012659669868,normal
2025-07-25,0.0020304929717939297,0.004135675990462812,-0.0298895404733733,bull
2025-07-28,0.0017695214001112948,0.004105100500526491,0.0066978851809362,normal
2025-07-29,0.0013985835096960496,0.004153535653800954,0.0632069079270261,normal
2025-07-30,0.0013518009245551345,0.004179145331288839,-0.0312891122855456,bull
2025-07-31,0.0009375757724293645,0.004257051802894572,0.0801033467562382,normal
2025-08-01,-0.0002760120013024503,0.005462371730428601,0.218899521394646,normal
2025-08-04,0.0008565696153079846,0.006195338741169148,-0.1403336025895768,normal
2025-08-05,0.0006304669294532396,0.006330336940911126,0.0188356115915409,normal
2025-08-06,0.0007136146648620146,0.006414886711479591,-0.0605041961134753,normal
2025-08-07,0.0005307179500696497,0.006403797435142263,-0.0119261036064469,normal
2025-08-08,0.0010963726842978647,0.0065260685551444516,-0.0856970490311774,bull
2025-08-11,0.0009020898405970798,0.006558389309226976,0.0726072877338093,normal
2025-08-12,0.0016480539159134347,0.006783379145779743,-0.0935384897085336,bull
2025-08-13,0.0016520469277454797,0.006784452919663163,-0.0162932639902666,bull
2025-08-14,0.0013507204043484862,0.006708999288370746,0.0234644691482734,normal
2025-08-15,0.001270271659809506,0.00674484294608626,0.0175320451934877,normal
2025-08-18,0.0011645813296666263,0.006751077545531167,-0.0066269304478818,bull
2025-08-19,0.0008861687681715211,0.006908402804279054,0.038692457142232,normal
2025-08-20,0.0003279375305334462,0.006708327250624768,0.0077071218953825,normal
2025-08-21,0.00011079379001417114,0.00677814565940706,0.0579987779110058,normal
2025-08-22,0.0006674206441808812,0.007547202659635546,-0.1433734975751969,normal
2025-08-25,0.0004599225480303662,0.007630374962487736,0.0400843659719085,normal
2025-08-26,0.0008011519764532411,0.007637160178333414,-0.0114942580616914,normal
2025-08-27,0.0009780441911058611,0.007627889565942966,0.0157319081881683,normal
2025-08-28,0.0013426736540479711,0.007563954663540527,-0.0282828326939329,bull
2025-08-29,0.0018640080498370862,0.006571633654128812,0.0644490181450581,normal
2025-09-02,0.0007335075880458661,0.0060834202881064805,0.1178385716193595,normal
2025-09-03,0.001257983833034806,0.006008464836413796,-0.0477576989621779,bull
2025-09-04,0.001292867960521271,0.006049472934597394,-0.064220193653627,bull
2025-09-05,0.0011899417399697412,0.006104887253973935,-0.0078431296773284,bull
2025-09-08,0.000922885294706971,0.005914474345392861,-0.0046113733261695,normal
2025-09-09,0.001137358311957206,0.0058814432075410235,-0.0046326734887307,bull
2025-09-10,0.0007495953031224359,0.005462249447713826,0.020611730079985,normal
2025-09-11,0.000993955971953916,0.005692605192934545,-0.0416938324050697,normal
2025-09-12,0.0009725676013657845,0.005696970139262289,0.0033990612240109,normal
2025-09-15,0.0013558297152514145,0.005720089289979911,0.0630080851680257,normal
2025-09-16,0.0012978669911710245,0.005742701406372017,0.0427024249768586,normal
2025-09-17,0.0015070063871802893,0.005558175375995636,-0.0391198239270115,bull
2025-09-18,0.0018734874947259144,0.005510600963795219,-0.0012722937292578,bull
2025-09-19,0.0023217176776708795,0.0053694786097391685,-0.0159235670724318,bull
2025-09-22,0.0017904332152861243,0.00446059630995357,0.042071234966281,normal
2025-09-23,0.0017383080004677743,0.004542102832813116,0.0335403102723042,normal
2025-09-24,0.0013698745103425543,0.004631005082295528,-0.027644176763541,bull
2025-09-25,0.0010252739718184893,0.004812691985553974,0.0346105967478409,normal
2025-09-26,0.0011346630535610644,0.004897015489744666,-0.0866188667318172,bull
2025-09-29,0.0015733654558170093,0.004612378895515825,0.054283903168812,normal
2025-09-30,0.0021322235715663146,0.004117137338158986,0.0099255483301647,normal
2025-10-01,0.0020316146433376546,0.004056717595141066,0.0006142646474234,normal
2025-10-02,0.0016713416189414946,0.0037755898091135906,0.0208715915365711,normal
2025-10-03,0.001815410675257169,0.0036448404013985384,0.0012026734078771,normal
2025-10-06,0.0018718950253383034,0.003664002038386926,-0.0168167438866038,bull
2025-10-07,0.0015709243779097235,0.0038675273005070337,0.0531459308053101,normal
2025-10-08,0.0017245342845990986,0.003982026954398124,-0.0545243936506532,bull
2025-10-09,0.0011641706290479487,0.0037904373944726765,0.0079755260245446,normal
2025-10-10,-0.00017048544041428117,0.007362411322117681,0.3183201123002275,normal
2025-10-13,0.0003305206731995538,0.008063528988616536,-0.1214219381022215,normal
2025-10-14,0.00033828222896666385,0.008061873563945752,0.0935364537609295,normal
2025-10-15,0.0006223754950804288,0.0081032479715184,-0.0081691533232455,normal
2025-10-16,4.8235511367938826e-05,0.008207305663021117,0.2262597003096851,normal
2025-10-17,8.441613281570384e-05,0.008231623468334268,-0.1789805956097521,normal
2025-10-20,0.00036788488011238387,0.00849351203340009,-0.1227141992371523,normal
2025-10-21,0.0006393179754800346,0.008384055135878556,-0.0197475980275734,normal
2025-10-22,0.0005384543017386645,0.00844435956405908,0.0408505600421473,normal
2025-10-23,0.0010656237356872448,0.008434901780011083,-0.0698925332122201,bull
2025-10-24,0.0011877950725690696,0.008523236203540252,-0.0537571351930975,bull
2025-10-27,0.0016371623516695244,0.008844161121943432,-0.035430717632604,bull
2025-10-28,0.0015816189615434795,0.008833564038632285,0.039898677388406,normal
2025-10-29,0.0014352644493064346,0.00882596581603914,0.030450669773252,normal
2025-10-30,0.0008277670755929495,0.009254256522682016,-0.0005910300730935,normal
2025-10-31,0.0009925104303079653,0.009267785960789574,0.0313424418348897,normal
2025-11-03,0.0009070378474357052,0.009250472866139793,-0.015481677149975,normal
2025-11-04,0.0004997354628614203,0.009635663660943265,0.1065812414428974,normal
2025-11-05,0.0003748523020716203,0.009577137313876424,-0.0521052511114823,normal
2025-11-06,-1.6763939599809696e-05,0.009873516468073449,0.0827318018979654,normal
2025-11-07,0.0013838528344235104,0.007554749788404626,-0.0215384654509717,bull
2025-11-10,0.0013968662651627952,0.007580243750133839,-0.0775681104902673,bull
2025-11-11,0.0015724110046634703,0.0075570293873979295,-0.0181818004482052,bull
2025-11-12,0.0013782592698049403,0.007529321764842565,0.0133101581653338,normal
2025-11-13,0.0008890713284928104,0.008361213385891795,0.1422044396670561,normal
2025-11-14,0.0005970632004611503,0.00828687147262016,-0.0085000038146973,normal
2025-11-17,-0.00038878224098215476,0.008231854805580564,0.1285930028679485,normal
2025-11-18,-0.0008079146554133955,0.00842300239774368,0.1032172234099355,normal
2025-11-19,-0.00035480930189950045,0.008418103391698807,-0.0417173213595,normal
2025-11-20,-0.0014134161344144555,0.008903429723878226,0.1166525886171432,crisis
2025-11-21,-0.0013239835408143507,0.009013094146839908,-0.1131718305255048,normal
2025-11-24,-0.0011779437888627755,0.009257251820193487,-0.1241997357878513,normal
2025-11-25,-0.0008404441645895353,0.00952359939158401,-0.0955166154043495,normal
2025-11-26,-0.0005192893440529754,0.009677540394129349,-0.0738145997470913,normal
2025-11-28,0.00030353816973160947,0.009436286410682327,-0.048865626904644,normal
2025-12-01,-8.874208804380052e-05,0.009469053512499449,0.0544342121641243,normal
2025-12-02,-8.996596698439552e-05,0.009468787675732886,-0.0377029946148378,normal
2025-12-03,0.0006758494198009945,0.009078637856547334,-0.0307414240018726,normal
2025-12-04,0.0005391327676510995,0.00905497632311647,-0.0186567283680508,normal
2025-12-05,0.0011705762704198697,0.008659516468164683,-0.0234473949188981,bull
2025-12-08,0.0009711370156172995,0.008709814627396657,0.0811161591419431,normal
2025-12-09,0.00014776709133671947,0.00800339178095895,0.0162065102182826,normal
2025-12-10,0.0003649139693133245,0.008122580408775155,-0.0685174144419523,normal
2025-12-11,0.0004534369519090645,0.008134417095965388,-0.0583386207729006,normal
2025-12-12,0.0007455395045436944,0.007575740170113901,0.0599326172919836,normal
2025-12-15,0.0006781835534229895,0.007590225117928119,0.0482846404023706,normal
2025-12-16,0.0010073903451212796,0.007269946428084418,-0.001212148955374,bull
2025-12-17,0.0008770869785242445,0.007468044688402254,0.069174837904296,normal
2025-12-18,0.0010614936002631395,0.0075901969475022065,-0.0425652647149721,bull
2025-12-19,0.002276778147225705,0.0067406531788453605,-0.1161826256263751,bull
2025-12-22,0.0020902116123100696,0.0065661491471523115,-0.0556673328102088,bull
2025-12-23,0.0015828090001226893,0.005896924220595817,-0.0056818127940017,bull
2025-12-24,0.0012883904432965192,0.005626573490057041,-0.0378571237836565,bull
2025-12-26,0.0009381455191530193,0.0054746166180710985,0.0096510847708835,normal
2025-12-29,0.0004870437918695344,0.0054542135745591185,0.044117603747491,normal
2025-12-30,0.0006542640263118994,0.005341253157882881,0.0091549377596538,normal
2025-12-31,0.00019120067393841933,0.00562579855599879,0.0432658680293094,normal
2026-01-02,0.0001097142709479943,0.00558759086521926,-0.029431410434575,normal
2026-01-05,0.00040616715405123436,0.0057763867967676455,0.0268779726737806,normal
2026-01-06,0.0006085494805702293,0.005901024798075131,-0.010067088749702,normal
2026-01-07,0.0005975955166925893,0.005908283064709367,0.042711872165486,normal
2026-01-08,0.0006356716414741643,0.005900823540399524,0.0045513455333783,normal
2026-01-09,0.0006347298838743493,0.005899817559481744,-0.0621359255662433,normal
2026-01-12,0.0005969051679365743,0.005890815598791915,0.0434782694542652,normal
2026-01-13,0.0010345298590197594,0.005298690999457427,0.0568782846022783,normal
2026-01-14,0.0008643123810763943,0.0054376247660057175,0.048185261565778,normal
2026-01-15,0.0011370879806667992,0.005384281614829831,-0.0543283490992304,bull
2026-01-16,0.001645375286224094,0.004600662675310255,0.0012625949429734,normal
2026-01-20,0.000249969371166104,0.0065390625764842536,0.2667087381764075,normal
2026-01-21,0.0003738510572982341,0.006735343990996283,-0.1587854907829206,normal
2026-01-22,0.0003235179443686091,0.006692906315282215,-0.0745561718135172,normal
2026-01-23,0.00011313421543399411,0.006618096189934516,0.0287723656897014,normal
2026-01-26,0.0001911605531878641,0.006669347838521794,0.0037289910113973,normal
2026-01-27,0.00039544454128424903,0.006722277226534984,0.0123839484621395,normal
2026-01-28,0.0005685924564544991,0.006659237666195661,0.0,normal
2026-01-29,0.000530428370735119,0.006672208774988388,0.0324158267236218,normal
2026-01-30,0.000751747726384489,0.006465196738653896,0.0331754384557436,normal
2026-02-02,0.0009086638462586741,0.006530576296265445,-0.0630734144372069,normal
2026-02-03,0.00015288833392049402,0.006702327263051789,0.1015911769835082,normal
2026-02-04,-0.00038666691867882597,0.0066454356396386275,0.0355555216471357,normal
2026-02-05,-0.000849959641877541,0.007156912187112107,0.167918517736296,normal
2026-02-06,0.000114352584269309,0.008446227454803647,-0.0643086627970649,normal
2026-02-09,2.4777069715199112e-05,0.00838293826632193,-0.1477663281723809,normal
2026-02-10,-0.0001856036424774259,0.008394895125998034,0.0247696019618441,normal
2026-02-11,-9.718282790473089e-05,0.008384090795986475,-0.0078696621580763,normal
2026-02-12,-0.0006238646722188659,0.00901016821874791,0.1796034076378021,normal
2026-02-13,-0.0007248011173545658,0.008981962356870633,-0.0105667299029396,normal
2026-02-17,-0.0006022340942735459,0.008997050874008292,-0.0150485174855257,normal
2026-02-18,0.0006674931189845542,0.007770777333933638,-0.0330211949759555,normal
2026-02-19,-4.1432538141025745e-05,0.007362603886900004,0.0310906563155255,normal
2026-02-20,5.8999190328739215e-05,0.007451362406418953,-0.0563519236502373,normal
2026-02-23,-0.0004697055572020157,0.007795848162985342,0.1005762211077649,normal
2026-02-24,-0.0003601902637127558,0.0078926690807495,-0.0694907651554553,normal
2026-02-25,-0.00013748605301792081,0.00808226889336865,-0.082864398726613,normal
2026-02-26,-0.0004101763774164808,0.008172461999296072,0.0390406493963502,normal
2026-02-27,-0.0005510544178943558,0.00822514158126539,0.066022625066739,normal
2026-03-02,-0.0003734964657576358,0.008208201452649522,0.0795568920014293,normal
2026-03-03,-0.0010627814964441907,0.008313890957230473,0.0993469733073504,crisis
2026-03-04,-0.00028724625725493584,0.008311432846323633,-0.1026728938322962,normal
2026-03-05,-0.0003238275156297708,0.008334122855603636,0.122931462334012,normal
2026-03-06,-0.0003547237063615058,0.008382600308399471,0.2416842008891859,normal
2026-03-09,-0.0008759580477571208,0.007366164354363521,-0.1353000950181722,normal
2026-03-10,-0.0011974059981759958,0.007243691949820545,-0.0223529292087928,normal
2026-03-11,-0.0011283061229978106,0.007235822200370313,-0.0280786503959297,normal
2026-03-12,-0.0018760006257451708,0.007881986613623602,0.1262897825465081,crisis
2026-03-13,-0.0013865623894004258,0.007275387972962037,-0.0036643597696923,normal
2026-03-16,-0.0009129433585170408,0.007713788852309044,-0.1353438849905974,normal
2026-03-17,-0.0008620889385545308,0.00773464570798029,-0.0484899778200751,normal
2026-03-18,-0.0018116591349913857,0.008127980001299768,0.1215913818198901,crisis
2026-03-19,-0.0018030044622301161,0.008127146550385649,-0.0410522391543018,normal
2026-03-20,-0.002881386485311471,0.008294395871755338,0.1130507598120842,crisis
2026-03-23,-0.001845819787520851,0.008617696781332033,-0.0235250579522724,normal
2026-03-24,-0.0023770849216539205,0.008349590755831703,0.0305927784351585,crisis
2026-03-25,-0.0025203644214636905,0.008177032911743697,-0.0601113466928416,normal
2026-03-26,-0.003135577809789576,0.008852308009453731,0.0833004586145631,crisis
2026-03-27,-0.0037480748230296055,0.009381638067803367,0.1315597169366786,crisis
2026-03-30,-0.003943676881305395,0.009327527267078193,-0.0141706485513795,normal
2026-03-31,-0.0020495636722198756,0.011803973008550489,-0.1751061909008566,normal
2026-04-01,-0.002025605900729606,0.011823894640920126,-0.0281187756226795,normal
2026-04-02,-0.0017018048370053608,0.011810227788497211,-0.0273023655785608,normal
2026-04-06,-0.0008101082160316408,0.011574679804481219,0.0125680446800595,normal
2026-04-07,-0.0012261057613911555,0.011360146092486105,0.0666115269039928,crisis
2026-04-08,0.00012772831579357935,0.012830599195311721,-0.1838634462711076,normal
2026-04-09,0.0004789410207738494,0.012886767627651525,-0.0736692527073652,normal
2026-04-10,0.0012050994385145494,0.012355915898382972,-0.0133401863486486,bull
2026-04-13,0.0019767248027824495,0.01238646096429065,-0.0057201614987734,bull
2026-04-14,0.002077125534826799,0.012464320475591132,-0.0397489642010031,bull
2026-04-15,0.002340147534679984,0.01253193309442861,-0.0103486126220763,bull
2026-04-16,0.003160695385166204,0.01193181871416819,-0.0126582026015731,bull
2026-04-17,0.0038881966659369944,0.012014085833465868,-0.0256410801631814,bull
2026-04-20,0.00450500208191692,0.011326196233831333,0.0795195270822781,normal
2026-04-21,0.003652653661923219,0.01149152351264869,0.0333862815446592,normal
2026-04-22,0.00432683099144007,0.011454111961474316,-0.0297435858310797,bull
2026-04-23,0.0038541568465795192,0.011594191241606327,0.0206130754796927,normal
2026-04-24,0.005134558952487664,0.010425206305136629,-0.0310720040426705,bull
2026-04-27,0.006073293453089159,0.009080896603882338,-0.0368786029114032,bull
2026-04-28,0.005997169135841084,0.00916993603336418,-0.0105438695466713,bull
2026-04-29,0.004536045796195604,0.007471182927368851,0.0549635191491706,normal
2026-04-30,0.00465680397841131,0.007541386223371764,-0.1020733721853804,bull
2026-05-01,0.0047502359484252995,0.007503881062429608,0.0059206859137612,normal
2026-05-04,0.004330727097506305,0.007736193181420977,0.0765156657988361,normal
2026-05-05,0.0047098326864634795,0.00772126346421179,-0.0497540573652018,bull
2026-05-06,0.004131326926797975,0.006405300924647427,0.000575387190145,normal
2026-05-07,0.003689567110377244,0.006588456575701245,-0.0178263068903218,bull
2026-05-08,0.004135459786166829,0.006580232699772744,0.0064403167940818,normal
2026-05-11,0.00376071917672082,0.006454528403441678,0.0692262123175218,normal
2026-05-12,0.003075728139529719,0.006236731719550537,-0.0212186837571199,bull
2026-05-13,0.0029609207980167843,0.006164137303269739,-0.0066703131412717,bull
2026-05-14,0.0032327680303227044,0.0062599030742806865,-0.0341354550477867,bull
2026-05-15,0.0020270161791752796,0.006766880476670051,0.0677867937878782,normal
