Date,dominant_regime,dominant_regime_probability,transition_entropy,instability_score
2024-12-09,normal,0.5333333333333333,0.6909233093138181,0.3224308776797818
2024-12-10,normal,0.5333333333333333,0.6909233093138181,0.3224308776797818
2024-12-11,normal,0.5333333333333333,0.6909233093138181,0.3224308776797818
2024-12-12,normal,0.5333333333333333,0.6909233093138181,0.3224308776797818
2024-12-13,normal,0.5333333333333333,0.6909233093138181,0.3224308776797818
2024-12-16,normal,0.5333333333333333,0.6909233093138181,0.3224308776797818
2024-12-17,normal,0.55,0.6881388137135884,0.30966246617111476
2024-12-18,normal,0.55,0.6881388137135884,0.30966246617111476
2024-12-19,normal,0.5666666666666667,0.6842317651303003,0.29650043155646344
2024-12-20,normal,0.5666666666666667,0.6842317651303003,0.29650043155646344
2024-12-23,normal,0.5833333333333334,0.6791932659915256,0.2829971941631357
2024-12-24,normal,0.5833333333333334,0.6791932659915256,0.2829971941631357
2024-12-26,normal,0.6,0.6730116670092565,0.26920466680370264
2024-12-27,normal,0.6,0.6730116670092565,0.26920466680370264
2024-12-30,normal,0.6166666666666667,0.6656723999853216,0.25517441999437324
2024-12-31,normal,0.6166666666666667,0.6656723999853216,0.25517441999437324
2025-01-02,normal,0.6333333333333333,0.6571577614973405,0.24095784588235822
2025-01-03,normal,0.6166666666666667,0.7342296165267798,0.28145468633526555
2025-01-06,normal,0.6333333333333333,0.7249571411921918,0.265817618437137
2025-01-07,normal,0.65,0.7144520677198336,0.25005822370194175
2025-01-08,normal,0.6333333333333333,0.7688576638587279,0.28191447674820025
2025-01-10,normal,0.65,0.7575189094831263,0.26513161831909415
2025-01-13,normal,0.65,0.7909873504355756,0.2768455726524514
2025-01-14,normal,0.65,0.7909873504355756,0.2768455726524514
2025-01-15,normal,0.6666666666666666,0.7774171975634765,0.2591390658544922
2025-01-16,normal,0.6833333333333333,0.7624493762768099,0.24144230248765644
2025-01-17,normal,0.6833333333333333,0.7873048089572785,0.2493131895031382
2025-01-21,normal,0.6833333333333333,0.7873048089572785,0.2493131895031382
2025-01-22,normal,0.6833333333333333,0.7873048089572785,0.2493131895031382
2025-01-23,normal,0.6833333333333333,0.7873048089572785,0.2493131895031382
2025-01-24,normal,0.6666666666666666,0.8033149761408755,0.26777165871362524
2025-01-27,normal,0.65,0.8178660873472432,0.2862531305715351
2025-01-28,normal,0.65,0.8178660873472432,0.2862531305715351
2025-01-29,normal,0.6666666666666666,0.8033149761408755,0.26777165871362524
2025-01-30,normal,0.6666666666666666,0.8033149761408755,0.26777165871362524
2025-01-31,normal,0.65,0.8178660873472432,0.2862531305715351
2025-02-03,normal,0.65,0.8178660873472432,0.2862531305715351
2025-02-04,normal,0.65,0.8178660873472432,0.2862531305715351
2025-02-05,normal,0.65,0.8178660873472432,0.2862531305715351
2025-02-06,normal,0.6666666666666666,0.8033149761408755,0.26777165871362524
2025-02-07,normal,0.6666666666666666,0.8033149761408755,0.26777165871362524
2025-02-10,normal,0.6833333333333333,0.7873048089572785,0.2493131895031382
2025-02-11,normal,0.6666666666666666,0.8033149761408755,0.26777165871362524
2025-02-12,normal,0.6833333333333333,0.7873048089572785,0.2493131895031382
2025-02-13,normal,0.6833333333333333,0.7873048089572785,0.2493131895031382
2025-02-14,normal,0.6666666666666666,0.8033149761408755,0.26777165871362524
2025-02-18,normal,0.65,0.8178660873472432,0.2862531305715351
2025-02-19,normal,0.65,0.8178660873472432,0.2862531305715351
2025-02-20,normal,0.65,0.8178660873472432,0.2862531305715351
2025-02-21,normal,0.65,0.8178660873472432,0.2862531305715351
2025-02-24,normal,0.6666666666666666,0.8033149761408755,0.26777165871362524
2025-02-25,normal,0.6833333333333333,0.7873048089572785,0.2493131895031382
2025-02-26,normal,0.7,0.7697761617721899,0.230932848531657
2025-02-27,normal,0.7166666666666667,0.7506591611170552,0.21268676231649897
2025-02-28,normal,0.7,0.7881169759375682,0.2364350927812705
2025-03-03,normal,0.7166666666666667,0.7677166566479392,0.21751971938358278
2025-03-04,normal,0.7166666666666667,0.7800277323725409,0.22100785750555324
2025-03-05,normal,0.7166666666666667,0.78803077975292,0.22327538759666066
2025-03-06,normal,0.7166666666666667,0.78803077975292,0.22327538759666066
2025-03-07,normal,0.7,0.8169527750340906,0.24508583251022723
2025-03-10,normal,0.7166666666666667,0.7919752538173033,0.22439298858156925
2025-03-11,normal,0.7,0.818808456222877,0.24564253686686313
2025-03-12,normal,0.7,0.818808456222877,0.24564253686686313
2025-03-13,normal,0.7,0.818808456222877,0.24564253686686313
2025-03-14,normal,0.7,0.818808456222877,0.24564253686686313
2025-03-17,normal,0.7,0.818808456222877,0.24564253686686313
2025-03-18,normal,0.7,0.818808456222877,0.24564253686686313
2025-03-19,normal,0.6833333333333333,0.843389114541383,0.26707321960477126
2025-03-20,normal,0.6833333333333333,0.843389114541383,0.26707321960477126
2025-03-21,normal,0.6833333333333333,0.843389114541383,0.26707321960477126
2025-03-24,normal,0.6833333333333333,0.843389114541383,0.26707321960477126
2025-03-25,normal,0.6833333333333333,0.843389114541383,0.26707321960477126
2025-03-26,normal,0.6833333333333333,0.843389114541383,0.26707321960477126
2025-03-27,normal,0.6666666666666666,0.865893772866009,0.28863125762200303
2025-03-28,normal,0.6666666666666666,0.865893772866009,0.28863125762200303
2025-03-31,normal,0.65,0.8864644756797975,0.3102625664879291
2025-04-01,normal,0.6333333333333333,0.9052172803449572,0.331913002793151
2025-04-02,normal,0.65,0.8864644756797975,0.3102625664879291
2025-04-03,normal,0.65,0.8864644756797975,0.3102625664879291
2025-04-04,normal,0.6333333333333333,0.9052172803449572,0.331913002793151
2025-04-07,normal,0.6333333333333333,0.9052172803449572,0.331913002793151
2025-04-08,normal,0.6166666666666667,0.9222481192475023,0.3535284457115425
2025-04-09,normal,0.6166666666666667,0.9222481192475023,0.3535284457115425
2025-04-10,normal,0.6,0.9988694689711082,0.3995477875884433
2025-04-11,normal,0.5833333333333334,1.0137952894772906,0.42241470394887104
2025-04-14,normal,0.5666666666666667,1.066372455378292,0.4620947306639266
2025-04-15,normal,0.5666666666666667,1.0957792536622104,0.47483767658695786
2025-04-16,normal,0.55,1.1334820491635504,0.5100669221235976
2025-04-17,normal,0.55,1.1245743568413467,0.5060584605786059
2025-04-21,normal,0.5333333333333333,1.1575608321932074,0.5401950550234967
2025-04-22,normal,0.5333333333333333,1.1454524113723434,0.534544458640427
2025-04-23,normal,0.5333333333333333,1.1482431942860272,0.535846824000146
2025-04-24,normal,0.5166666666666667,1.1745620496615747,0.5677049906697611
2025-04-25,normal,0.5,1.1979540596469644,0.5989770298234822
2025-04-28,normal,0.48333333333333334,1.2187016182747914,0.6296625027753088
2025-04-29,normal,0.48333333333333334,1.2095772435961805,0.6249482425246932
2025-04-30,normal,0.4666666666666667,1.2262248388271875,0.6539865807078333
2025-05-01,normal,0.45,1.2407598239291024,0.6824179031610064
2025-05-02,normal,0.43333333333333335,1.2532868829960089,0.710195900364405
2025-05-05,normal,0.4166666666666667,1.2638894396500064,0.737268839795837
2025-05-06,normal,0.4166666666666667,1.2443571349128635,0.725874995365837
2025-05-07,normal,0.4,1.2519894208137132,0.7511936524882279
2025-05-08,normal,0.4,1.2260916422363142,0.7356549853417885
2025-05-09,normal,0.38333333333333336,1.2310059783830634,0.7591203533362224
2025-05-12,normal,0.38333333333333336,1.2310059783830634,0.7591203533362224
2025-05-13,normal,0.38333333333333336,1.2310059783830634,0.7591203533362224
2025-05-14,normal,0.38333333333333336,1.2310059783830634,0.7591203533362224
2025-05-15,normal,0.38333333333333336,1.2310059783830634,0.7591203533362224
2025-05-16,normal,0.36666666666666664,1.2620741852832678,0.7993136506794029
2025-05-19,normal,0.35,1.2881733630166035,0.8373126859607922
2025-05-20,normal,0.35,1.2881733630166035,0.8373126859607922
2025-05-21,normal,0.3333333333333333,1.3101226708151739,0.8734151138767827
2025-05-22,normal,0.3333333333333333,1.3101226708151739,0.8734151138767827
2025-05-23,normal,0.31666666666666665,1.3284475147968169,0.9077724684444916
2025-05-27,normal,0.3333333333333333,1.3246202093365818,0.8830801395577212
2025-05-28,normal,0.31666666666666665,1.3405559356176813,0.9160465560054155
2025-05-29,normal,0.3333333333333333,1.3356166945343826,0.8904111296895885
2025-05-30,normal,0.3333333333333333,1.3433328962848217,0.8955552641898812
2025-06-02,normal,0.31666666666666665,1.3553241485015377,0.9261381681427174
2025-06-03,normal,0.31666666666666665,1.358231894813244,0.9281251281223833
2025-06-04,normal,0.3,1.366158847569202,0.9563111932984413
2025-06-05,normal,0.3,1.3647683466880345,0.955337842681624
2025-06-06,normal,0.3,1.3647683466880345,0.955337842681624
2025-06-09,high_volatility,0.3,1.3690950771140618,0.9583665539798432
2025-06-10,high_volatility,0.3,1.3690950771140618,0.9583665539798432
2025-06-11,high_volatility,0.3,1.371249358634056,0.9598745510438391
2025-06-12,high_volatility,0.3,1.371249358634056,0.9598745510438391
2025-06-13,high_volatility,0.3,1.3637125215960966,0.9545987651172675
2025-06-16,high_volatility,0.3,1.3637125215960966,0.9545987651172675
2025-06-17,high_volatility,0.3,1.3637125215960966,0.9545987651172675
2025-06-18,high_volatility,0.3,1.3637125215960966,0.9545987651172675
2025-06-20,high_volatility,0.3,1.3637125215960966,0.9545987651172675
2025-06-23,high_volatility,0.3,1.3637125215960966,0.9545987651172675
2025-06-24,high_volatility,0.3,1.3555485748396154,0.9488840023877307
2025-06-25,high_volatility,0.3,1.3555485748396154,0.9488840023877307
2025-06-26,bull,0.3,1.3435056426631489,0.9404539498642042
2025-06-27,bull,0.31666666666666665,1.3284475147968169,0.9077724684444916
2025-06-30,bull,0.3333333333333333,1.3246202093365818,0.8830801395577212
2025-07-01,bull,0.3333333333333333,1.3246202093365818,0.8830801395577212
2025-07-02,bull,0.3333333333333333,1.3101226708151739,0.8734151138767827
2025-07-03,bull,0.35,1.2881733630166035,0.8373126859607922
2025-07-07,bull,0.36666666666666664,1.2620741852832678,0.7993136506794029
2025-07-08,bull,0.36666666666666664,1.2361764067058687,0.7829117242470501
2025-07-09,bull,0.38333333333333336,1.231986936717332,0.7597252776423548
2025-07-10,bull,0.4,1.1945305624324019,0.7167183374594411
2025-07-11,bull,0.4166666666666667,1.1879406224284825,0.6929653630832814
2025-07-14,bull,0.4166666666666667,1.1859173181972835,0.6917851022817486
2025-07-15,bull,0.4166666666666667,1.1818556755287524,0.6894158107251055
2025-07-16,bull,0.4166666666666667,1.1387888337654597,0.6642934863631847
2025-07-17,bull,0.43333333333333335,1.1281862771114617,0.6393055570298283
2025-07-18,bull,0.45,1.056901520552156,0.5812958363036858
2025-07-21,bull,0.4666666666666667,1.0437570363314086,0.5566704193767512
2025-07-22,bull,0.4666666666666667,1.0341188042574396,0.5515300289373011
2025-07-23,bull,0.48333333333333334,1.0174712090264326,0.5256934579969901
2025-07-24,bull,0.5,0.9985793315873921,0.49928966579369605
2025-07-25,bull,0.5,0.9831047662689958,0.4915523831344979
2025-07-28,bull,0.5166666666666667,0.9597127562836061,0.46386116553707624
2025-07-29,bull,0.5166666666666667,0.9390024435424622,0.45385118104552336
2025-07-30,bull,0.5166666666666667,0.9147764817294218,0.4421419661692205
2025-07-31,bull,0.5333333333333333,0.8823109245150755,0.41174509810703525
2025-08-01,bull,0.5333333333333333,0.8498232059337574,0.39658416276908676
2025-08-04,bull,0.5333333333333333,0.8110053415676062,0.37846915939821624
2025-08-05,bull,0.5333333333333333,0.7628254910269652,0.35598522914591707
2025-08-06,bull,0.5333333333333333,0.6909233093138181,0.3224308776797818
2025-08-07,bull,0.5166666666666667,0.6925915220779792,0.3347525690043566
2025-08-08,bull,0.5,0.6931471805599453,0.34657359027997264
2025-08-11,normal,0.5,0.6931471805599453,0.34657359027997264
2025-08-12,bull,0.5,0.6931471805599453,0.34657359027997264
2025-08-13,bull,0.5,0.6931471805599453,0.34657359027997264
2025-08-14,normal,0.5,0.6931471805599453,0.34657359027997264
2025-08-15,bull,0.5,0.6931471805599453,0.34657359027997264
2025-08-18,normal,0.5166666666666667,0.6925915220779792,0.3347525690043566
2025-08-19,bull,0.5,0.6931471805599453,0.34657359027997264
2025-08-20,normal,0.5166666666666667,0.6925915220779792,0.3347525690043566
2025-08-21,normal,0.5166666666666667,0.6925915220779792,0.3347525690043566
2025-08-22,normal,0.5333333333333333,0.6909233093138181,0.3224308776797818
2025-08-25,normal,0.5333333333333333,0.6909233093138181,0.3224308776797818
2025-08-26,normal,0.55,0.6881388137135884,0.30966246617111476
2025-08-27,normal,0.5666666666666667,0.6842317651303003,0.29650043155646344
2025-08-28,normal,0.5833333333333334,0.6791932659915256,0.2829971941631357
2025-08-29,normal,0.5833333333333334,0.6791932659915256,0.2829971941631357
2025-09-02,normal,0.6,0.6730116670092565,0.26920466680370264
2025-09-03,normal,0.6,0.6730116670092565,0.26920466680370264
2025-09-04,normal,0.6,0.6730116670092565,0.26920466680370264
2025-09-05,normal,0.5833333333333334,0.6791932659915256,0.2829971941631357
2025-09-08,normal,0.5833333333333334,0.6791932659915256,0.2829971941631357
2025-09-09,normal,0.5833333333333334,0.6791932659915256,0.2829971941631357
2025-09-10,normal,0.5666666666666667,0.6842317651303003,0.29650043155646344
2025-09-11,normal,0.5666666666666667,0.6842317651303003,0.29650043155646344
2025-09-12,normal,0.5666666666666667,0.6842317651303003,0.29650043155646344
2025-09-15,normal,0.5666666666666667,0.6842317651303003,0.29650043155646344
2025-09-16,normal,0.5666666666666667,0.6842317651303003,0.29650043155646344
2025-09-17,normal,0.5666666666666667,0.6842317651303003,0.29650043155646344
2025-09-18,normal,0.5666666666666667,0.6842317651303003,0.29650043155646344
2025-09-19,normal,0.5666666666666667,0.6842317651303003,0.29650043155646344
2025-09-22,normal,0.5666666666666667,0.6842317651303003,0.29650043155646344
2025-09-23,normal,0.5833333333333334,0.6791932659915256,0.2829971941631357
2025-09-24,normal,0.6,0.6730116670092565,0.26920466680370264
2025-09-25,normal,0.5833333333333334,0.6791932659915256,0.2829971941631357
2025-09-26,normal,0.5833333333333334,0.6791932659915256,0.2829971941631357
2025-09-29,normal,0.5833333333333334,0.6791932659915256,0.2829971941631357
2025-09-30,normal,0.6,0.6730116670092565,0.26920466680370264
2025-10-01,normal,0.6,0.6730116670092565,0.26920466680370264
2025-10-02,normal,0.6166666666666667,0.6656723999853216,0.25517441999437324
2025-10-03,normal,0.6333333333333333,0.6571577614973405,0.24095784588235822
2025-10-06,normal,0.65,0.6474466390346325,0.22660632366212136
2025-10-07,normal,0.6333333333333333,0.6571577614973405,0.24095784588235822
2025-10-08,normal,0.6333333333333333,0.6571577614973405,0.24095784588235822
2025-10-09,normal,0.6166666666666667,0.6656723999853216,0.25517441999437324
2025-10-10,normal,0.6333333333333333,0.6571577614973405,0.24095784588235822
2025-10-13,normal,0.65,0.6474466390346325,0.22660632366212136
2025-10-14,normal,0.6666666666666666,0.6365141682948128,0.2121713894316043
2025-10-15,normal,0.6666666666666666,0.6365141682948128,0.2121713894316043
2025-10-16,normal,0.6833333333333333,0.6243313065714509,0.1977049137476261
2025-10-17,normal,0.7,0.6108643020548935,0.1832592906164681
2025-10-20,normal,0.7,0.6108643020548935,0.1832592906164681
2025-10-21,normal,0.7166666666666667,0.5960740318257864,0.1688876423506395
2025-10-22,normal,0.7166666666666667,0.5960740318257864,0.1688876423506395
2025-10-23,normal,0.7166666666666667,0.5960740318257864,0.1688876423506395
2025-10-24,normal,0.7166666666666667,0.5960740318257864,0.1688876423506395
2025-10-27,normal,0.7,0.6108643020548935,0.1832592906164681
2025-10-28,normal,0.6833333333333333,0.6243313065714509,0.1977049137476261
2025-10-29,normal,0.6833333333333333,0.6243313065714509,0.1977049137476261
2025-10-30,normal,0.6833333333333333,0.6243313065714509,0.1977049137476261
2025-10-31,normal,0.6833333333333333,0.6243313065714509,0.1977049137476261
2025-11-03,normal,0.6833333333333333,0.6243313065714509,0.1977049137476261
2025-11-04,normal,0.7,0.6108643020548935,0.1832592906164681
2025-11-05,normal,0.7,0.6108643020548935,0.1832592906164681
2025-11-06,normal,0.7166666666666667,0.5960740318257864,0.1688876423506395
2025-11-07,normal,0.7333333333333333,0.5799151714181009,0.1546440457114936
2025-11-10,normal,0.7166666666666667,0.5960740318257864,0.1688876423506395
2025-11-11,normal,0.7,0.6108643020548935,0.1832592906164681
2025-11-12,normal,0.7,0.6108643020548935,0.1832592906164681
2025-11-13,normal,0.7,0.6108643020548935,0.1832592906164681
2025-11-14,normal,0.7,0.6108643020548935,0.1832592906164681
2025-11-17,normal,0.7,0.6108643020548935,0.1832592906164681
2025-11-18,normal,0.7,0.6108643020548935,0.1832592906164681
2025-11-19,normal,0.7,0.6108643020548935,0.1832592906164681
2025-11-20,normal,0.7,0.6108643020548935,0.1832592906164681
2025-11-21,normal,0.6833333333333333,0.689625455938641,0.21838139438056964
2025-11-24,normal,0.7,0.675232048607815,0.20256961458234454
2025-11-25,normal,0.7,0.675232048607815,0.20256961458234454
2025-11-26,normal,0.7,0.675232048607815,0.20256961458234454
2025-11-28,normal,0.7166666666666667,0.6594608200444394,0.18684723234592449
2025-12-01,normal,0.7333333333333333,0.6422596137398234,0.1712692303306196
2025-12-02,normal,0.75,0.6235676513174672,0.1558919128293668
2025-12-03,normal,0.75,0.6235676513174672,0.1558919128293668
2025-12-04,normal,0.7666666666666667,0.6033137974637949,0.14077321940821877
2025-12-05,normal,0.7666666666666667,0.6033137974637949,0.14077321940821877
2025-12-08,normal,0.75,0.6235676513174672,0.1558919128293668
2025-12-09,normal,0.75,0.6235676513174672,0.1558919128293668
2025-12-10,normal,0.75,0.6235676513174672,0.1558919128293668
2025-12-11,normal,0.75,0.6235676513174672,0.1558919128293668
2025-12-12,normal,0.7666666666666667,0.6033137974637949,0.14077321940821877
2025-12-15,normal,0.7833333333333333,0.5814142775916215,0.12597309347818464
2025-12-16,normal,0.8,0.55776962014942,0.11155392402988397
2025-12-17,normal,0.7833333333333333,0.5814142775916215,0.12597309347818464
2025-12-18,normal,0.7833333333333333,0.5814142775916215,0.12597309347818464
2025-12-19,normal,0.7833333333333333,0.5814142775916215,0.12597309347818464
2025-12-22,normal,0.7666666666666667,0.6033137974637949,0.14077321940821877
2025-12-23,normal,0.7666666666666667,0.6033137974637949,0.14077321940821877
2025-12-24,normal,0.75,0.6235676513174672,0.1558919128293668
2025-12-26,normal,0.7333333333333333,0.6422596137398234,0.1712692303306196
2025-12-29,normal,0.7333333333333333,0.6422596137398234,0.1712692303306196
2025-12-30,normal,0.7333333333333333,0.6422596137398234,0.1712692303306196
2025-12-31,normal,0.7333333333333333,0.6422596137398234,0.1712692303306196
2026-01-02,normal,0.75,0.6235676513174672,0.1558919128293668
2026-01-05,normal,0.75,0.6235676513174672,0.1558919128293668
2026-01-06,normal,0.7666666666666667,0.6033137974637949,0.14077321940821877
2026-01-07,normal,0.7666666666666667,0.6033137974637949,0.14077321940821877
2026-01-08,normal,0.7666666666666667,0.6033137974637949,0.14077321940821877
2026-01-09,normal,0.7666666666666667,0.6033137974637949,0.14077321940821877
2026-01-12,normal,0.7666666666666667,0.6033137974637949,0.14077321940821877
2026-01-13,normal,0.7666666666666667,0.6033137974637949,0.14077321940821877
2026-01-14,normal,0.7666666666666667,0.6033137974637949,0.14077321940821877
2026-01-15,normal,0.7666666666666667,0.6033137974637949,0.14077321940821877
2026-01-16,normal,0.75,0.6235676513174672,0.1558919128293668
2026-01-20,normal,0.75,0.6235676513174672,0.1558919128293668
2026-01-21,normal,0.75,0.6235676513174672,0.1558919128293668
2026-01-22,normal,0.7666666666666667,0.6033137974637949,0.14077321940821877
2026-01-23,normal,0.7833333333333333,0.5814142775916215,0.12597309347818464
2026-01-26,normal,0.8,0.55776962014942,0.11155392402988397
2026-01-27,normal,0.8,0.55776962014942,0.11155392402988397
2026-01-28,normal,0.8,0.55776962014942,0.11155392402988397
2026-01-29,normal,0.8,0.55776962014942,0.11155392402988397
2026-01-30,normal,0.8,0.55776962014942,0.11155392402988397
2026-02-02,normal,0.8,0.55776962014942,0.11155392402988397
2026-02-03,normal,0.8,0.55776962014942,0.11155392402988397
2026-02-04,normal,0.8,0.55776962014942,0.11155392402988397
2026-02-05,normal,0.8,0.55776962014942,0.11155392402988397
2026-02-06,normal,0.8166666666666667,0.532260469932748,0.09758108615433714
2026-02-09,normal,0.8333333333333334,0.504741704431546,0.08412361740525764
2026-02-10,normal,0.85,0.4750339021824457,0.07125508532736687
2026-02-11,normal,0.85,0.4750339021824457,0.07125508532736687
2026-02-12,normal,0.85,0.4750339021824457,0.07125508532736687
2026-02-13,normal,0.85,0.4750339021824457,0.07125508532736687
2026-02-17,normal,0.85,0.4750339021824457,0.07125508532736687
2026-02-18,normal,0.85,0.4750339021824457,0.07125508532736687
2026-02-19,normal,0.85,0.4750339021824457,0.07125508532736687
2026-02-20,normal,0.8666666666666667,0.39267446722755217,0.05235659563034028
2026-02-23,normal,0.8666666666666667,0.39267446722755217,0.05235659563034028
2026-02-24,normal,0.8666666666666667,0.39267446722755217,0.05235659563034028
2026-02-25,normal,0.8666666666666667,0.39267446722755217,0.05235659563034028
2026-02-26,normal,0.8666666666666667,0.39267446722755217,0.05235659563034028
2026-02-27,normal,0.8666666666666667,0.39267446722755217,0.05235659563034028
2026-03-02,normal,0.8666666666666667,0.39267446722755217,0.05235659563034028
2026-03-03,normal,0.8666666666666667,0.39267446722755217,0.05235659563034028
2026-03-04,normal,0.85,0.4750339021824457,0.07125508532736687
2026-03-05,normal,0.85,0.4750339021824457,0.07125508532736687
2026-03-06,normal,0.8666666666666667,0.4429104887284104,0.059054731830454704
2026-03-09,normal,0.8666666666666667,0.4429104887284104,0.059054731830454704
2026-03-10,normal,0.8666666666666667,0.4429104887284104,0.059054731830454704
2026-03-11,normal,0.8666666666666667,0.4429104887284104,0.059054731830454704
2026-03-12,normal,0.8666666666666667,0.4429104887284104,0.059054731830454704
2026-03-13,normal,0.85,0.5021650176646391,0.07532475264969588
2026-03-16,normal,0.85,0.5021650176646391,0.07532475264969588
2026-03-17,normal,0.8666666666666667,0.4676524865100599,0.062353664868007974
2026-03-18,normal,0.8666666666666667,0.4676524865100599,0.062353664868007974
2026-03-19,normal,0.8666666666666667,0.4808828989819498,0.06411771986425996
2026-03-20,normal,0.8833333333333333,0.4399031334096616,0.0513220322311272
2026-03-23,normal,0.8833333333333333,0.4399031334096616,0.0513220322311272
2026-03-24,normal,0.9,0.3887343902209295,0.03887343902209294
2026-03-25,normal,0.9,0.3701390942780787,0.037013909427807856
2026-03-26,normal,0.9,0.3701390942780787,0.037013909427807856
2026-03-27,normal,0.8833333333333333,0.4080774249949209,0.047609032916074115
2026-03-30,normal,0.8666666666666667,0.4429104887284104,0.059054731830454704
2026-03-31,normal,0.8666666666666667,0.4429104887284104,0.059054731830454704
2026-04-01,normal,0.8666666666666667,0.4429104887284104,0.059054731830454704
2026-04-02,normal,0.8666666666666667,0.4429104887284104,0.059054731830454704
2026-04-06,normal,0.8666666666666667,0.4429104887284104,0.059054731830454704
2026-04-07,normal,0.8666666666666667,0.4429104887284104,0.059054731830454704
2026-04-08,normal,0.85,0.4750339021824457,0.07125508532736687
2026-04-09,normal,0.85,0.4750339021824457,0.07125508532736687
2026-04-10,normal,0.85,0.4750339021824457,0.07125508532736687
2026-04-13,normal,0.8333333333333334,0.533961612789336,0.08899360213155598
2026-04-14,normal,0.8166666666666667,0.5838351654410386,0.10703644699752377
2026-04-15,normal,0.8166666666666667,0.5838351654410386,0.10703644699752377
2026-04-16,normal,0.8,0.6277052571971504,0.12554105143943006
2026-04-17,normal,0.7833333333333333,0.6670169092890683,0.14452033034596481
2026-04-20,normal,0.7666666666666667,0.7026180057670108,0.16394420134563584
2026-04-21,normal,0.7666666666666667,0.7026180057670108,0.16394420134563584
2026-04-22,normal,0.7666666666666667,0.7026180057670108,0.16394420134563584
2026-04-23,normal,0.75,0.7350659719472628,0.1837664929868157
2026-04-24,normal,0.75,0.7350659719472628,0.1837664929868157
2026-04-27,normal,0.7333333333333333,0.7647544195674196,0.2039345118846453
2026-04-28,normal,0.7166666666666667,0.7919752538173033,0.22439298858156925
2026-04-29,normal,0.7,0.8169527750340906,0.24508583251022723
2026-04-30,normal,0.7,0.8169527750340906,0.24508583251022723
2026-05-01,normal,0.6833333333333333,0.8398639777371444,0.26595692628342904
2026-05-04,normal,0.6833333333333333,0.8398639777371444,0.26595692628342904
2026-05-05,normal,0.6833333333333333,0.8398639777371444,0.26595692628342904
2026-05-06,normal,0.6666666666666666,0.8608513906312316,0.2869504635437439
2026-05-07,normal,0.6666666666666666,0.8608513906312316,0.2869504635437439
2026-05-08,normal,0.65,0.8800315925638529,0.30801105739734846
2026-05-11,normal,0.65,0.8800315925638529,0.30801105739734846
2026-05-12,normal,0.65,0.8800315925638529,0.30801105739734846
2026-05-13,normal,0.6333333333333333,0.8975010785945179,0.3290837288179899
2026-05-14,normal,0.6166666666666667,0.9133404269252983,0.3501138303213643
2026-05-15,normal,0.6,0.9276173343271816,0.37104693373087266
